Date,SMB,HML
20150105,-0.09195601968314758,-0.39225541119240354
20150106,-0.3357278413041651,-0.8797710354408078
20150107,-0.9035069240976311,-0.04905440476428809
20150108,-0.30441369988080874,-0.3342554724190888
20150109,-0.02759973130848411,-0.27357596298444514
20150112,0.6279119020425532,0.37549383011665477
20150113,-0.4699952768708814,-0.19880401310810514
20150114,0.3030628035115911,-0.4028702929100788
20150115,-0.050224461859799036,0.06744583232048068
20150116,0.4579162648986794,-0.3573400447843468
20150119,-0.4788882631693016,-0.5472784418980222
20150120,-0.528162344473925,-1.030898389471788
20150121,-0.23261401824295766,-0.9355662616731582
20150122,-0.7890198243051344,0.4899762786234012
20150123,-0.5120079645020129,-0.3070116868722755
20150126,0.7092045939765452,0.08532838913177278
20150127,-0.006496739305455329,0.10745549109972344
20150128,0.2516880363074658,1.2027494114492319
20150129,0.350579837963002,-0.06960277651009458
20150130,-0.1925671399709217,-0.24719824178098207
20150202,0.00017563591679717327,-0.12428203762481177
20150203,-0.22863027984947945,-0.07672696536029254
20150204,-0.3015286320510665,-0.8495494032955434
20150205,0.8522496286417802,0.07749346990489503
20150206,-0.30128240653678423,-0.5506334312191703
20150209,0.011520119703145506,-0.2214135519088836
20150210,0.8256859698214264,-0.8224856490892791
20150211,0.5421158383075348,-0.6162558981274938
20150212,0.31259172029784044,-1.0530428567578285
20150213,-0.45500159214754005,-0.24293182364490354
20150216,0.3146380390711395,-0.5790324614400157
20150217,-0.8644476238169383,-0.5411545794926117
20150218,-0.6609646766530325,-0.1569862946801703
20150220,0.05713401201832952,0.015458988012578834
20150223,0.2096078363116499,-0.18352298838430645
20150224,-0.4769279576236866,-0.7718901214756301
20150225,-0.886736645807263,-0.2482394759393689
20150226,0.4335624886094239,0.5075157760617973
20150227,0.7214492495411254,0.29960660807477596
20150302,-0.11556481211406634,-0.7446378716712811
20150303,-0.04975114724899781,-0.1790863259639845
20150304,-0.31066165107861815,-0.12080744770969365
20150305,1.7935714360590975,-1.3230995536784766
20150306,-0.1887250689422442,-0.8561604333618723
20150309,0.4216007756699535,-0.33257021170706536
20150310,-0.13651909121921257,-0.6637296098216816
20150311,0.5015979925145098,-0.5896004744629079
20150312,0.19759124578662288,0.06157947009364859
20150313,0.19604843820348383,0.010183340007142147
20150316,-0.6037580472040874,-0.4477497695615331
20150317,-0.38563442150643223,0.7050387732174925
20150318,0.03090313665101152,0.28182842086494564
20150319,-0.06557019470999113,-0.1295895715755521
20150323,-0.1210333782077121,-0.22859384389423862
20150324,-0.9376015356698998,-0.38798173865285995
20150325,0.21378337980255827,-0.9528905712203646
20150326,0.13160702076937683,0.5708651637520068
20150327,-0.1476896433722513,0.207245128417165
20150330,-0.013697488330856843,-0.3089137928351091
20150331,-1.0247284210425671,-0.37445260658137086
20150401,0.9622340976734681,-0.4803484282949251
20150402,0.1539083847584189,-0.1522863489263564
20150406,0.5576321163108741,-1.4393050762727733
20150407,-0.40488719790080063,0.45452966089798186
20150408,0.42274512725259483,0.4890154158979431
20150409,0.1321255806721355,0.3871625406764291
20150410,0.07557389071152237,0.0689437109858808
20150413,0.6871799610886485,0.5598265960681337
20150414,0.6149548514224333,-0.5176260962668733
20150415,-0.6139729569087624,0.018116911501401146
20150416,-0.014332247586767922,0.23818970296564262
20150417,0.10293690580097314,0.2966296275787625
20150420,-0.04687512818331977,-0.16578893414356963
20150421,-0.505870966038628,-0.31737293759595664
20150422,0.007495804651902645,0.0313590027862619
20150423,0.4699415163245426,-0.020969638992963814
20150424,-0.29169927335365503,-0.13471175768946594
20150427,1.8593203822302669,-1.6677614475834663
20150428,-0.14981807142046696,0.327610744466293
20150429,1.1773446994230232,0.8088786530079759
20150430,-0.7533758390773195,1.8336852177509884
20150504,-0.951371679776889,-1.0682523549574685
20150505,-0.258641922097405,0.014633521258322017
20150506,-0.30552269395690873,0.21932950151830288
20150507,0.2962809337405371,0.018577020918096425
20150508,-0.17184735731250803,-0.8241025611424898
20150511,0.3337772868499393,0.07461071839365961
20150512,-0.6722624071075141,0.0803605530402381
20150513,-0.796764288857353,0.2956704376523314
20150515,0.6037414138766907,-0.007944054696279564
20150518,-0.4824057469560229,0.6318244059418913
20150519,-0.5954222970786621,0.43288541088942306
20150520,-0.3746403522615636,-0.4791807024304962
20150521,-0.006458159847867002,-0.015071570114307778
20150522,0.042293286911907556,0.10782317391994156
20150525,0.434145348291948,-0.7011469082356362
20150526,-0.026942279667354144,-0.733396990474532
20150527,0.6941735338345535,0.3072933346344863
20150528,0.7030217674399585,-0.3903951729640113
20150529,1.615961788844991,-1.4628618973447525
20150601,-0.05125824227678894,-0.8455553062038403
20150603,0.6870826805850797,0.26297641078356015
20150604,-0.10882307193802428,-0.7747483236665189
20150605,0.005860106119103328,-0.2565979252748068
20150608,0.6554012947548825,-0.15624162719901913
20150609,1.7054863713363517,-0.8106973069397986
20150610,-0.6522722714287615,-0.2320120791669104
20150611,0.24294613890240876,-0.20701298096175166
20150612,-0.48975980672660974,0.04502339307667167
20150615,1.1467846444901106,-0.335280583776632
20150616,0.21843315026403443,-0.507072024956599
20150617,-0.8378534738783167,-0.19526930848893614
20150618,0.22955939970010358,-0.61953805920793
20150619,-0.48430418352390303,0.19177824798699344
20150622,0.26769026629860265,-0.4911687492059138
20150623,0.3257165803868316,0.090292624127554
20150624,0.5246086776906731,-0.5512957696682386
20150625,0.0030673619463468093,0.8445334044660139
20150626,-0.14158294767987917,0.18357343372723475
20150629,0.10259572478022641,0.2058983758362165
20150630,-0.019361496149040286,-0.20946757241851327
20150701,0.22089703771972619,0.0808352858257031
20150702,-0.15025062626216876,-0.31982606706649835
20150703,-0.6866216880161409,-0.005572028406479121
20150706,0.549200152271588,0.0007806847222612337
20150707,0.16662384575638717,0.05956840837310592
20150708,0.7741614472168489,-0.07978282800493106
20150709,0.05155858854032618,-0.06433763329751849
20150710,-0.10162471359837938,-0.50724004329432
20150713,-0.45561044655727445,0.48092347725868206
20150714,0.7555957711221372,-1.0954809883234253
20150715,0.3014663783497331,-0.5000897027785608
20150722,-0.11902243307323043,-0.8243815395661562
20150723,-0.08705923717503924,-0.2633207281605099
20150724,1.2224322537387875,-0.10462747495406602
20150727,0.7713955059505686,0.5126640718587228
20150728,0.727238913523928,-0.4974512563020934
20150729,-0.07670549077018864,-0.2028738231566612
20150730,0.8508933943643326,-0.2651145881871826
20150731,-0.8657464597506326,-1.3739744141767778
20150803,-0.41867433926898906,-0.0856322002710453
20150804,0.08943949152472257,0.73983968125276
20150805,-1.0315388031368888,0.42794279087867965
20150806,1.5494796745017205,-1.1393413050687824
20150807,0.2910228890948426,-0.5304394453243915
20150810,0.4009145191717427,-0.3052927817789013
20150811,1.522174319528501,0.35780230454563744
20150812,1.4346911231040076,-1.1716941864327832
20150813,-0.8664133204034782,-0.24315801672869336
20150814,0.34273759308707163,-0.15923568818511177
20150818,1.1334399652964848,-0.5043935972378066
20150819,-0.3060618002849774,0.7995279219297954
20150820,-0.2016308141169959,-0.34271356733845837
20150821,1.214057307562175,0.14922069426779455
20150824,2.0892803089869427,-1.875830567048988
20150825,-1.0310039157369963,-0.19208365202725053
20150826,0.28292030158477827,-1.0264035243302656
20150827,-2.2258810795376607,-1.6319459470516902
20150828,-0.4710389762906231,-0.13102809437110144
20150831,-0.8181619271229601,-0.00412484244063753
20150901,1.396654889852218,0.8010887993331035
20150902,0.019749555129557343,0.3221713668853645
20150903,-0.003844346645558161,0.3147525342406256
20150904,0.34446999387784855,-0.415829788181926
20150907,1.2097803402953937,-0.694485960092309
20150908,-0.9858515533555552,1.233582884834033
20150909,-0.10449583934604213,-0.6416489173974034
20150910,0.7324975208378132,-0.3589487527066279
20150911,-0.21849536292797583,-0.04993619961950195
20150914,0.2512657210816873,-1.3692228466979077
20150915,1.1567742324944121,0.13207442106320344
20150916,0.06480346943125324,0.36768100946625
20150917,-0.7320379542744502,-0.5753156703625423
20150918,0.6500292565522642,-0.7892478701109416
20150921,-0.2752735934337302,0.7302897003687226
20150922,-0.47254309844827497,1.0202229056749916
20150923,1.5077599404548954,-0.034744649479756876
20150925,0.4213251399522085,0.25274346530324576
20150928,1.1559205941672461,0.42755715560571833
20150929,-1.6014138544326546,-0.0344796018239544
20150930,-0.45721752787461184,0.004732811694286437
20151001,-1.009851937793972,0.1844070823880984
20151002,-0.45691294118590453,0.6231910101703699
20151005,-2.2015467827960653,-0.6323161363945149
20151006,-1.5428269078658896,-1.1635696858144096
20151007,-0.36091731155689705,0.7078945533315852
20151008,-0.3312513686856552,-0.2783050242995543
20151009,-1.4186839158942794,0.5351420222705078
20151012,-0.5945803716459844,-0.12436902076531044
20151013,1.7102377158456714,0.6752179042173783
20151016,0.13214976073349302,-1.2098906430399872
20151019,-0.5471557298913524,-0.5654992810489679
20151020,-2.2238351198728425,-2.8375974136230866
20151021,-0.32072910356649137,-0.15974116991487797
20151022,0.3078632144205587,0.19208132483432375
20151023,-0.9632245196238133,0.7750980047922055
20151026,-0.39513996075906144,0.8344665101172833
20151027,0.38776493274786283,0.46691734577320393
20151028,0.5691095743710288,-0.56819418739574
20151029,1.4253076853669957,0.7834690416526886
20151030,0.7808525432318097,0.06674401160926412
20151102,-0.6485704068131445,0.10073306650900633
20151103,-0.8646473456330545,-0.35646474077933205
20151104,-1.1974531656502576,-1.5895675544277301
20151105,1.0910285961633972,0.19192779886561356
20151106,0.43848937200883126,0.18025789750867158
20151109,1.0707829002272062,-0.7445874658274776
20151110,0.4373365473413979,0.22117636554058695
20151111,1.3633672221517816,-1.470301324177379
20151112,0.3548823815572804,0.2298639319746166
20151113,0.330658185692833,-1.267998281693508
20151116,0.2273174264454717,0.5571724620119295
20151117,-0.8494078434301142,-0.9939581982960981
20151118,0.27682573483824807,0.11088355806487583
20151119,-1.1592565992012338,1.3283782110969538
20151120,-0.3741741471850069,-0.8587986808542378
20151123,0.6324168083672028,-0.4991881377923219
20151124,0.3742142201973801,0.07236741439374313
20151125,-0.5504825734562643,-0.6332950857927009
20151126,-0.2021364327234894,-0.48006405384275624
20151127,0.5704483079987823,-0.2882427599169149
20151130,1.967115559927312,-0.0201632464203811
20151201,-1.2470911714682473,-1.0223239949556702
20151202,-0.05161041014826544,-0.021802791042524267
20151203,0.3777105526461443,-0.5338533716721323
20151204,0.9173589380197864,0.1335597712504755
20151207,-0.20554764181931026,-0.3807102192082443
20151208,1.0501541458930719,-0.2352574193824293
20151210,0.2582186245690345,-0.3568214466962535
20151211,0.8449961198267125,0.21074451593571988
20151214,0.9758974480667275,-0.5258771556359112
20151215,-0.5167509713605909,-0.5436911264659793
20151216,-1.3856737150854648,-0.3873518985390122
20151217,-0.6569382228472865,-0.966409187718609
20151218,1.971276234843966,-0.7416757696023581
20151221,-0.44512153741606875,0.30972561699885504
20151222,0.13643593645906743,-1.5861429579549817
20151223,0.2889134184958226,-0.0003304917697342577
20151228,0.9670109691802776,-1.3920002626224541
20151229,-0.20036209785179887,0.3988275215924663
20151230,0.1687610751677423,-0.6030681299229146
20160104,0.8053531270654354,-0.43027077223855537
20160105,-0.9118154494288584,-0.01953339111346441
20160106,-0.351943007009527,-1.3861329272191256
20160107,0.8009544048455043,0.7209768489150484
20160108,-0.41970225488178037,-0.27485206293315845
20160111,0.7715419835380367,0.9795926007778211
20160112,-0.33219471185595645,-1.176283861653538
20160113,0.04294551403510375,-0.943693469953054
20160114,0.5203050502358404,0.5557372634135168
20160115,-0.03243665925023931,-0.37793595977552363
20160118,0.44879049220455053,0.5277657713695375
20160119,-0.31444650434271965,-0.8302606574889811
20160120,1.1115996559740011,-0.2584276205586222
20160121,-0.9339353190336306,1.18885914653264
20160122,-0.6049751737775398,-0.3401026165689395
20160125,-0.9794466711193285,-0.6442866652372901
20160126,0.10345323646413271,-0.5708509372937143
20160127,-2.210468773898077,1.0200879970332664
20160128,-0.4311912356152336,-0.19739856265496047
20160129,1.1293353103500066,-2.1744591844953605
20160201,-0.1641699003388138,0.4159003544513486
20160202,0.041990714427868336,1.2520750615428444
20160203,-0.2200733535498106,0.03341007765592561
20160204,-0.9187702500887487,-0.27776839212466514
20160205,-1.3141544697226093,-1.571359573200044
20160209,-0.30875969723221147,1.702343164271856
20160210,0.5725506583069442,0.28763516540756934
20160211,-0.45445194086852125,-0.05367096149686314
20160212,0.5863272880871025,0.14018909008603347
20160215,-0.07592366672682536,0.7921423188773387
20160216,-0.15577255113543997,0.22484959157391388
20160217,-0.4365860560764167,0.32521731348954697
20160218,-0.7104224766708137,0.5863654540275017
20160219,0.9613095520211565,0.5513425434584293
20160222,-0.3775224767380082,0.550112197167618
20160223,1.150638572658366,0.13164586831206204
20160224,0.765543258088279,-0.39846697996723296
20160225,0.022572126441140802,-0.07195956303413563
20160226,-1.1781653777511876,-0.33548892063970015
20160229,-0.009867597137624626,0.05802317708221631
20160301,-0.5900256354851416,0.2343633279825409
20160302,-1.1169262340125232,0.14983259323637443
20160303,-0.18122607672719415,-0.5248952527997784
20160304,-1.0730509120830596,1.6136002848057682
20160307,-0.5903555972646604,2.474411147546899
20160308,-0.7063480588912553,0.6372070071146884
20160310,0.1864945436622646,2.0634073592983104
20160311,-0.18124399897898996,0.10962262198192892
20160314,-1.0543670478711928,0.35783928638171997
20160315,0.580707744958997,0.575137482782924
20160316,0.5091110261711341,0.4932929122882398
20160317,-0.12921714833284745,1.244435318291866
20160318,0.8290967888566962,-1.3504328778690726
20160321,0.2612719959334522,0.881840361819693
20160322,1.1429286568117716,0.1494414171833212
20160323,0.44530539690898086,0.7908352515906716
20160324,0.357279195843912,-0.6022441260090159
20160328,1.0142643023483044,-0.9870288935140541
20160329,-0.18516040150996227,0.5394078986449915
20160330,0.43261897515901515,-0.8801948346150237
20160331,-0.11403854492228857,-1.6542746014076515
20160401,-0.45535939467813824,-0.07164461781984449
20160404,-0.42466522884230085,0.4153079980012746
20160405,0.5639206323459979,-0.47082247218569095
20160406,-0.7320608563397479,1.1205066530713026
20160407,-1.511858395068939,2.045053045806788
20160408,0.06882794807281098,0.8741826378551171
20160411,-0.36015373937347467,1.6968487879343912
20160412,-0.8477293028671701,0.18817996750940327
20160413,-0.21547298306247212,1.736734408351013
20160414,0.6767383732635524,-0.8923599027633561
20160415,0.05757181413497598,-1.182973697003025
20160418,-0.5889872174917571,0.673051159111942
20160419,-1.004450818388996,1.307620376429638
20160420,0.11496089461168606,0.5247494818354386
20160421,-1.0514716377689823,1.003261831427114
20160422,0.12628108153782433,0.3962455434422539
20160425,0.8544396679330607,0.5880934204857297
20160426,0.4589708117459612,1.1986566987616853
20160427,0.2517144227711645,-0.08032102228463495
20160428,0.29045506195347354,1.0695389862916178
20160429,-0.25386204010217994,-0.04562351337109834
20160502,-0.27399771230038666,0.601869368232006
20160503,-0.37018276495566077,1.1714375825254333
20160504,0.08609930030440259,-0.5647721827007948
20160509,-1.1487424627154559,-3.4137725369466083
20160510,0.780188439782587,-0.6465145366284678
20160511,-0.24844613448763814,0.007020500460753684
20160512,-0.1870234587649324,0.2160519610608016
20160513,0.6564168052734822,0.09000611354626252
20160516,0.9291708551398887,0.17538954706188037
20160517,0.5613490835357796,0.7291921129568929
20160518,0.062479676747351456,0.2798658039474528
20160519,0.7649893692889488,-1.089689505006918
20160520,0.3980039966263905,-0.19812624608897067
20160523,-0.468989060309402,0.22802469354513544
20160524,0.4484717682983937,-0.8615524388860442
20160525,-0.1877473633762651,-0.6786952874745573
20160526,-0.5208806222080441,0.5892143024595229
20160527,0.04910145921302343,-0.8806807971288709
20160530,0.21210935962581862,-0.9933248455488585
20160531,2.202326772131876,-2.605602601503112
20160601,-0.432953430776854,-0.4564961940714943
20160602,0.09070677865183241,0.10341389878672749
20160603,-0.5824074858330063,0.6292547407373461
20160606,-1.3457333996166614,0.1886046785320921
20160607,-1.1717436508239052,0.636813175034501
20160608,-0.8313985293497651,1.448265135827657
20160609,-0.08207685662390105,2.029688586550453
20160610,-0.04750806732457239,1.2720344146098361
20160613,0.034844915586133667,0.5732180936268487
20160614,-0.10550949013135835,-0.9083585701433827
20160615,-0.29395326446656544,0.6410073408735
20160616,-0.06601595645998595,0.6784501953519693
20160617,-0.2709083152351254,-0.09349346950096771
20160620,-0.6554790166917491,1.446318026076921
20160621,-0.5530354716438303,0.6500541046506702
20160622,-0.24905255010002153,-0.16353119819722578
20160623,0.5826092821027758,-1.2690993004861688
20160624,0.21392355127195012,-0.029273905467596187
20160627,0.30824436215967965,-0.5200674285137115
20160628,-0.0935949563756578,-0.7718676738003022
20160629,-0.2982194564829125,-0.00453550518481477
20160630,0.288388418746934,1.322067562206905
20160701,1.1357417354947834,0.4017883563558978
20160711,-1.7912651863076616,1.3181378336416654
20160712,-0.6476910308129314,2.2700021080032684
20160713,-1.3692806065540895,1.252424772799419
20160714,0.9000786405976294,0.8541839645627196
20160715,0.4663407277670324,0.16003133924693747
20160718,-1.1399336425218904,1.3651902143284944
20160719,-1.279628093625221,-0.2557419711792607
20160720,-0.4254527845655933,-0.6925173574579906
20160721,0.7119657701941643,0.712283651547279
20160722,0.20007793313406452,0.354017371328022
20160725,0.08706215970009745,0.3146493572535659
20160726,0.18693399253331658,-1.0798235194288897
20160727,-0.6787011288225062,0.7881040933310814
20160728,-0.5218462245496296,1.1112606745699796
20160729,1.0467415457855207,0.9425452772102842
20160801,-1.5510890897123213,-2.010837794353075
20160802,0.9640893713219559,-1.2458630471842962
20160803,0.9061218975694559,0.8307767540389208
20160804,-0.5381497452453526,0.8491201649058904
20160805,-1.0876139574212962,0.37533140369758183
20160808,-0.3780100305182519,1.2197498943073153
20160809,0.026246120448198566,1.3453918166134164
20160810,1.2184986297323324,0.5699194885699158
20160811,0.9232424171351287,-0.560867138159982
20160812,-0.4756567967671788,0.4476830593644931
20160815,0.8023465090443598,-0.9665516985089467
20160816,-0.04866882959307286,-0.03800905821413833
20160818,-1.7830246035059443,-0.14801602182063206
20160819,0.76247722572115,-1.0435061238031702
20160822,0.005412334063782491,0.1038199386917649
20160823,0.625044623736225,-1.0367446535685128
20160824,0.31195056703259016,1.5192160124262095
20160825,-1.1780728890161365,0.006205161309728684
20160826,0.23883346890998133,-1.4872151048479672
20160829,0.6909175212472184,-0.28715517795489426
20160830,-1.1686273043752846,-0.06602502244041183
20160831,0.2078822785881067,0.35992564342622135
20160901,0.4985360806157523,0.5106191337064406
20160902,-0.06082228072273811,-0.37609180278483123
20160905,-0.1254443249297568,0.41568225321463803
20160906,-0.531384163356252,-0.4235676672328689
20160907,-0.624581080180153,0.5808122426709759
20160908,0.11842701458795969,1.7487964941235383
20160909,0.6371191888437849,0.46223118617548814
20160913,0.9854993347821361,-2.6820749654149383
20160914,0.5854354087589599,-1.1434202515793623
20160915,-1.6102025847029084,-0.11078617171159343
20160916,0.5543841909931065,-0.9951047041551734
20160919,0.04025686357429885,-0.6580220626777397
20160920,0.16881086359362388,-0.15403501987044124
20160921,-1.0332825239965082,0.8300409714404606
20160922,-1.2020982028690599,1.3599502850208365
20160923,-0.23115376908919394,0.309309848464476
20160926,0.043837641236814384,-0.25526858032127975
20160927,-2.314505131305161,1.9870025858786662
20160928,0.18310837620736053,1.4141045151679972
20160929,-0.6369747715317574,2.5602518655535174
20160930,0.8989541721553603,-0.1344259255884557
20161003,-2.079011011355605,1.1921816001482235
20161004,-0.4804069379268578,-0.6166876981204266
20161005,1.8481850267867856,-0.25366961064883525
20161006,-0.8455325107878223,0.8355222602451281
20161007,0.7296964159717476,0.692078318388269
20161010,0.22277864763357216,-0.3333043704333203
20161011,-1.3989226355631748,0.8227929681368297
20161012,-0.030250910406830894,1.194579629301824
20161013,0.23564371146494878,0.29148824167787024
20161014,-0.7856028014670736,-0.8463930822911725
20161017,0.1903704329441167,1.4603659515738392
20161018,-0.4106663034548433,-0.017184632838882483
20161019,-0.7668283609939484,2.007518519486391
20161020,0.12158691542482267,0.5184478788057968
20161021,-0.17188022058845237,-0.24739014482897653
20161024,0.06738571299029086,0.8397807672552675
20161025,0.7211090482583469,1.7459921814029828
20161026,0.05910389109395199,1.7364751980060371
20161027,-1.449262257501494,0.7324582281278618
20161028,0.05873720454787565,-0.8757244696598249
20161031,-0.42233759523905395,1.0410246739189453
20161101,-0.4350591623689211,0.8137403821954877
20161102,-1.025933033971189,0.9834297550122671
20161103,0.7884559221630039,-0.5539214671376056
20161104,-0.9885821602035855,1.0514383159380492
20161107,-0.6486277689742539,1.0957670740247833
20161108,-0.8413690703638316,-0.3689033087522999
20161109,0.7716680923245132,-0.46516829033288154
20161110,-0.9405187306280985,2.8314667268124656
20161111,1.6163755745799067,1.1269555375719447
20161114,1.6846686317434774,0.4872468695462229
20161115,1.2512305537519695,-3.979805195959993
20161116,-2.0207049950203992,1.7143303182824463
20161117,0.9336794424533134,-1.3653400333765762
20161118,0.9522243499721855,-0.6303767228720981
20161121,1.0347606632290387,1.9424437822876555
20161122,-1.5562064831450397,2.119432648867442
20161123,-0.16285410556033955,0.8115138778557028
20161124,2.1055336713115773,0.7601976085031023
20161125,0.4321873606599377,-0.030925855710142638
20161128,0.9864970444299629,1.1507846655898528
20161129,-0.6019023926206438,0.02909730134828736
20161130,0.076552643407299,-0.8325908661345955
20161201,-1.1009016032759384,-0.3190186111921185
20161202,-0.6789303687457504,1.1694156827553779
20161205,0.14337825752963954,1.1164067154097623
20161206,1.1442342412373072,-0.5969409378139229
20161207,-0.10225690334419087,-0.6838290813586815
20161208,-0.214691971796397,-0.7724494330007354
20161209,0.3603915346871388,-0.07354856296329085
20161213,0.11747969035768822,-0.2984907182283674
20161214,0.41770099613872985,1.104392340249322
20161215,-0.06385334956016331,0.303932215352553
20161216,0.11069573580285963,-0.17892268834087716
20161219,-0.24966864171453595,0.4361560084435343
20161220,1.1113094659342782,-0.7528211380850027
20161221,0.5278630519869966,-0.6392996271883682
20161222,1.1067427294948629,-1.3958932083608016
20161223,0.5706623348981823,1.1478505818319975
20161227,-0.28215922211391953,-0.9410069749583713
20161228,-0.20665432236300074,-1.6174759927249778
20161229,-1.1609992264074938,-0.8267875030421017
20161230,0.69733816587735,-1.42098404138762
20170103,-0.9676833984033218,1.6562366034737885
20170104,-0.30672021567486624,-0.2576855269774786
20170105,0.11705432593766031,-1.12225537209513
20170106,0.1686222566687199,1.076375742435617
20170109,1.1037155588908005,0.6468492734796036
20170110,-0.11682003095332616,1.050104717408777
20170111,-0.10290412275555669,1.3615145032205878
20170112,1.5860573482864293,0.3609622007574437
20170113,0.4391989050527698,-0.4301301627723751
20170116,0.679116962069995,0.4921384619741944
20170117,0.299478839942426,0.3300646743202061
20170118,-0.2158742768921115,0.5280319800749115
20170119,0.368070503228063,0.7474919444542238
20170120,1.8164832218707645,0.7124349869197648
20170123,0.16839294520721257,0.6739755314282662
20170124,0.10058835115499273,-0.4939854813629515
20170125,0.573860857557649,0.38043553445104605
20170126,0.4030862286885638,0.5510054943766657
20170127,0.451480244338904,1.2271353359549166
20170130,-0.1029350602875895,0.7059425078657949
20170131,0.5716763006533943,-0.23608255651586485
20170201,-1.2695263980534712,-0.16909696926532145
20170202,-1.1522770341764996,0.667814425675178
20170203,-0.7513467547115527,1.298319651360599
20170206,0.16922351852627698,-0.9385090449489545
20170207,0.6704624847699115,0.4109854246388074
20170208,0.05236426174054899,-0.11089063605522345
20170209,-1.3406844755356118,1.2634934453670001
20170210,-0.17742522516708742,0.33288612479378443
20170213,-0.3811630664370271,-0.2403521796418476
20170214,0.6196751702094369,-0.47860020610512466
20170216,-0.592884508541753,0.4122812418165048
20170217,-0.9672561485782117,-1.9251475426770484
20170220,-0.5870400599389294,0.4322659003800827
20170221,-1.653060511031565,-2.573349761714368
20170222,-0.1043997199416245,0.47248004916390346
20170223,0.897325112277959,0.3879514392895561
20170224,-0.31353936867490595,0.17990800331366869
20170227,-0.11692267428870323,-0.019801636884793392
20170228,0.2974778558332016,0.0024873635007208184
20170301,0.2914584693179703,1.3646059227735745
20170302,-0.45341302732628913,-0.6256257880827981
20170303,0.19983424119488963,0.38293156218022734
20170306,-0.8402816654374097,0.4953915902915786
20170307,-0.1460881004444599,1.2054486947565335
20170308,-0.17421719124834706,0.5541593205388957
20170309,0.2296922539906799,-0.41019326375260673
20170310,1.1942679046140934,-1.1909836752738803
20170313,0.5838492433862124,0.2242313698834122
20170314,-0.39826668497002765,0.47312657791973267
20170315,0.6046955844608006,0.24298241394313075
20170316,-0.9327382163430884,-0.17288156342736177
20170317,0.037159782582432514,0.7101100096877817
20170320,0.4419594614495484,0.7223847135573227
20170321,0.12781101789097263,1.1597126236713753
20170322,0.07808935447835372,0.030327919975540886
20170323,-0.019956025845596203,0.41860024914350724
20170324,-0.7656822544122843,0.48193126387042234
20170327,0.07734825194971157,0.048487158510210064
20170329,0.5595232198332875,-1.3575729154551
20170330,0.7795292582354613,-0.1738071393209125
20170331,1.781607033701145,-0.536426753751993
20170403,-1.8965141282447517,1.2399001708825808
20170404,-1.2519324774184344,1.2673783105214302
20170405,-0.46124397392157845,1.8621645567127247
20170406,-0.8259823180541356,0.33953527932023997
20170407,0.03849711404593616,-0.44939506635173954
20170410,0.9940527429977136,1.4004786814788666
20170411,0.40860677343933227,0.984722820363701
20170412,0.47735998177276434,-0.7492076352070841
20170413,-0.10340231686566952,-0.05356222779873774
20170417,0.7292146744010731,0.5788927122093113
20170418,-0.08988640406089725,-0.20165168341002748
20170420,0.9850287339721578,0.12584560713601256
20170421,0.26298474104150765,-2.0753797158957843
20170425,-0.47674992055599275,-0.13150256705698338
20170426,-0.01571161150488963,-0.6302317181486736
20170427,0.947377531160138,1.0369154435537216
20170428,1.0590565185396936,0.6391292516742515
20170502,0.42641539220411834,-0.7103599361927619
20170503,0.5763462382093709,-1.8453116317352705
20170504,-0.6414449562547696,0.07190655208150916
20170505,-0.25439696320278893,-0.6089477780144051
20170508,-0.555731956678318,1.5241220851569717
20170509,1.143900236136027,0.28308095209319134
20170510,1.2396406033371332,-2.232231048130881
20170512,0.9232914085851769,0.10848763952774743
20170515,-0.2706742202126987,-0.760515761723033
20170516,-0.08794940260255983,1.9519742441412247
20170517,1.2813718327012784,0.009198033935470858
20170518,0.33648165396779245,0.5464305010212502
20170519,-0.5602911798109456,1.1954964563725528
20170522,0.551137826172021,-0.11414766928178063
20170523,0.5007558817057726,0.06730692057164943
20170524,-0.17704248855790425,0.6005940786756376
20170526,-0.8291967240027454,-0.4810687162306133
20170529,-1.1107369895038277,-0.8193849708535145
20170530,0.9588102994837471,-0.4462295361145544
20170531,-1.695912597027707,1.2077979246114317
20170602,0.8391867113693934,0.0957309430613314
20170605,-0.6719252297020359,-0.23375802429289683
20170606,-0.13961145943788508,-0.0033899373862044616
20170607,0.05413618186848796,-0.13369369938889597
20170608,0.4528070912127676,-0.8542953107476497
20170609,0.6372564598121914,-1.2491825327422081
20170612,-0.12578723813414933,-1.8683063310812609
20170613,-0.8012459639058481,1.1118556203810186
20170614,-1.005465763437334,1.617555343646393
20170615,1.170162833098294,1.5622407903340412
20170616,0.9043447327917067,-1.141927084217458
20170619,-0.17079841432039505,-1.7375816895458258
20170620,0.38191861467665406,0.3821418950728893
20170621,-0.7434050552008975,-0.8438431066870311
20170622,0.7221456299819298,-1.3029135831402407
20170703,-1.5105515423014557,-0.14140427093454466
20170704,-0.46428108966193427,0.5493023901443973
20170705,0.6031956157837383,0.7130589710618869
20170706,-1.0349316060163183,0.9196507907173351
20170707,0.00929027463056559,-0.5296013937564318
20170710,0.46337807143092313,-0.4147913316675307
20170711,-0.0939156500873263,0.9508969461250256
20170712,-0.4349511686873432,0.46983650567441376
20170713,0.5407606393895704,-0.5147375763063202
20170714,-0.021213298965038742,0.3612348764311813
20170717,-1.195165513166047,0.9619294962468793
20170718,0.15792703900543698,0.4448501516367586
20170719,0.2715711769813992,-0.36011183555962933
20170720,-0.42504343050371723,0.9099733432637276
20170721,1.4437745488601168,0.23491680618112115
20170724,-0.7452905398025078,-1.211191418234936
20170725,-0.5157350041535478,-0.4717251886192963
20170726,-0.15503555639347907,0.4404014474626631
20170727,-0.21836952196923823,0.08240440200908906
20170728,-0.5322694730249006,-0.10990962947743439
20170731,0.5142518937274426,-0.04785673783285476
20170801,-0.17196568419975722,0.770542911886803
20170802,-0.3953822581874342,-0.6015707458062385
20170803,0.7103535635999193,-0.37548635605065034
20170804,0.44800371666088906,-0.14870106153584778
20170807,-0.007260185895905649,-0.02774416884515898
20170808,-1.0734607498620046,-0.7979656663794178
20170809,-0.9420491012781732,0.702722843349222
20170810,0.0026075598434240933,0.5302942406227248
20170811,0.4006873218235482,0.08578486226768636
20170814,-0.5013974816171217,0.3491946205213379
20170815,-0.10924676092150376,-0.1396421644229329
20170816,-0.052933161516777794,-0.9981260168364344
20170818,0.9651954609545562,-0.7513525462703232
20170821,0.04364562072065089,-0.0076007688813016505
20170822,-0.27776754985757074,0.4321194377470663
20170823,-0.13347236434306198,-0.5863447130063258
20170824,-0.07811283038482102,1.5090864687291692
20170825,0.20022449958122845,-0.617047501604785
20170828,-0.3879951557750876,0.2417554017173299
20170829,0.30320247738916944,-0.21494291414478517
20170830,-0.3431335103566757,0.4065009176109356
20170831,-0.13567355871882167,-0.6976448587606268
20170904,0.38881436212440834,-0.03410294149202783
20170905,-0.0471910984015592,-0.41970100173860037
20170906,-0.28485478437256323,0.9995772904785292
20170907,-0.40555685151310167,0.900916787922218
20170908,-0.26886884716012677,-0.4166206450763446
20170911,-0.1551621340836207,0.6963072578513672
20170912,-0.26684719803831985,0.03452338256855628
20170913,-0.03046998357796333,0.6412371012325995
20170914,-0.12120201348970877,0.6541121721770569
20170915,-0.48204214270352413,0.16366336733253384
20170918,-0.378566401406779,0.5726692320533282
20170919,-0.32877926592998613,0.9277322536114126
20170920,-0.4181785806993276,1.1932757321888476
20170922,-0.7333516079199058,1.1205712666181007
20170925,0.8650583819414607,-1.3445858973105587
20170926,0.10876075156040074,-1.2021275952558652
20170927,0.49336159179783917,-1.0096426979026296
20170928,0.4363053014812384,0.0281761731424344
20170929,-0.62215097735915,0.20862866261110402
20171002,-0.5068255503203087,0.22217188251070236
20171003,-0.6921609267562431,0.4891856135030339
20171004,-0.03044547871643129,0.4134664644734622
20171005,0.9575916335681544,0.4520270989904566
20171006,-0.4913668230317149,0.13557776195711077
20171009,0.08362682458357305,-0.5933017340425426
20171010,0.004170529676710845,-0.05875155154054069
20171011,-0.26419251948922123,1.3859202570548508
20171012,-0.7515214987512676,0.324299208485858
20171013,0.35562457588052054,-0.6044488938183392
20171016,-0.3165813497598182,0.5334495447313201
20171017,0.17868533726058733,0.003985255889451763
20171018,-0.0850185042944518,1.1491711068509887
20171019,0.5085681403787684,-0.4122791652006951
20171020,-0.2561132102148743,-0.4730172704370203
20171023,-0.897478023158425,1.0308161884639315
20171024,0.3437775582486088,-0.39176060397355617
20171025,-0.6311604388280495,0.005380209783923014
20171026,-0.06578563069371052,0.7304758391126922
20171027,0.6334329325763065,-0.024359944130351904
20171030,0.05474807852572528,0.5146049003199968
20171031,-0.07637801576451876,-0.38375556331278815
20171101,-1.122564187762764,0.15533473278967863
20171102,0.004712144505994616,-0.14269617585962016
20171103,-0.6073627324281118,-0.40984654278248056
20171106,-0.45101296626593274,0.64115460406982
20171107,-0.3849477526561335,-0.03795545729719594
20171108,-0.816213285369947,0.8347815141160659
20171109,0.40923613697723915,0.05596671204639188
20171110,0.6423768868842874,0.36532628568125275
20171113,0.40590836612427234,-0.017635126500456552
20171114,-0.17734761518754458,0.5387120400591175
20171115,0.8679944069421989,-0.6908220417795016
20171116,-0.2969101676457904,-0.19547408195951071
20171117,-0.4065797397677184,0.17666210121069717
20171120,0.05102457453376899,-0.47798839436741253
20171121,0.47818966853153905,0.21591545105174798
20171122,-0.13371129103367524,0.018073111933450382
20171123,-0.704505067083842,1.1617737856848969
20171124,0.23266312479726783,-0.9099170780625415
20171127,0.7159194245953288,-1.9020227093225248
20171128,-0.4193504585853715,-1.301794612409566
20171129,-0.2748224291153882,0.9579966197077409
20171130,0.6975753230585159,2.0266916907573727
20171204,0.07438693910743069,-3.0728719402581692
20171205,-0.3146829271386175,-2.0340564963096845
20171206,-0.12596964030172794,-1.6536760565094688
20171207,0.020433782374197282,0.5616279715676817
20171208,-0.06823636989709313,-0.3113466725263982
20171211,0.061865831212787326,-0.8912190796109485
20171212,-0.9373563688605878,0.6008113664625829
20171213,-0.6670313875027218,1.7211718871465245
20171214,-1.2682260966764967,0.09767696229807543
20171215,0.6412468430995645,-0.6128622608694352
20171218,-0.5672369645536458,0.07834911078895827
20171219,-0.6793525701195912,0.3295145099446858
20171220,0.7726456920680417,-0.19814096987238694
20171221,-0.21579146997509252,-0.17064703264867204
20171222,-0.280797101357901,-1.5254838979326968
20171227,0.39708055394079533,-0.3830822934212686
20171228,-1.566190354113534,1.3803682091069618
20180102,-0.6675124060973321,1.457742581703676
20180103,0.877954401321609,2.1638867679664853
20180104,-0.7101212792228697,1.0178807733952384
20180105,-0.19316033690907133,-0.22251434050754043
20180108,-0.40561606973391867,0.9207703151036142
20180109,-0.30722313129708784,0.3825174431389507
20180110,0.02340426381880114,1.0660551022461824
20180111,-0.6090613566284607,1.2138361119701548
20180112,-0.5909587963510523,0.37596523522370623
20180115,-0.04770284727448584,0.11039685356808845
20180116,-1.0117224834591314,1.514295151298778
20180117,-0.5932816316250816,0.9743834507132623
20180118,0.12013414749122962,-0.5988309545179871
20180119,-0.6889045113066521,1.7274509519723935
20180122,0.3660459593726977,0.6251956157390807
20180123,-1.8590238604833882,0.36573584249895047
20180124,-0.1791315495297508,1.1084324049085013
20180125,-0.6848790551737813,1.8064009657155482
20180126,-0.9041607634209449,1.5346872399021712
20180129,0.2158151489368711,1.0781798840134895
20180130,0.8730543620433283,-0.0018064593576477828
20180131,-0.7290825500322915,1.6568518194757742
20180201,1.195570957105229,-0.779439192371985
20180202,-0.14346471597897278,0.2795612432683383
20180205,0.8847964031074915,-0.38953477525083885
20180206,0.8831300831412644,-1.9844981659831493
20180207,0.6591982100033624,-0.22493086913651755
20180208,0.20832249184034604,-0.2917362942797169
20180209,0.8514170205710837,-0.9049484020300316
20180212,0.2729496328329263,1.681201989820065
20180213,0.06325165572718827,-0.5834529635966557
20180214,-0.23665591469348213,1.033065658225455
20180215,0.08508211714152777,0.13172699589635756
20180219,-0.962352356178253,1.1499496459686973
20180220,0.005946169643275697,0.7983325548014141
20180221,-0.3928155052376886,1.8377849765196785
20180222,0.5973503187885362,1.476859993552434
20180223,0.1413748589484823,0.028467426037400094
20180226,0.40612184267210666,0.25164833405197157
20180227,-0.21373734816914602,-0.36168339871150296
20180228,-1.0337783568654833,2.4526103021724146
20180301,-0.454490519136669,0.42463462689553966
20180302,0.694857608754231,-0.8202831897250386
20180305,0.4678051143531906,0.5724890215018456
20180306,0.6674702627119874,1.3025448988820634
20180307,1.1903163467458984,-2.0416751795534873
20180308,-1.0719212490188552,-0.18964983424581278
20180309,0.4820104075415682,0.3250935600461214
20180312,-0.5342076498393264,-0.11793930495022018
20180313,0.7966822409953402,0.2349763570476832
20180314,0.756763205688223,-0.6807720041078025
20180315,1.5946959131237533,-1.654060522011994
20180316,-0.08944758592406261,0.33285652079526973
20180319,0.4836708158127534,-1.0671529739578225
20180320,0.6913821538132999,0.5965150052664173
20180321,-1.0260202292327374,1.355584848923539
20180322,0.693869780581096,-0.17369920220390728
20180323,0.3760904237039502,-0.6098282859477608
20180326,-0.2856415246435951,2.6252574599703262
20180327,0.49646778145782,-0.3952855479635525
20180328,0.3534654098325593,0.6093153263831258
20180329,-0.6195072740305759,-0.6144140177261244
20180402,-0.8486789823391312,0.9065584988474044
20180403,1.019541663204913,-0.5377437896045508
20180404,0.7379385127435396,-1.261357073545238
20180405,0.05666649407550525,1.0530319250813305
20180406,0.565802938326951,-0.10902911072410283
20180409,-1.8427216333430405,0.3519851544060515
20180410,-0.7772707478643889,-0.07300276649128082
20180411,-0.9429044551845113,0.2104434337342532
20180412,0.0024144538373015905,1.1794423655333082
20180413,0.15497280459872761,0.5514119627429296
20180416,0.6557371613340582,-0.7268368481896621
20180417,-0.0821225909551905,0.7174266459067299
20180418,-1.391747532619784,1.494455252713401
20180419,-1.0499108278205334,0.5691594226406469
20180420,0.13026663314929768,0.8097356310055821
20180423,1.0914553281156452,1.6470394342092933
20180424,1.0978524090106339,0.19406372509480868
20180425,1.4438199748004708,0.6173533249800124
20180426,2.469006522131269,-2.611540702985166
20180427,0.2237341289212053,-0.12445217798458248
20180430,0.08808444113062569,0.23905090619139902
20180502,-1.1052553507040304,1.12264780811191
20180503,1.0363672557431414,0.7202545533273566
20180504,0.8723352483891577,0.031150007498384914
20180507,-0.6643786317688536,0.1983579440839543
20180508,1.2611104792998926,-1.188115136598609
20180509,-0.9507656778746758,-1.534830288907398
20180511,-0.7289873315233191,0.8482643882104713
20180514,-0.22157789655328566,-0.7908667304055375
20180515,0.89868141640265,3.2500027432562026
20180516,-0.4669261290983512,1.2139164044774557
20180517,0.4661106541491646,1.711916435137776
20180518,-0.4585635632862962,0.7863446659406605
20180521,1.3902141658226939,-0.1298454506345254
20180522,0.5352510768575264,-0.9790311061641392
20180523,-1.1234944724272315,1.6278751539452156
20180524,-0.9018629432412115,-0.5291071395044369
20180525,-1.1013999589182408,0.7494019299800274
20180528,-1.5454849827681665,-0.28024434401187887
20180530,0.36375717366747906,-0.008775382994416926
20180531,-0.15905672705692347,2.2503870375176342
20180604,-0.5421484566208197,1.3409105409303803
20180605,-2.93046047223892,1.7356666859150005
20180606,1.1994491459297885,-0.19431432235616636
20180607,-0.2782941600331209,1.779424473217031
20180608,1.905637277106971,1.0708260295065417
20180620,1.9170286273126194,0.09362252774683354
20180621,0.6383027047786036,0.3882835301598638
20180622,1.0259028986914778,0.9478677696951071
20180625,-1.5466655035494248,-0.4633371532075617
20180626,0.14542182254506167,-2.0144481606876155
20180627,1.0728494971232752,0.10897245589822134
20180628,1.9039159097694005,-3.9978700902675217
20180629,-2.2584228398537216,-2.525395959324349
20180702,2.0739566668312137,-1.7173247402575829
20180703,1.28044159173767,-2.532095053587804
20180704,-1.8133637069160387,-0.6309901521657202
20180705,-0.3908481973109751,0.9030212331013322
20180706,0.9348193386258231,0.1913166506582093
20180709,-2.256319934300563,1.4752243774421345
20180710,-1.6878125567148632,1.7702619196450948
20180711,0.0705070539662539,0.6173350881703328
20180712,-0.10991025100078365,0.1403885304195071
20180713,0.016157188521495613,0.19717509554682727
20180716,0.6364199905865867,-0.8746820383153698
20180717,0.15193673630679608,0.48758529597757405
20180718,-1.4911073543552644,0.9552132830363244
20180719,0.14588003313824421,0.48043126840669315
20180720,0.030438791135331718,-0.47055451368643125
20180723,0.2208010037211124,-1.975495065712218
20180724,1.0985754873579456,-0.5891801515752736
20180725,0.3273479986751294,1.0366957510208081
20180726,-0.5358924015873356,0.15393335668067995
20180727,-0.5583980519523438,0.1012621710645486
20180730,-0.5290359144239933,0.33909705433150994
20180731,1.450016690220193,-0.20275947281214968
20180801,-1.3418006730621106,0.5006543655238234
20180802,0.5495685263279033,-0.7360927263930598
20180803,0.09184490892810236,-0.5204537278534713
20180806,-0.7308946274461522,-0.8666124438495268
20180807,0.4825636700278365,-0.08030572283290009
20180808,-0.40271364859884845,1.803566067978861
20180809,1.0226795896146879,-1.0592636374601492
20180810,-0.15436683755261693,-0.4908439202566818
20180813,1.8692988135255595,-0.7296330955428851
20180814,1.2342922336106381,0.21302189801169422
20180815,-0.15201978817249046,-1.4440369332391745
20180816,0.6860516242755993,-0.8029341423380116
20180820,-1.2977965115721306,0.35561024945140635
20180821,-1.0270528406288737,0.9911065716006896
20180823,-1.3590434175281876,-0.16855282940522906
20180824,0.8206328262080524,-0.9219953739434059
20180827,-0.559685496508284,0.26831138809815247
20180828,0.2783053177713202,0.041276197970832054
20180829,-0.2541165834461532,-0.07335190157006974
20180830,0.9865096298164348,-0.625349745750594
20180831,0.07557103721719094,0.0787633909251855
20180903,1.6755499045604674,-0.5894011907191622
20180904,0.1863660040697216,-0.6626939949033323
20180905,1.799198277698207,-1.429190767398562
20180906,-1.260344876578216,0.2803912211127982
20180907,0.13698324613991156,-0.3639755587125992
20180910,0.06481926382596107,0.9038253375008101
20180912,0.18568086527375988,0.3084913198274053
20180913,-1.1466754365102823,0.7527574319286864
20180914,-0.34311351549362273,-0.39305510396551063
20180917,2.0969457238710323,-0.8501663050173974
20180918,-0.5224053773914104,1.0702084772872438
20180919,-1.0128318067614632,0.797665864547915
20180920,-0.9080044913708887,-0.41271652161035033
20180921,-0.6322520156148352,0.24077093288378512
20180924,0.6408862394701462,-0.4434253035218227
20180925,0.8700592556524636,-1.0155515314382935
20180926,0.3548552151641468,-0.6704020065433673
20180927,-1.0365070102467013,-0.07676768162003245
20180928,-0.6015895611141128,-0.03877720499698837
20181001,0.630923503299593,0.34880310480200644
20181002,1.1147693712946116,-0.6577926252571766
20181003,-0.07348839999114032,0.2860651076544189
20181004,2.3130691767536895,-1.651211809823229
20181005,0.07634971575993435,0.13056718657775437
20181008,-0.2863110531664162,-0.1375168023227984
20181009,-0.9238980677128189,-0.37459398175497044
20181010,-0.1878578790913023,-0.16314886925431088
20181011,2.1731712551239055,-1.477163198878313
20181012,-0.9463907731842414,0.21472329781394928
20181015,2.1816454374397107,-3.841768042285372
20181016,-1.5088467167665849,-0.39277225221838863
20181017,-1.3825363904075798,2.324165451050267
20181018,0.07146837678729004,0.5519484068800515
20181019,0.21297257625204277,0.13082525457924163
20181022,-0.18448210250483488,1.0571790214214247
20181023,0.5782322876488054,-0.7893995712045107
20181024,2.446078727780874,-1.7003475362817984
20181025,-1.158115880424931,0.01688667764918857
20181026,0.25536153584050236,-1.393746362254051
20181029,0.3072361814356965,0.17725621650069695
20181030,-0.7306225744637582,0.050227262044046095
20181031,-0.8129364030370009,0.4675727325719848
20181101,1.0748824439644502,-1.828067437332242
20181102,-0.9912680725410618,-0.4067598369196781
20181105,0.8026222030062988,-1.7098940169074535
20181106,-0.20255318504697842,0.37015729419557697
20181107,-0.6488773673189183,0.8930269893586705
20181108,-0.8304274944389074,1.3707678155947853
20181109,1.2363070041279767,0.42288719457448803
20181112,1.7288548257980783,0.0038185633598992325
20181113,-0.5836807976264364,-0.9832769495759182
20181114,-0.8725773410536852,1.4140084361981797
20181115,-0.9602436954703182,-1.4393115520762894
20181116,-0.9466214548631964,0.7308832939641959
20181119,0.04864225172861798,0.1771912102567346
20181121,0.5031777824179271,-0.22687347557484644
20181122,-1.7957155463601766,0.6591289353929689
20181123,-0.7670006368873258,1.2448099299683837
20181126,-0.7575857347011619,1.0246953569031891
20181127,1.1975908624045066,-2.1171237057708234
20181128,1.7648140982196376,-1.1837679482360288
20181129,-1.9606321094644206,-0.66611277776937
20181130,1.512461735681863,-1.3504156479439358
20181203,-0.8944650991812273,0.37835627066988947
20181204,-0.8806420437847401,2.305087139844169
20181205,0.2275711306693795,-0.22811701927431668
20181206,0.20023224584455845,-0.9108182535346424
20181207,-0.06230518551927139,0.14723007002909883
20181210,1.0320997127367868,-0.35849231747857063
20181211,0.4064611645869821,0.11277193757573122
20181212,-1.0103112500026867,0.8947099598032529
20181213,-0.9540687875817093,-0.2678504915987261
20181214,0.5947237826571087,-1.2887803008842713
20181217,1.5871927126147414,-0.17716083402588673
20181218,-0.440974444110614,0.47603028553201066
20181219,-0.9150650798682093,-0.7836632824440035
20181220,0.5873259726453466,0.27734344907627545
20181221,0.4629072358780543,0.47542908656531097
20181226,0.8053874376581539,0.5784967616974765
20181227,-0.6109845024692435,1.1560245628120605
20181228,1.3795240544367047,0.41771871204198074
20190102,-0.5494294199194499,-0.1795562000636738
20190103,-0.8242402379935124,-0.7136986016144098
20190104,-0.8005975964143146,1.006781102720491
20190107,0.43859338425581984,0.08919941876046056
20190108,0.33038940635241193,1.2750397139505487
20190109,-0.7063227118034132,0.6644586393710742
20190110,-2.0864006981704404,1.3919469195468943
20190111,-0.26859912726037927,0.1805908341068951
20190114,0.3400777275166993,1.0894937681237453
20190115,-1.1998696338129606,1.082447298998262
20190116,0.6587406956651551,-0.032213913090449985
20190117,0.5379760711276405,-1.2152932158520962
20190118,-0.03281709391679756,0.36554181256745344
20190121,0.28279633416786837,0.7369331653381916
20190122,-0.2130323442907963,0.5465002015488345
20190123,-0.25388434263454557,2.327763325924116
20190124,-0.3525728901334496,0.7518959714538404
20190125,0.06704278118365037,0.10811421903767007
20190128,-0.488665619196607,1.0874215810195815
20190129,0.6292822749551624,-0.02406281360188367
20190130,-0.9527015428964912,0.4629188939269878
20190131,-0.07216089266143576,-0.9334096142413746
20190201,0.06648230637948631,0.5438291219495313
20190204,1.2144538016554547,0.7551599728633976
20190206,-1.5645878753195719,1.450048872836351
20190207,0.4012823704664179,-0.13039436242428165
20190208,1.2999866286641026,-0.44229223608938617
20190211,0.6527619297348047,0.004076325115135414
20190212,0.8624696043001376,-0.8661522816313463
20190213,0.03104522085943407,0.6473483054518697
20190214,1.046777280160948,-1.161822497664217
20190215,0.2386792017070441,-1.8720112207559865
20190218,-0.9848479510503197,0.7233978026956331
20190219,0.1998354750003379,1.0559907119655563
20190220,-0.4333005940163875,0.47596394702502115
20190221,-0.5436431303398591,-0.6810798810355878
20190222,0.7844944973810115,0.04644873821797878
20190225,0.38697948577969316,-0.14879722747880314
20190226,-0.5456927475520181,0.2823122505215897
20190227,0.17952206724854486,-0.432246539734241
20190228,0.5341933605984805,-0.3067346383732831
20190301,-0.6564087713737894,0.12768848022878082
20190304,-0.4908576876122452,0.2875591610547895
20190305,0.6115579139835355,-0.8379076826305408
20190306,0.3131859383736454,-0.25585983519608707
20190308,0.7549956566932945,-0.32404927290714347
20190311,-0.020050586890081948,-0.7423234263171176
20190312,1.340004450105837,-3.0278553375946933
20190313,0.5848101985859392,-1.7940483802268377
20190314,-0.368187260088624,0.7859570216332301
20190315,-0.8776633889942457,0.6393338571204299
20190318,-0.4228140613300453,0.8070885805034005
20190319,0.4164507196184187,0.43494108535396997
20190320,-0.4236416575968076,0.38328745347958204
20190321,-0.20329587007327415,-0.3402861297600009
20190322,-0.05915562307345819,-0.14816057117997355
20190325,1.7704801245622699,-0.7178414259533581
20190326,-0.6252877858887963,-0.2821584567957828
20190327,0.22894844325073146,-0.46895122750084106
20190328,-0.7851471422110616,-0.09281550936296289
20190329,-0.3493099825800371,-1.5636934999526242
20190401,-0.6040381593678401,-0.3731031779947394
20190402,-0.22469805350172414,0.22709177922917287
20190404,0.014025670631541117,-1.0900913038274989
20190405,-0.36077939929893527,0.9501957400846911
20190408,0.9644982018349025,-0.5596734618361375
20190409,-1.1675701308116802,0.4447873072354202
20190410,0.023284876166695986,-0.041053033572920235
20190411,0.9894832249235069,-0.726992934193714
20190412,-0.6530269905597876,-0.13450008775734365
20190415,-0.45525122342641355,-0.003639659036148567
20190416,-0.3017416551538045,0.4041325334494146
20190418,-0.4361780670100307,-0.28759158145853425
20190422,0.9532426453316392,0.20356439977661617
20190423,-1.3273078890899035,0.9845026132692962
20190424,0.47065419876843595,0.08524200842384605
20190425,0.7998221001221233,-0.053200336509151916
20190426,0.038861966729963025,-0.7544140576651766
20190429,-0.2007462414538981,0.17013696448637475
20190430,-0.33199540872432187,-0.03269025630441248
20190502,1.2833460931690162,-1.441638887427257
20190503,0.7299014800139949,-0.739977255132975
20190506,0.07996967859042417,-0.07076443944796723
20190507,-0.07454974497106388,-0.34193075653158217
20190508,0.12367251645372629,-0.5227983530435634
20190509,1.451852193118662,-1.749739775280771
20190510,0.2581610894911634,0.758154716919463
20190513,1.7491226389624754,-1.1367603888286644
20190514,0.6006860981260007,-0.48171712159488245
20190515,1.4642689580257267,-0.7258127795227576
20190516,0.9305864312243333,-0.5347435270130825
20190517,0.2903765248904684,-0.2978066958804522
20190520,-1.4375985196378485,0.20341644858907476
20190521,-1.0545955812579157,1.9106011837061436
20190522,-0.04195390188390623,0.0019035060340331401
20190523,-1.1054503426556501,1.2770548985451997
20190524,-0.046311873131894055,-0.16793124111086324
20190527,-1.5908041395363615,1.8977512735651778
20190528,0.4694472271859963,0.7576193681390355
20190529,-0.8013297665485041,0.3408606045450454
20190531,-1.1350867557351485,0.29775396545458566
20190610,-1.8534203490948264,1.2315551044380222
20190611,-0.057499756572845395,0.4209285482516412
20190612,1.0686038300113163,-0.9054730993333324
20190613,-0.2582444642590614,0.6806194784152737
20190614,0.3466682474559877,-0.3419440800841747
20190617,0.4344654666073801,-0.25996769574096223
20190618,-1.2545527823513336,-0.31041610040662504
20190619,-1.8249486424162003,1.7688102853039702
20190620,-1.756551236285562,3.637693486681953
20190621,-0.038728131629332155,0.3031233669646992
20190624,0.971338966075654,-0.15816411209054093
20190625,-0.6408780619123283,0.524663067201794
20190626,0.10391456009259385,-0.24195426217183502
20190627,-0.29964492854826025,-0.2924865506039663
20190628,0.3308934699530803,-1.1613464808790246
20190701,-0.7171071680407766,1.2236025044285606
20190702,0.37830104125527875,-0.08060206475230167
20190703,0.3165602923526829,0.11695002731937627
20190704,0.2557974110904427,0.46853027690804483
20190705,0.5397259808559989,-0.31411671928755863
20190708,-0.06984477489901163,-0.22800632587673597
20190709,-1.0372414677644364,0.5791955595908391
20190710,-0.16357340785853886,0.2244182218887184
20190711,-0.11627586520196873,0.08489381548696007
20190712,0.560985373358153,0.21145791501566624
20190715,-0.7230990282761424,0.04305653712376057
20190716,0.23564358258599383,-0.014331962537489449
20190717,-0.028543123702252753,-0.20289355347321839
20190718,-0.005166682477856935,0.43167769309476806
20190719,-0.22536250921762127,-0.8412925195598938
20190722,0.3440707912031414,-0.708548101639103
20190723,0.28349328705852206,0.279090624107113
20190724,0.26744764533602244,0.09959341772526004
20190725,0.3273212945421703,-0.07859472617468906
20190726,1.2313534265156474,-0.40260128565178416
20190729,-0.17871064127248207,0.7129431337812973
20190730,-1.362329736339228,0.9029266318400082
20190731,-0.02325467334575058,-0.2983026064377576
20190801,-0.3140188000056847,-0.35676972590990474
20190802,0.17498439463399734,-0.3578476124722634
20190805,1.9583925013552508,-0.7568053305972526
20190806,0.125698250853241,0.24213457178951045
20190807,-0.5673091977994331,-0.43789937929354356
20190808,-0.6439243423052471,0.297535940684441
20190809,0.23070202568755246,-0.42328830670578227
20190812,0.667136929016659,-0.4685661201859219
20190813,-0.07106580220084527,-0.26340557809672127
20190814,-0.7987438377952065,0.7055624476674037
20190815,-0.5407206293033666,-0.5401931429322407
20190816,0.9953849622442396,-1.7452977797046438
20190819,0.07156417148909262,-0.010656085190398259
20190820,-0.1562531515268415,-0.35991666666468386
20190821,0.3544720841749349,1.0211347003617108
20190822,0.3155871757984913,-0.6109689732690367
20190823,-0.4367269068597033,0.03312380183574171
20190826,0.19704914684859567,0.44206557010366593
20190827,-0.29673646817180743,-1.1661649461212211
20190828,0.40274754677477026,-0.15990424408978332
20190829,-0.3009959903278007,0.08861670743715439
20190830,-0.042995081713574204,0.6839579480293629
20190902,-0.3373497232015723,-0.016091938597143866
20190903,0.41849590599865544,0.06139649918719611
20190904,0.010525033364822524,0.6447113143365543
20190905,-1.0997947335935196,0.5550949384493443
20190906,-0.47282761969778714,0.865277613732082
20190909,-0.37300633169861624,1.0493321797330148
20190910,0.17360016003995643,0.0337712318861159
20190911,-0.6034377030032323,0.6766189338976157
20190912,0.975966068583941,-0.181195032871188
20190913,0.20520044682783098,-0.29826192671138385
20190916,0.5086227086084075,1.0248077391826855
20190917,-0.05788679919350063,-0.39173228185278364
20190918,-0.671581293204949,-0.0876915536962493
20190919,0.6087709431113456,-0.13268084242588568
20190920,0.1576013498531671,-0.2005397967970975
20190923,0.39492503900297493,-0.7041036005049537
20190924,1.0466293439264436,-1.4197980301314892
20190925,-0.0023141572453692916,0.066331027433281
20190926,-0.5681965434774039,-0.9546242308106686
20190927,0.19741925690815776,-0.3696842581792958
20190930,0.07206435444571938,0.4009403643261428
20191001,0.6662265413218638,0.45980898597661457
20191002,1.3590105904395222,-0.6778339772346046
20191003,0.5001761138734924,-0.06375798620114827
20191004,-0.24966190936015,-0.13798373347756407
20191007,0.8094129325334679,-0.13285196446041098
20191008,0.12928545072054057,-0.48398170849533617
20191009,0.5945782998894679,0.08818252970388642
20191010,0.4900431250251557,-0.23132286559006598
20191011,-1.518097245871222,0.27427159822377034
20191014,-0.48506095588655185,-0.5528761720977685
20191015,-0.6442655920677908,1.2074168047918623
20191016,0.014748405345287778,-0.2599946019827971
20191017,0.25672972708097114,0.01804590540004699
20191018,-0.1557905518410185,0.17079790542508863
20191021,-0.6439108068139894,-0.27655895004163894
20191022,-0.10116639448128975,-0.3200498165139511
20191023,-0.8811802794097048,-0.004782213135075828
20191024,-0.33474803950193477,-0.25892383427901927
20191025,1.0939075462882177,0.5663131026551672
20191028,-0.3783524091682617,-0.43616107260381
20191029,-0.7075132515369151,0.8838316430815644
20191030,0.10958382553375831,-0.4433894366270307
20191031,0.4279631851343229,0.9429012663846257
20191101,-0.16740306466062355,-0.9351116395572958
20191104,-0.33414059823339154,1.3354661533349643
20191105,-1.3379428511387064,0.08398495083817292
20191106,0.5959051866198231,0.18815677950062507
20191107,0.8871044956579804,-0.10716268377329369
20191108,-1.0940969691710718,0.2184887783535071
20191111,-0.6094931777230541,0.2774637564013351
20191112,-1.1101508668975795,0.5162957583073832
20191113,0.7227668041224344,-0.3054750904244159
20191114,0.07219801578438227,0.6085397087625181
20191115,-0.3803681142683131,0.14127176151293852
20191118,-0.056328575293285596,-0.1538425091379969
20191119,-1.3672084382939507,0.011267790556799325
20191120,-0.8981564167532455,0.09392222655408451
20191121,0.2698372335930287,0.31064185777416253
20191122,0.1472473192124093,-0.25439749838803555
20191125,0.7552164285020113,-0.7762973194508164
20191126,-0.17503645839096618,0.22932681098079172
20191127,-0.5356560014177627,-0.3984104454745788
20191128,0.6860376732547253,-1.0464640269475383
20191129,-0.1005270468647913,-0.8973063139193459
20191202,-1.9534219300581472,0.7036675139063129
20191203,-0.44093414030775574,0.10710457932188566
20191204,-0.3534520015756914,0.22370156635994448
20191205,-0.9190326828588214,0.8091106137408975
20191206,-0.4162623564533128,0.09573131168317571
20191209,-0.14322725650129478,0.1658185371642537
20191210,-0.1842619624287749,0.2233633354103418
20191211,-0.3603165953022995,-0.0894423348029021
20191212,0.2774895428503696,0.39114014709041667
20191213,-1.9482938236411143,0.3204057165864234
20191216,-1.0271599341822621,1.503279273797429
20191217,-0.007869172716829746,-0.02167839516487814
20191218,0.021191537220553724,-0.9555204628256011
20191219,0.6752261121976492,-0.1315078886909146
20191220,-0.2631609163760444,-1.382896245180969
20191223,0.22141081311648575,-0.2677055065802774
20191226,-0.3198323986915979,0.5632243785845567
20191227,0.2452021205695581,-0.4060065944298995
20191230,0.6804878311943671,-0.11957693183913842
20200102,-0.33454900886155037,0.05136130114272823
20200103,-0.452881757935999,-0.1042564760553838
20200106,0.20812197330148116,0.25763039980606944
20200107,-1.083913387072332,0.36228717806781763
20200108,-0.07884223983123245,0.21904186292291372
20200109,-1.0435645474810449,0.11362490514690791
20200110,0.40370268776125817,0.10090092449092408
20200113,0.42033515994680143,-0.2604882138379486
20200114,-0.2850798704873662,0.019507782496679463
20200115,0.9046863462530171,-0.7847318921197435
20200116,0.4552903553247767,-0.5741840165203481
20200117,-0.7085864435114968,0.31005391373340613
20200120,-0.09070450569788023,0.11109102964041856
20200121,-0.012410284801153172,-1.0148892120763735
20200122,0.03223809745675436,-0.9344682858636391
20200123,-0.09624713278582984,-0.293638938877307
20200124,-0.07291250747828068,-0.08636112836770521
20200127,1.8436401396671391,-1.1967846410385938
20200128,-1.201758098645191,-0.19648862880405968
20200129,0.3439706752731809,-0.42876011663516994
20200130,0.9294416874276177,0.22542750328401803
20200131,0.9798262430122557,0.20750916897580868
20200203,1.0083826998041987,-1.2803665100303983
20200204,-1.152729582681059,0.6810955583029463
20200205,-1.4010807199280793,0.12220041772824183
20200206,-0.7344636587435506,1.117106487492803
20200207,0.6098546520910304,-0.49669273472978404
20200210,0.9947414724934067,-0.8296346005116304
20200211,-0.009504459055465798,-0.08817640688015761
20200212,0.038267565020620384,-0.1387610975243342
20200213,0.40781881250485097,-0.5626481898817328
20200214,-0.11239493907562684,1.0250796834369866
20200217,-0.7446289507944878,0.49560560549372923
20200218,0.7279574698029683,0.2683074715302827
20200219,-0.8998261010644314,0.42857344806610487
20200220,-0.30500262406769807,0.9110719415480159
20200221,0.6109081719189595,-0.31204098440987615
20200224,0.8224179305148772,-0.9365052900826565
20200225,-0.9804069157896635,0.5604792815548447
20200226,0.6387772068335289,-0.11538217985881827
20200227,1.4308338121644426,-0.9726088887179525
20200228,-0.4365297782566745,-0.9780599868026959
20200302,1.6642058792334442,0.2632632213030931
20200303,-1.2467799325092734,-0.11873706818621467
20200304,-2.0057432795171675,0.9827744078880495
20200305,0.7640727222140925,-0.27227866640128623
20200306,1.7675869648056508,0.39459232685550416
20200309,5.254794331233255,-1.6112986541363568
20200310,0.17532683229562665,-1.22381233280515
20200311,0.25862105302876354,-1.027977191634978
20200312,3.8405701019613767,-1.8380072063118411
20200313,-0.2851320754108959,-1.0771150659552469
20200316,2.9942329648272645,0.3086128198057567
20200317,3.08260042574493,1.4858240311487612
20200318,2.072087698981459,-1.1947783757257542
20200319,3.002376855724326,0.7535234010998544
20200320,-1.5957062647017874,-0.8801812396072368
20200323,3.245768163875856,1.9555427944803268
20200324,1.5532415660481143,1.6649588294667907
20200326,-7.4543007477988725,-2.1907495757084825
20200327,-2.590517265652552,-1.305205096935482
20200330,1.6190813871967944,-1.1132948767135193
20200331,-1.5227850987995066,-0.1954673419470251
20200401,1.7184875123008359,0.4435188358707869
20200402,-1.140274252985193,0.8752954291508557
20200403,-0.8958941616838502,0.8862196034498446
20200406,-3.362797593361455,0.42637175049102943
20200407,-0.6475672131532317,0.2780416399060367
20200408,2.906643283016142,-1.4902049236876622
20200409,-0.899544892673862,-0.17319039524907381
20200413,0.7239411956666666,-0.21242967773302482
20200414,-0.19909724549493635,0.5735093229791256
20200415,1.4919825456754257,-0.030306768016000706
20200416,2.763480187368944,0.12386821356568205
20200417,-2.673215522981156,-0.506809866782506
20200420,1.7408460947673634,-0.15848694203857142
20200421,0.46581528251151955,-0.7837404478692647
20200422,-0.3517619422836536,-1.1758605758770624
20200423,-1.0636283381513723,0.2499004067477416
20200424,1.7504528116923954,0.28592244061643335
20200427,-0.6541400172947296,0.057025881688072336
20200428,0.036444692691746425,-0.15191830195950137
20200429,-1.0674054992345212,-0.1570495124029101
20200430,-3.147087923199795,-0.34090893987002
20200504,1.516896192949219,0.5760718962712276
20200505,-0.9354241679362014,0.44998588041823706
20200506,0.5426150096542421,0.8327070262092853
20200508,-0.6843519265358515,1.2636795546402153
20200511,-0.4144549991970986,-0.03901123752111293
20200512,0.899777188790532,-0.13714959506417385
20200513,0.003618040558729229,1.226961961425504
20200514,0.889488479582379,-0.7119565998959164
20200515,0.46275920342910126,-0.07554314778363985
20200518,-0.7163226914987059,0.5740267901988786
20200519,0.19973977611066696,-0.6994789150407071
20200520,0.7680439510319992,-0.8409909343147063
20200526,-1.3381012751253072,-0.1057305251348421
20200527,0.3326344420414906,-0.22919374358450623
20200528,-1.074719319281079,-0.1952610706016603
20200529,-1.664978356699932,-0.06932234525210543
20200602,-1.8841350151964313,-0.2874131792122302
20200603,-1.6548313597353692,0.5855146872152193
20200604,1.1524777740712402,0.8507813893086354
20200605,-0.3565913384846603,1.0205722238423698
20200608,-2.117578236838185,2.1700804370341706
20200609,0.8317641094361589,0.6314403380163283
20200610,2.959081374506243,-2.7411215220367673
20200611,2.2874367135566884,-0.7804698541186196
20200612,-0.5615994098507457,-0.2747687298559128
20200615,1.1840211241575356,0.20287925489176628
20200616,-2.7579469383331263,0.1891456720031343
20200617,-0.4714840546854537,0.4078913457344439
20200618,1.7444073673130691,0.4579208261121968
20200619,-0.20623009073103601,-0.3315028211448785
20200622,0.7308112271782754,0.06285196894928315
20200623,1.0182518872027748,-0.46306262076752835
20200624,-1.5078318924814593,-0.32514808032918385
20200625,0.8716627349064427,0.5078010111985477
20200626,0.36573191315358267,0.3595159774318434
20200629,0.4761930775483666,-0.10441405554917488
20200630,2.1099516303837795,-0.5347038792367026
20200701,-0.3480985999119956,-0.2568312339394634
20200702,-0.5174421635110787,0.3058209081679575
20200703,-0.673459580914091,0.8813935822670788
20200706,-0.18107282277488088,0.8008662744254288
20200707,-0.8599911474290434,1.0301651981727995
20200708,-2.576926174675211,0.7759491882928576
20200709,0.7350155172752721,0.16888694909917476
20200710,0.19262954690640308,-0.19684255894548844
20200713,-0.2987313861491848,0.8698065149428262
20200714,0.7837046320455091,-1.2734719744539986
20200715,-0.11195583636958023,1.2567930059032228
20200716,-0.0833384907182157,-0.7239819934096274
20200717,-0.0452061393132714,0.9016551594959433
20200720,0.4778122341698261,-0.4524243745423164
20200721,-0.9024706450355771,0.19712484316180556
20200722,0.949899882651405,-0.821859163448749
20200723,0.6301837598301423,-0.5628577641118038
20200724,1.0098762554684113,0.09504541916989995
20200727,-0.6384219585201362,-0.0026106230040262362
20200728,0.8742609786082665,-0.10796541678612814
20200729,-0.5850613400452835,0.2924570862335623
20200730,-0.5229020274604479,-1.6011802883160933
20200803,0.7174474022827445,-0.535115476494304
20200804,-1.3861462972545573,1.1764624863321658
20200805,0.15973623638605647,-0.04384071498818639
20200806,-0.7781083888400588,1.1190245737617084
20200807,0.757154425683321,0.23701137951640086
20200810,-0.8082010433557101,1.7362054998295156
20200811,-0.24499950572417473,-0.18157762712134484
20200812,-0.8142582602601001,-0.41153472190515356
20200813,-0.7156051878729018,0.48494587852377125
20200814,0.3420750377039758,-0.7030745489691131
20200818,-1.0916527658399562,0.21613659264772328
20200819,0.05568055464522338,0.7899470475335612
20200821,0.0,0.0
20200824,0.12159689099347191,1.1802967675658251
20200825,-0.5714155623281221,0.6850174617567021
20200826,0.18230212239767446,0.2982861961533828
20200827,-0.01943891016613808,0.7553876831154123
20200828,-0.11068224077457897,0.983364281870091
20200831,0.9383313637857202,0.32954911228994294
20200901,-0.7491722554926392,-0.7951966693526398
20200902,0.38510478384625146,0.14002436926897158
20200903,0.9138055104607589,-0.6439479910501178
20200904,0.4837846662278238,-0.5173188951359758
20200907,0.0040161451552138926,0.9017235344259532
20200908,-0.7713535039441678,1.0546983733170716
20200909,1.0467991743090659,-0.3541453675100118
20200910,2.3238837073604017,-0.3784587164704707
20200911,-1.8273911103551685,0.22913647140036347
20200914,-1.4465680828590894,-0.6351252224674284
20200915,0.5446064848964631,-0.0749084008815533
20200916,0.05121165695404473,1.1551810344956202
20200917,1.4461593876980159,-1.2542103667515472
20200918,-0.22302500395795927,0.4747675082388308
20200921,0.4548905708762027,-0.31700938720334687
20200922,0.4702050356332069,0.4511862730071813
20200923,0.07064600487027856,-0.14728790802583466
20200924,0.878244294764562,-0.2412696163340871
20200925,-0.5903387520809464,-1.1047941351773924
20200928,1.161389507806135,-0.09095790185522588
20200929,-0.057313364838390383,0.7400844042434509
20200930,0.13586200327892825,0.026754701387535457
20201001,-0.6076500248210295,-0.5773419968668634
20201002,0.48728701353460735,-0.030595456995346874
20201005,-0.5858749743989647,0.47305330460089295
20201006,0.3973539512560014,-0.27175432416901935
20201007,0.6449806433404912,0.3367793283606194
20201008,-0.44235030748435816,-0.09105522626755873
20201009,0.16699699038062518,-0.25129684204443564
20201012,-0.31299375722608686,0.1560432526261615
20201013,-0.4238882338785409,0.18125638690857943
20201014,-1.3920573802206448,0.5086770523889912
20201015,1.2935996866163393,-0.24351021976943016
20201016,-0.29584133230366294,1.02609448770792
20201019,-0.47396914543788243,0.1383560458593433
20201020,-0.5051511530145981,0.6161964191882787
20201021,-0.6492027331653566,0.9721092201017495
20201022,-0.2843338953868375,0.031168621861922877
20201023,-0.35646655975153085,-0.6352278117160749
20201026,-0.5747069563531954,0.3965014451067132
20201027,0.449522426852333,-0.3008513581881045
20201028,0.0,0.0
20201030,0.0,0.0
20201102,0.12795028186287483,-0.0464458841976672
20201103,-0.09225298059178569,1.3754634009032791
20201104,1.0437460650494774,0.20294730187956442
20201105,-2.1282573952345953,-0.8398516219772907
20201106,-1.4691047710347305,0.21695311585966712
20201109,0.08405010486484307,-0.24657404686170498
20201110,-1.277348627795084,-0.3429186904258618
20201111,-0.6426930809314609,-0.8399101912166896
20201112,0.46197055019484795,0.20885276443033882
20201113,-0.24945438102603446,1.3740352000031721
20201116,-0.22760716386613203,-0.017639317283439128
20201117,-0.3267808239862206,1.074437319951413
20201118,0.18586993615763375,-0.5125068926614817
20201119,-0.8167381212425766,1.914285708335407
20201120,0.490756591449102,0.1055542477721235
20201123,-0.0010506351133716257,0.26390326347848353
20201124,-0.6252103607587023,1.6514934729090898
20201125,0.24065777382153852,0.559519055685839
20201126,0.40769919506588054,-0.2106318780469957
20201127,-0.41665355333164256,1.1928661365479087
20201130,1.4277324885461562,0.6152823710429656
20201201,-1.0136190183794664,-0.45924790842279894
20201202,-0.2235254276486215,0.26116013394479953
20201203,0.1786620444383313,-0.10179315974007028
20201204,0.510300125106348,0.7893096040919793
20201207,0.6585132685270483,-0.4585104028032496
20201208,2.144070330835951,-2.368015891562896
20201210,-0.027247158604202116,0.00960769333633862
20201211,-0.137218658939224,1.0307676745882788
20201214,-0.5619769789085775,-0.025903307607558733
20201215,0.4983259914075492,0.2498182752671497
20201216,-0.8453944641843446,0.04430972195053912
20201217,0.3010757558925197,0.7091741711786866
20201218,-0.11741551650613674,1.362940029371315
20201221,0.6693884727821138,1.6819200641125398
20201222,2.0170457762320653,-1.6847648856074395
20201223,-0.7305271557212412,1.1258426384270526
20201228,-0.316787785029524,-0.2583351132340826
20201229,0.37844350857062653,0.31207314726597013
20201230,0.04439542482409416,-1.4721995950405398
20210104,-1.1389272708573623,0.5986613999730335
20210105,0.43911503847264705,-0.8047362953136836
20210106,0.8964417051852444,0.7864275843378818
20210107,-0.6908182345893296,1.49188601524829
20210108,-0.934787781828589,0.22372122387264853
20210111,0.275758562882682,-1.2067480119496776
20210112,-1.0811747366164774,1.745626671824765
20210113,0.09811603698852647,0.7009767700632843
20210114,-0.48397794935979027,0.8718202497303044
20210115,0.5346272000621035,-0.4742784694772308
20210118,0.864709519669701,-1.275886140906583
20210119,-0.2711869942823547,-0.6983818046636256
20210120,-1.9889872164238014,1.1363188131593027
20210121,2.010673068938455,-0.4239721091160352
20210122,0.12511991353985202,-0.6874984287186043
20210125,-0.6406557727662231,-1.5919349808587593
20210126,0.7929352266376273,-2.3932299892552114
20210127,-1.6308222635816316,-0.7228761126673178
20210128,-0.07707645269065776,-0.842231176144018
20210129,0.463119439600786,0.8494415932424692
20210201,-1.93651437813319,1.706439768906853
20210202,1.5449585777214043,-1.475034669664335
20210203,-0.11600064837490424,1.0417548495150621
20210204,-0.9030648626054747,1.5694722686534424
20210205,0.8447920900669762,-0.2779865931046168
20210208,0.24367250033129095,1.2180155167645055
20210209,1.2780300658732904,-1.6851548347172132
20210210,-0.14896342927118744,1.0734001632173935
20210211,0.4150810865833837,0.07884684896736979
20210215,-0.5517670997664625,2.1912576390382092
20210216,0.644595401286682,-0.15334676203116374
20210217,1.8631959241743286,1.1581592340523317
20210218,1.160275658529783,-1.7210230509212283
20210219,-0.6353379857496915,0.030491563973615965
20210222,-0.35628618621933955,0.7862722812740762
20210223,0.06436234548219165,0.4122250077850297
20210224,1.3176716089527034,0.9300919528931408
20210225,1.4441609550777437,2.688217011960316
20210226,1.078443546201415,0.25953197016449797
20210301,0.973485493778644,2.2236301106295464
20210302,1.6677802387388239,1.1787297789339644
20210303,1.5618146692110215,1.911855260405505
20210304,1.09629820277066,0.3181945420578215
20210305,1.6548835316671808,0.0006581811826765829
20210308,0.11186134798484913,0.2970965716859483
20210309,0.37867877667076044,0.5321953074086667
20210310,-0.25928180951733154,-1.7207342751878745
20210312,-1.0770970662814112,0.5285001449161855
20210315,0.6680391424800304,0.6097794719197288
20210316,0.41434563848530326,-0.9859489933702371
20210317,0.4303152634456275,-0.45496448846430604
20210318,-1.370114872951508,0.081802895394478
20210319,-0.7006719396839238,-1.5466666333674013
20210322,0.15194261383794347,0.38608654136983767
20210323,-0.26859389182239746,-0.9483343383254337
20210324,0.14931312680632938,-0.4839726554219114
20210325,-0.7794756919261012,-0.6978246291613023
20210326,-0.8637360790954525,0.41675921334632493
20210329,0.04237482177019778,-1.1653032859438541
20210330,0.9303272390290782,-1.0590685834962401
20210331,0.30780498199491546,-0.5956460963788532
20210401,-0.48934417576948913,0.42031061347532883
20210405,0.8230250462620152,-0.8147887215411369
20210406,0.11702200959106418,-0.9151625648014041
20210407,1.9073059563439514,0.9811666464095395
20210408,0.23874036856751796,2.3116941603633614
20210409,1.7214103308943636,-0.10164129844196566
20210412,1.3515380075160126,-1.1063444472727904
20210413,-0.7435589850767029,-0.43489923589584994
20210414,-0.9069373761216587,-1.5952088460060316
20210415,0.5450502159429006,-0.8518074576318936
20210416,-0.0826282441081779,-0.2252510529037129
20210419,1.2571099123814915,-0.6918811615856979
20210420,0.6752855621960088,0.18869969254479016
20210421,0.8206852194792429,-0.13314551337800826
20210422,0.10164374942785603,0.26430487184480006
20210423,-0.8795133251390838,-0.792603006778193
20210426,0.23315268987071205,0.2017995189206378
20210427,0.18122999968344156,0.11869362129928394
20210428,0.3262409795912074,0.3175963044894713
20210429,1.2281822049640096,1.237326788261569
20210430,0.5770113450077605,0.04936502984247272
20210503,0.6533181445598923,0.7793278321831869
20210504,0.8184049684487252,-0.46859395508501467
20210505,-0.7983597575616856,0.28918165929716205
20210506,-0.33645513697528684,0.6757787279602712
20210507,2.32624821497601,-1.0995016900641248
20210510,-0.39709541808610993,0.6580429202204542
20210511,0.04316557425362742,0.6495631506392936
20210517,0.5535196897498786,-1.6265009596250781
20210518,1.0733248970579197,0.10306406123453313
20210519,1.6328828544696785,-0.7373963261542749
20210520,-0.37997877102510574,-0.7628930735392656
20210521,1.1278725389468023,-0.2189548274740669
20210524,0.60225958756535,-0.7446864985273294
20210525,-0.8775090104089965,-0.4769604162571087
20210527,0.2992566174952607,0.049705602465844115
20210528,-0.07031731864703641,0.0870737069260879
20210531,-0.06078937575047169,-0.21234563735790973
20210602,-1.0111324568464732,0.873612815338607
20210603,-0.25967287749791385,-0.4712225345931329
20210604,1.3075470454480058,0.1951666803340987
20210607,-0.12354130950505214,0.1437952531049982
20210608,1.1699642972238982,-0.025899709860418944
20210609,-0.2575601671686139,0.019158468782182365
20210610,0.7762497379772859,0.7816781436412203
20210611,1.3948471252057881,0.08906445825167461
20210614,0.28829688311016055,-0.30406442442256565
20210615,-0.720375519580615,-0.8284274471926864
20210616,0.4337443585442373,0.41372319941207336
20210617,-0.02743948502451363,-0.6715311180116774
20210618,0.05080413717140162,-1.1494510303453458
20210621,0.9169667146049699,-1.6834304124472523
20210622,-1.6346443252723564,1.3057873351157714
20210623,0.9479202643151866,-0.06281792982590126
20210624,1.028209607436562,-0.09802589942052135
20210625,-0.8724326071233481,0.7852268779246083
20210628,-0.5539256241430454,0.45338290085198657
20210629,-1.5317666658142508,0.15501617295883224
20210630,-0.9069253985818905,0.20910160356795637
20210701,0.4371262791000405,-0.3310303141775009
20210702,-0.15327042447489908,0.5082771714968426
20210705,0.03653817268200934,0.40589817755903124
20210706,-1.2352376330346624,0.8766259642068376
20210707,0.4500746777081268,0.18071190228771875
20210708,0.752903537317872,-0.5621209172122481
20210709,-0.6140926820263616,0.32799912956662086
20210712,-0.5755017427653198,-0.034849518310396094
20210713,0.7063727000498591,-0.16204594574955114
20210714,1.0094578588841232,-1.3379457907075656
20210715,-0.41802338243327863,-0.5418165419304433
20210716,-0.19959700786889495,0.40488952105088327
20210719,0.48567049098683907,-0.07916353743853427
20210721,0.3931891246748181,0.5571675504463153
20210722,-0.8235187776144084,-1.3218506301119377
20210723,0.9118285332782263,1.051231267082922
20210726,0.5556340178368421,1.0126453081648752
20210727,0.7853778682526091,-0.4280047499405251
20210728,-0.10220120652644242,0.2681833499058445
20210729,-0.31210227321467104,1.030203937512836
20210730,0.646724594296401,0.1340984889196082
20210802,-0.5002975895743488,1.3412539814207953
20210803,-0.21986850866418886,0.6240825419428984
20210804,-0.5447673190863414,1.400547446922016
20210805,-0.14306124732064485,-0.5891684133834187
20210806,0.7966913046736233,0.5092444655749755
20210809,1.3338186571721358,0.7442660638260237
20210810,0.4223733756791189,0.24376443505891154
20210812,-0.584923242507955,-0.04053252377486391
20210813,0.02812282823194028,-0.850783691687629
20210816,0.7548878419513463,-0.48461312646729415
20210818,-0.39750566966074163,-1.9376501219106272
20210819,1.344913129595903,-0.5062068218090265
20210820,-0.20447199827473753,0.8740011624603274
20210823,-0.6697997202248318,1.676160176709141
20210824,0.4551114405072654,0.5828590814035223
20210825,0.45622368033565713,0.06537515232806468
20210826,0.7688545652792457,0.686498966470836
20210827,0.31139079323403124,0.274062710637143
20210830,-0.4733059051147931,-0.8182587510807516
20210831,0.5090876388126637,0.9593836615434859
20210901,0.8408038995090933,-0.013114969353017307
20210902,-0.07596188136261356,0.14783628844228824
20210903,-0.4813245998416757,-0.8349088901570632
20210906,-0.06837146791304621,1.729451944967464
20210907,0.1894769391366934,-0.16547129191332022
20210908,0.893212898500013,0.08751839300415817
20210909,-0.5371601792280913,-0.615568666289358
20210910,0.12504256730512506,0.004003254184308663
20210913,0.3923968914754459,0.22484019966202076
20210914,-0.3518181987682815,0.837425197612996
20210915,0.6023185376984297,0.17915669633521986
20210916,-0.0643119240958114,0.11921985053325725
20210917,0.061316657895648934,-1.1081836236512443
20210920,0.7660865775736552,-0.4554373250910567
20210921,0.6904444533298935,-0.7535442544501475
20210922,-0.46583488941541057,-0.5797172196981346
20210923,0.209676496402574,-1.4840002408171271
20210924,0.5755539800783612,0.24187489955520788
20210927,0.8623067460202003,-0.6536435271484796
20210928,0.006089342542784282,-0.76010306759083
20210929,-0.9177202621411581,0.06878893543708522
20210930,-1.1173498075641688,-0.806403553357944
20211001,-0.17837770067112818,1.4176792253358033
20211004,-1.4312501060999314,0.2613451300783916
20211005,-0.42611997717768935,0.9673563464685221
20211006,-1.1568552733923365,-0.7313868861048817
20211007,-0.2040727705861672,-0.11127295244548062
20211008,-0.3005532719140334,0.4259675492191377
20211011,0.4312681522169243,-0.2957476606673697
20211012,-0.5349230088401189,-0.10642522128088791
20211013,-0.9414727818565851,-0.5571916833124448
20211014,-1.1144591253916374,0.017930480029127067
20211015,-0.36870782526383783,0.6687380852554284
20211018,0.25983877618479656,0.13530545615340425
20211019,1.0531597879603396,0.01863079010501322
20211021,0.395633409908897,-0.05735978903998649
20211022,0.19070487253153307,0.7242752916255304
20211025,0.41497805051247344,1.5596661470415927
20211026,-0.8445867007271811,-0.228538947351427
20211027,0.971133513269239,-0.13288081234550986
20211028,1.5128416755763696,-1.3511631800714943
20211029,0.008561862490365398,-0.08979842296913537
20211101,0.6022038488711559,1.0548892365774827
20211102,0.6036163042158409,-0.21427584750313006
20211103,-0.09216828052408498,0.02133640688847067
20211104,-0.010712857724667468,1.6669893760739658
20211105,0.31113481913052116,-0.028585089577159592
20211108,-0.3110315404284766,1.6553137547962518
20211109,-0.5916906632265074,1.0398750593521484
20211110,-0.4034837193849754,1.1980770445740887
20211111,0.11600608634537188,0.7295801385605659
20211112,0.49274809074933146,0.5805946577928977
20211115,0.3273267742867785,0.12074765443769217
20211116,-0.46340998859609756,0.48357328761031176
20211117,0.05501661525384033,-0.3683275540144279
20211118,0.5455849965048815,0.7872720579870867
20211119,0.19096960132176688,-1.0008794537910286
20211122,-0.43666292242476024,-0.3249634170256321
20211123,-0.02945296686509098,0.024925590556478666
20211124,0.3392980007485485,0.1716289129638707
20211125,-0.027300903611024788,0.10058801137794475
20211126,0.9440246321745918,-0.37792164875737544
20211129,-0.30506905639202636,-0.4695845832333496
20211130,0.932709200955078,1.4119726233024397
20211201,-0.5416672521108697,-0.2165295412905447
20211202,-1.1058408213782944,0.9026892130736076
20211203,-0.3714659210746136,0.7526718635536986
20211206,-0.5589998782087675,0.11036157126698158
20211207,-0.506243877459686,0.9092728486269581
20211208,-0.16281556143144504,1.0227169212322447
20211209,-0.045253287976180535,0.7119606225413307
20211210,1.2163605827818391,-0.3574173423074751
20211213,0.8560419868840853,2.095430579481782
20211214,1.3941480886171238,1.4027460601944997
20211215,0.17626875814555795,-0.38827850165993516
20211216,0.02380246474214913,-0.25952431006155363
20211217,-0.5751443269456454,0.13936664785544017
20211220,0.5918602805547817,-1.1651279262102414
20211221,0.37370666034717803,-0.36517886404511146
20211222,1.482132310555877,-0.6737896417038293
20211223,-0.6593636438339674,-0.42644239786291066
20211224,-0.10132137099207823,-1.2795283338923764
20211227,-0.26630248378154325,0.28466796664438465
20211228,-0.13168492051668151,-1.0099298369289016
20211229,-0.3434502164972641,0.6138398539030449
20211230,0.5884614712799028,-0.17055617932225153
20220103,-1.2685881649456485,0.660462689671854
20220104,0.4129934501932213,-1.2616080293365362
20220105,0.15933328434272345,-0.6058921823186059
20220106,0.11049988236595332,-0.30798392479980263
20220107,-0.8539750079937761,0.24333374985144413
20220110,0.020102172076734384,-0.03078550359871504
20220111,0.22990316340266073,-0.4923020549701553
20220112,-0.34611204471215756,-1.6244268595028204
20220113,-0.10008538950458436,-0.2536276951702204
20220114,-0.6405596926273134,-0.3911740641630846
20220117,0.7774764931006292,-0.7432691385168037
20220118,-0.09767377694634115,0.037751444374400145
20220119,0.915455224848001,-0.003246720662701671
20220120,-0.030426960032168757,-0.652211934666271
20220121,-0.7970434577466389,0.2723055683799689
20220124,0.6845736865643567,0.9479700975610523
20220125,0.5502511683642325,-0.9460428364039049
20220126,-0.4573440854859095,1.5450419445672454
20220127,0.21780920828580255,-0.6354623119546672
20220128,-0.22419661403086155,1.5478799372319623
20220131,0.15133033841507484,1.7582149237523972
20220202,-0.3870592487376364,1.078847591049589
20220203,0.6659936795729771,-0.7038705913204167
20220204,0.2143951486460953,1.1875153310238453
20220207,-1.0952530790510382,0.5912265057264485
20220208,0.18845726747427094,-0.2780700542287736
20220209,0.4677864842555328,-0.827792312091356
20220210,-0.22861655618293908,0.508996599659933
20220211,0.4191770071271616,1.3574717390253725
20220214,0.36358126670992313,-0.3361549798632915
20220215,-1.0393468795405245,1.1293795594642921
20220216,-0.5590489314716117,0.4998114095064481
20220217,0.03290750684182617,-1.300741935530049
20220218,-0.7872801338601446,-0.6450188306618851
20220221,-0.21453070892374088,-1.2808905359226108
20220222,0.17025210179759123,-0.4885144629448179
20220223,-0.5941266026460676,-0.6643107807831876
20220224,-0.46379800905607393,-0.5151790099752137
20220225,-0.35041569962725094,0.13813332696132175
20220301,0.43684436607892746,0.12709232098003648
20220302,-0.6575843224829283,1.3608034264423625
20220304,-1.0679187789527393,-0.24530664951089992
20220307,1.089528152820612,-0.571717436747357
20220308,-0.05918417681818888,-0.7838078372005156
20220309,0.5538131609894631,0.049937924188571535
20220310,-0.42930235691055274,-0.5404828596637287
20220311,0.9882941031538639,-0.3906928241006353
20220314,-0.6973559303506235,0.6255623223516676
20220315,-0.3110612851451962,-0.7747034488481358
20220316,-0.4228278245619775,-0.5573162628473327
20220317,0.11368283481265348,2.0277949149088683
20220318,0.23847347740542693,-0.1870240401081737
20220321,-0.24198092202837362,0.10742458204568983
20220322,-0.3417682394189581,0.3775379821332199
20220323,0.5473718787830267,0.17893335491188525
20220324,-0.6245507619051992,0.10926609988128147
20220325,-0.140504123254426,0.371171768945445
20220328,-0.13957616105215823,-0.1794195819413662
20220329,0.3909219971104218,-0.06463807937636601
20220330,-0.5476394021194831,-1.0056339600678137
20220331,0.6582731540871403,0.48502274104736665
20220401,0.14781807230374783,0.052225823310133666
20220404,-0.7946539252708058,1.4776515214327386
20220405,-0.17437408383396166,0.3679670477526567
20220406,-0.3000018672735839,0.6144880934237903
20220407,0.2604598386895927,-0.6880710942249011
20220408,-1.0368560430268556,0.48532693236944624
20220411,0.6476548540885231,1.418383882954451
20220412,-0.13488767098201151,-0.9279017909428351
20220413,-0.938015608295614,1.8318975931433341
20220414,0.466417907715883,0.3485186169155255
20220418,0.4850542389423629,-1.6984828034599033
20220419,-0.19679156075166618,0.15814615978802793
20220420,-1.9554742175518578,-0.06685759104773092
20220421,-0.35300462975088925,0.6260942190752158
20220422,0.8306160247094508,0.11686187382760146
20220425,-0.5315690736592665,-1.4118152707975815
20220426,-0.2670463775974413,-0.48655493406281874
20220427,0.29690589447473575,0.2423742718920793
20220428,-0.8177226479544991,0.6430553653236504
20220509,3.097419541214998,2.795291240625408
20220510,1.338747385891622,-2.3889764569071037
20220511,1.4029474725472744,-2.178922049022044
20220512,1.892189548458699,-0.9771908632583083
20220513,0.29128614112557616,1.403986137155535
20220517,0.14775813320152575,1.4953124483044544
20220518,0.05888406789367959,-0.37969968408031324
20220519,-0.39147297575112106,0.5854749772797962
20220520,-0.9380532623544251,1.6882528134309522
20220523,0.956821297510505,0.3666226920137418
20220524,0.730812463188702,1.9694976028355984
20220525,0.13428769682891248,1.5368765812926326
20220527,-0.28698725342587683,0.08391223218601543
20220530,-0.7881516753029835,1.5296635841847683
20220531,-1.1288136369395634,-0.1667242630041121
20220602,0.8567115782753351,1.3532674455963154
20220603,-0.2737202936069428,-0.35404091969798107
20220606,0.4256046940099601,1.661113720064087
20220607,0.08959912166297919,1.3074268318440094
20220608,-1.2280898301833334,-0.9075618603180753
20220609,-0.6384260635711726,-0.588678893938505
20220610,0.22106862363170612,0.7047788968983819
20220613,0.1432660553262957,-1.778975186211265
20220614,-0.25558174127470973,1.042989297911428
20220615,-0.3792406533012692,-0.1737332934108793
20220616,-0.5412390617071628,-0.10922566063393813
20220617,0.8842139372430332,0.4326685063813835
20220620,-0.8510064824302086,-0.38862975296302116
20220621,0.2592342383672148,-0.09012911634076227
20220622,1.0417942782429657,-1.1489800985392349
20220623,-0.13384313687673294,-2.236559120831954
20220624,0.11031402657096365,0.6277817179018789
20220627,-0.397658163826622,2.9501607464985784
20220628,-0.2095007437158886,0.15516037164382243
20220629,0.16626420844515316,-1.328958676206347
20220630,0.6532493915225608,-1.5331658071402334
20220701,0.4099419672727891,-1.5507847501805054
20220704,0.36301053301406055,0.13366734708920408
20220705,-0.8055030923254592,0.7573960138173431
20220706,1.211502065832016,-1.6301552391742458
20220707,0.6927746412863345,0.6576357791006814
20220708,-1.369287894088877,1.33403310560631
20220711,0.03432415168847443,0.8532105786379923
20220712,0.216665365416202,0.34375478941542065
20220713,0.6224201843169332,0.17294873478496087
20220714,-0.8081992036171094,-0.10867057637572179
20220715,0.4172790222291339,-0.8995560739621452
20220718,-0.7289253727734103,0.3402782758500426
20220719,-0.558662098029462,0.7591252024435635
20220720,-0.7361959988929233,-0.5686869135429058
20220721,0.5417432159696481,-0.20102040625636208
20220722,0.27595520820649116,0.543597109315432
20220725,0.4700898596538187,0.5119846335364833
20220726,-0.12727715460024985,0.0661343989325928
20220727,-0.3706137527773256,0.4393987533582335
20220728,-0.27135290413664687,0.46557524907111963
20220729,-0.39148954716940015,0.9659551126261939
20220801,-0.36670861154065065,0.5836897735292672
20220802,-0.5249582839092485,0.22095564222880437
20220803,-0.4248493739858481,0.055835107052876115
20220804,0.2655822611849473,-0.6489426624107942
20220805,0.251964759370853,0.05026239949736124
20220808,-0.42832462372338787,-0.036527566301960926
20220809,0.13154020699077346,-0.04521843218437756
20220810,-0.19547969980453944,0.5321668110599866
20220811,-0.3519190649690524,0.9601209227826275
20220812,0.3574598666684656,0.8398271870981519
20220815,0.37795115687804354,0.2795579321585598
20220816,0.2532010183741383,-0.7383210170149378
20220818,-0.1501861404031576,-0.5874498921347608
20220819,0.590598797815792,-0.43504947586095727
20220822,-0.7177401127606018,-0.5738467292390227
20220823,-0.7360863214304612,0.8713680574238423
20220824,-0.4461167130581901,0.6540721980601716
20220825,-0.21826323671080855,1.132187408609326
20220826,0.16931194368085956,0.566562759862541
20220829,0.07910341342700203,0.4553578050432834
20220830,-0.0245083970478029,0.3620902953747266
20220831,-0.16792899509657208,-0.4341308572046122
20220901,-0.07934326766799674,0.6301159956840237
20220902,-0.17271494974359422,-0.29505924165015107
20220905,0.077248861863691,-0.1560570844231713
20220906,0.613395360409047,1.1667081882622243
20220907,1.0629433630192013,-0.19380171768763418
20220908,0.45686113057753747,0.9058890925290441
20220909,0.15379147755343658,0.44805377565792953
20220912,0.9506822574235814,-0.18707868558553753
20220913,-0.11800844006464861,-0.17305987288445973
20220914,-0.27303729348263905,0.9859246372082591
20220915,-0.22232153559368764,-0.6004209079058187
20220916,0.14101406946257847,0.2784163865287254
20220919,-0.7304175798083974,-0.7431981301491152
20220920,0.587654913564884,-0.5279406648332029
20220921,-0.19445665050720767,-0.7380560148676167
20220922,-0.08305253849995976,0.7738504249694564
20220923,0.6500756990198988,0.7198896493391562
20220926,-0.3164470706117209,-0.9870490544857752
20220927,-0.15990509289764018,0.727597548006707
20220928,0.02175899541842479,-1.4472419047878737
20220929,-0.0208200606083786,-1.256194305356059
20220930,0.06110820309339568,-0.6304680586328021
20221003,0.7609070091362641,1.4600171993245565
20221004,-0.29338629827423046,1.2941132085356857
20221005,-0.19789487526258842,0.2949474395972347
20221006,-0.2864408802344495,0.5560810173373214
20221007,0.08017823611949854,0.6967810081284075
20221010,-0.18509186564036442,-0.6462941021141777
20221011,0.1780509029216968,-0.013120997325932228
20221012,-0.40316595269632466,-0.3857462064391998
20221013,-0.6159834669289735,0.5308741910249685
20221014,-0.18776002081737883,0.01969833379610571
20221017,-0.6856100117211412,-0.21564907880856424
20221018,0.1656522666532354,-0.0550122220259727
20221019,-0.6739430289824825,0.22593798882043908
20221020,-0.39672848017057066,0.511269074284609
20221021,-0.5434032480604142,0.6732209965646462
20221024,-0.5061066275407674,-0.1470387722652608
20221025,0.5781381003805028,0.1544480018925932
20221026,-0.12077551051511692,-0.04309159981249391
20221027,-0.3101380167586836,-0.31865138361219497
20221028,0.06510645422797591,-1.0221000082023066
20221031,-0.16116599651475144,-0.3146195388994759
20221101,0.6281096557502767,-0.8049698324684887
20221102,0.4015987556135548,0.333211891891955
20221103,-0.05014313817191772,1.0283930465540385
20221104,0.1179701053883962,-0.48415536492368083
20221107,-0.5138734482805625,0.5770300535782549
20221108,0.14037543099763905,0.5750387839643438
20221109,0.24783010597902874,-0.5734775767525464
20221110,0.8269373083878349,-1.5481472323968843
20221111,-0.8314132791878327,0.520117475562945
20221114,0.588389437043991,0.2656675767478314
20221115,0.03878606980025664,-0.530309799314221
20221116,0.5048179922073006,-0.48144705196717513
20221117,-0.15631408020032253,0.13346949711477993
20221118,-0.5927669023309141,-0.0943102918736405
20221121,0.12919323972720004,-0.22068121844916042
20221122,-0.07486461688970827,0.32677447944581567
20221123,-0.6611803280142411,0.7916174653950774
20221124,-0.2616833158847804,-0.36819465228104625
20221125,0.6412790065719892,-1.0342470530660053
20221128,-0.07804026004900626,-1.3503801442090326
20221129,-0.5555895343059102,0.8691821356522603
20221130,-1.1324121724418017,-0.10550545536902514
20221201,0.1381770707112339,0.8071182338632696
20221202,-0.594282238042977,-0.6982603475524323
20221205,-0.19665561218190883,-0.47272327426270533
20221206,-0.15982791896607845,-1.0799893131365657
20221207,-0.0641909974244485,-0.7599804580957124
20221208,-0.39658231328535193,0.6132438786773009
20221209,0.6000918831611781,0.15395526629345646
20221212,-0.5236487546526747,0.6459860522172585
20221213,0.34771922267000366,-0.7831067156764321
20221214,-0.8518343358076738,0.35425326319414735
20221215,0.30608062880978076,0.4697093965753344
20221216,-0.2981383970794382,-0.8641316709808626
20221219,-0.03609076991874073,-0.03410386467348091
20221220,0.11959166332179687,-1.3504095204135522
20221221,-0.4659129200242528,-1.4761162202297957
20221222,0.0016393328936999997,0.33625071160720343
20221223,0.28176167684759185,-0.15730882357221126
20221226,-0.8516489592072509,-0.5793015344213056
20221227,-0.46340362234563337,-1.3657061082504376
20221228,0.554079418771394,0.4880851468432482
20221229,0.4133289572983969,0.34189730869349344
20221230,0.4578203404180143,0.4908537648160733
20230102,0.3165049356676449,-0.07060317959283276
20230103,-0.36747013104372106,-0.1791156240421583
20230104,0.6569769542471616,-0.15714595733251036
20230105,1.2670866404031111,-1.355581301640825
20230106,-0.7972439171516031,0.7740955441064431
20230109,-0.41761289865980733,-0.7472937228793409
20230110,0.4223057979076094,-0.29773338691024487
20230111,-0.11529693160596487,0.0670097900030302
20230112,-0.6732819579831746,1.1283329553364727
20230113,0.6295588266017956,0.4045186799768634
20230116,-0.4314604553398547,0.751578081987787
20230117,-0.6435413711631157,-0.6079418382330118
20230118,-0.5508584638542904,1.122305676480536
20230119,-0.7082277991302334,1.1314729125660918
20230120,-1.0835066103296083,0.3890997840124395
20230124,0.00944051233674111,1.411751291783505
20230125,0.026593469879077028,0.9168483013596194
20230126,-0.4762729515429868,0.025295215685223985
20230127,-0.6363347711887145,0.19098516829120518
20230130,-0.004059431277216637,-0.1764722793252016
20230131,0.13511415397087426,0.433696289787122
20230201,-0.1362126324076038,0.7628013483292599
20230202,0.0751090789060502,-0.018750295303495996
20230203,0.14436852614729043,-0.4584973241854565
20230206,0.6002363375665826,-0.18031208241443922
20230207,-1.1048883396798386,0.043622860111873864
20230208,-0.39640045577532584,0.3410465504309129
20230209,0.11453960754224199,-0.2490124875505871
20230210,-0.27255854303802757,-0.3140607424156635
20230213,-0.23986286060618542,0.6030792316377152
20230214,-0.33087604392200864,-0.10810576770426657
20230215,0.6067686999668456,-0.3730019698504437
20230216,0.4170992310302591,-0.18135113670432762
20230217,-0.04097764455609772,-0.0956290303627213
20230220,-0.5426151923309773,0.8877810733020839
20230221,0.2347785615970529,-0.6181643856213546
20230222,0.817569655380816,-0.24255624453604396
20230223,0.03301776700068357,-0.44805511656770775
20230224,-0.21675183487639907,0.8028677172762606
20230227,-0.42470730965832804,0.5415700735137677
20230228,-0.5888844524368917,0.45520093199999556
20230301,-0.038813951493728814,0.3135457857514646
20230302,-0.44714598415004947,0.24024986789811867
20230303,0.38804053142956746,0.6235400458142125
20230306,0.25860348323788684,0.30123741742433
20230307,0.5776981472715647,-0.6788693488506272
20230308,-0.24960062104672914,-0.07961220678874473
20230309,-0.2724015002632277,0.3629462040460408
20230310,-0.00022085563977439215,-0.17973904180703737
20230313,-0.3503924525645878,-0.7598694047376688
20230314,1.0037104974965254,-0.9211481626039335
20230315,-0.26131140404440995,-0.06472606255816986
20230316,0.0007219868590455786,-1.5698137444699618
20230317,-1.6074458875108544,1.5209387890411572
20230320,1.2980936878754221,-0.6383717860603886
20230321,-0.9134241594472928,0.4027944143953481
20230324,-0.9786157159286417,-0.004298014605872997
20230327,0.7378605851979305,1.2108537023932755
20230328,-0.47599886102348227,0.13275060079512585
20230329,-1.1390484940520014,-0.19131356053816578
20230330,0.5275111147986544,-0.14525476375110713
20230331,0.40922619442568486,0.3536351418391076
20230403,-0.43633897570501945,0.24443972940274508
20230404,-0.5912105297416163,0.028646322774449322
20230405,0.12291956139957161,-0.21421700095357413
20230406,0.6513922181560418,-0.7378546549853396
20230410,-0.2594898366385863,-0.5234120603631722
20230411,-0.05293059673743836,0.07126466452074603
20230412,-0.07892044276270811,0.5938958424043681
20230413,-0.402849831040589,0.24686704694352563
20230414,-0.9249964340155501,-0.2866014890530078
20230417,0.4442708508219621,-0.49930908292575266
20230418,-0.572910396004268,0.28192634994362187
20230426,-0.03621281656972404,-0.3231391180858873
20230427,0.3930710091838308,-0.3467169820687959
20230428,0.08427548083156239,0.8972401987070696
20230502,0.4829497396208581,-0.40491382071458687
20230503,0.6175112309088105,-0.28936590418657804
20230504,-0.08019758412124811,-0.3060958613422599
20230505,-0.2677600787964539,0.06482756069244033
20230508,-0.2735631831256139,1.0731617137552627
20230509,-0.0777320764498685,0.4264503177436472
20230510,-0.2299882838610727,0.4776899422240013
20230511,0.40249161319445154,0.4142183695838457
20230512,-0.0412552777286873,0.8673768845318487
20230515,0.016035889220166216,-0.08164787351341575
20230516,0.6269144022868001,-0.03100453738046536
20230517,0.23353314965581778,-0.6208873769367445
20230519,-0.5529717339002782,-0.7513563528958629
20230522,-0.26472500454680453,1.039605372202205
20230523,0.2925810415165011,-0.1796790096705077
20230524,0.256308119560956,0.21192301909628172
20230525,0.46229227450842963,0.5251041192345249
20230526,0.5247079130481221,-0.1383728034561475
20230529,0.21362994760022155,-0.126984723266696
20230530,0.6300363628466823,-0.13662551765227915
20230531,0.5682974496460153,-0.23307915521553757
20230605,-0.7463270903214547,0.7507994930627988
20230606,-0.05860445049162767,1.38387851602649
20230607,0.04737291444025993,0.0905236518683935
20230608,-0.18464729390261161,-0.0786960408104516
20230609,0.22919607187314833,0.05679937854647533
20230612,-0.27777367890947385,-0.45718091707571823
20230613,-0.3863623425906155,0.01311640326592113
20230614,-0.36360705973124735,1.373154764132901
20230615,-0.6094124081412242,0.19171943390452578
20230616,-0.7060740410019887,-0.1734754940934025
20230619,0.38197299177831406,1.4365232469256255
20230620,0.3153019691482946,-0.45331948831192825
20230621,-0.398925386466048,0.5393433115234144
20230622,0.5135995202427895,0.35309387917402135
20230623,-0.11054798998626192,-0.3122808649188413
20230626,0.06061108597786172,0.02946246479347129
20230627,-0.36938721971893745,-0.3109687313043029
20230703,-0.47167496710004386,0.6161590312924828
20230704,0.25646995164359937,0.8562151721577413
20230705,-0.4842980837229973,0.7428198699514812
20230706,-0.48919769283299286,1.0561343901100706
20230707,1.0019736844462046,-0.5503244524407501
20230710,-0.20591156471922545,0.7884225224281054
20230711,-0.7974250906574325,0.09428531092084691
20230712,0.641093335643496,0.36844459921949485
20230713,0.8078689708390154,-0.7296441674343954
20230714,-0.044528875327650916,-0.1770281255153364
20230717,0.5885009489889589,0.2813148400156489
20230718,0.18190870954185057,-0.668948755742699
20230720,-0.27953821988432914,0.42051423664647875
20230721,0.2637732466042524,-0.7630303369384911
20230724,0.21128400767245703,-0.2741570660457825
20230725,-0.3260932842519231,0.06182234794142611
20230726,-1.1061807509217454,0.8081490062042155
20230727,0.7394690097005923,-0.5876515299209614
20230728,0.3669313326401358,-0.10333524545243314
20230731,-0.21436819227470616,0.6344472245854906
20230801,-0.30955029483625307,-0.28615067312691145
20230802,0.3417149263088214,0.20811837414646903
20230803,-0.8613881790475888,0.4980962168593745
20230804,0.5097822032734025,0.5662313411351307
20230807,-0.38702648031288406,0.5179985688440707
20230808,0.35175754398112646,0.6160474654565993
20230809,-0.03970216303916993,-0.7842769762010461
20230810,-0.13533727770060747,-0.288387981857211
20230811,0.3474634293919177,0.09553195248560642
20230814,-0.6982817199866472,0.4394274652996346
20230815,0.33664639469598995,-0.12900809154105106
20230816,-0.30709025365382914,0.05496705736743325
20230818,0.5417114407176513,-0.303628392929139
20230821,0.18519140042137333,-0.6084273517318283
20230822,-1.1661129982997103,0.18054269414362442
20230823,0.01436205011223178,-0.4289381145540637
20230824,0.3940849281483901,0.19336181759626966
20230825,0.5532556234401779,-0.40680083566992087
20230828,-0.5764208412224688,0.2240829735637132
20230829,0.12266427781139594,0.2697175809879387
20230830,0.45322402642203996,-0.06513902995708701
20230831,0.03626544384999139,-0.06257320473332688
20230901,-0.3733615769241416,0.23038792391265459
20230904,-0.8606841220692538,1.0069211273272742
20230905,0.10146861444861113,0.22789291252822813
20230906,-0.16905963571126173,0.7890710429329949
20230907,0.9585242684359679,-0.6002551869291222
20230908,0.248872059097558,0.7732554358958388
20230911,-0.16089844439019046,0.5364849155446028
20230912,0.5491002109098798,0.032973391714155025
20230913,-0.3708304516838878,0.9352564805853112
20230914,-0.18963986984795816,-0.7565422456646457
20230915,0.006980118836526542,-0.3329275828803339
20230918,0.6683600868426104,0.11820729811135569
20230919,-0.9141572391629176,0.4754372745481455
20230920,-0.6339736026092764,0.25730519499907784
20230921,-0.1282055808279186,-0.298915927875243
20230922,-0.2961741766589277,0.9857969854479584
20230925,0.15770720255275078,0.8099915071843458
20230926,0.6822613183860227,-0.7227616161559388
20230927,-0.16389791404243662,0.3334714973031607
20230929,0.6198959757793774,-0.15349439767539233
20231002,0.040511231830060244,-0.5723563374740442
20231003,0.15882681826044623,-0.7894052064551793
20231004,0.1702966631926633,-1.186881428483387
20231005,0.2586169196337207,0.43474664952328
20231006,-0.08507842689885586,0.5837288467444629
20231009,-0.4188119087212934,-0.09598059313419009
20231010,0.393263520485737,-0.2715913203935856
20231011,0.17792717820317816,0.9029145172341921
20231012,-0.5848789653731576,-0.04942907617182654
20231013,0.3450399151175566,0.38041002354909287
20231016,0.37353428380542225,-0.812454137311748
20231017,-0.0016620202756098545,0.021742355497662152
20231018,0.45857286861121244,-0.3133893611627886
20231019,0.6068661988179451,-0.5041320997064936
20231020,-0.14650574954493822,-0.02081396373355554
20231023,0.5526381218421096,0.1411652618458492
20231024,-0.13775002793917548,0.44080801174962453
20231025,0.14964041057426222,-1.019415978074049
20231026,0.3540094231541625,0.5078060691442409
20231027,-0.3347618790382842,0.4594201149009219
20231030,0.38909431123370986,-0.8661166255105348
20231031,-0.4515305212312819,-0.14937171342017425
20231101,1.2079113269690556,-1.1923425064405615
20231102,-1.0081011981579662,0.3295491398112471
20231103,-0.3723994343389565,0.03669853522339575
20231106,-0.5663388864890231,0.38060594647004514
20231107,0.43290754187271274,-0.5946121979620157
20231108,0.34189814145050546,-0.13784852996157423
20231109,-0.8604159595645259,0.47256569012550564
20231110,0.3741684716236622,-0.3527766245433424
20231113,-0.06309021981990845,-0.1308597741930811
20231114,0.32125145172318326,-0.7297559461880209
20231115,-0.18082950637284692,-0.12474608310733809
20231116,-0.04083108696354065,-0.04810262559403369
20231117,0.03108090069736157,-0.10924497117782916
20231120,-0.20238938779965526,-0.026040897881488348
20231121,0.06822021571704646,0.26059341382487416
20231122,0.3673273721697894,-0.4370025567673675
20231123,-0.5715941585207025,0.058369711259959475
20231124,0.297930074363433,-0.14746005668714313
20231127,0.6457210164135233,0.15057192690638874
20231128,-0.12269598834927162,0.11423775469971338
20231129,-0.0051366818913047355,0.1444922830696707
20231130,-0.231074393495655,-1.212729161384065
20231201,-0.5509662642756449,0.5016070572578478
20231204,-0.5099274985432197,-0.49743506453919306
20231205,0.0720715125742327,-0.20941850317396501
20231206,-0.11133888054951735,-0.07509586602614877
20231207,-0.8036816149523325,-1.3418919588894427
20231208,-0.2132180106755306,0.28248655417479895
20231211,-0.2969009505415647,-0.3677963998011007
20231212,-0.6310560175636201,0.6217656433371075
20231213,1.5004775813817346,-1.138084467332129
20231214,-1.049408477974692,-0.7942153665260571
20231215,-0.6428003799022921,-0.009073959525374587
20231218,0.17243445283940032,-0.31558040052929154
20231219,0.23989628436176108,-1.0888239302579614
20231220,-0.7002745610792441,0.23394878445135975
20231221,-0.8041426643621152,0.8090476884940921
20231222,-0.08590790897669785,-0.646510263992897
20231227,0.13023004837034352,-0.3338373341714999
20231228,0.19223700897135731,-1.0792746242060645
20240102,-1.2415298330549294,0.5753748818509999
20240103,0.5143826559951382,0.08754532678365969
20240104,-0.9419943458608092,0.5020613137783783
20240105,-0.26598711126994196,0.11782703123431973
20240108,0.14686307325626158,0.40970640075857473
20240109,-0.30293080771577857,1.191281306100196
20240110,-0.09458465858238939,0.15479599463733834
20240111,-0.4073653299438976,0.5635230588093931
20240112,-0.4285147387249239,-0.3680494104480278
20240115,0.1322658647201471,0.4570848818592554
20240116,-0.13650650189397856,0.008109586583464268
20240117,0.48638789086632866,-0.44183864957351376
20240118,-0.7637787093551609,-0.418920524636472
20240119,-0.23520030413105422,0.22922892031534084
20240122,-0.04292662226457898,-0.6837897866221513
20240123,-0.399412690077121,-1.0686265564681146
20240124,-0.025716348450970355,-0.6725104909000973
20240125,0.3505040460633731,-0.1308359429152816
20240126,-0.0358506470439585,0.32325211230615464
20240129,-0.6209659260861168,-0.48797784647131026
20240130,-0.21202322599231416,0.462897584353049
20240131,-0.48927071592695043,0.47335939847001257
20240201,-0.1762726799171361,-0.42806028605643764
20240202,-1.1832547643633433,0.25381134197262706
20240205,-0.05832151776414777,0.08511658362851965
20240206,-0.26387095410772715,-0.198973791767594
20240207,-0.6380741683984592,0.6987756349613768
20240212,-0.8772627861829239,0.37112279609059357
20240213,0.3529503404942776,0.7938177073194833
20240215,-0.5504555853150362,0.44701304786034435
20240216,-0.3643344921584973,-1.0227613381268787
20240219,0.058438514254908425,0.46862707792775765
20240220,0.04521914655929203,-0.3667311517798781
20240221,-0.7315097317143021,0.12011028471657463
20240222,-0.08382879143824908,0.4234628005826345
20240223,0.7390451020428882,-0.13346489847047052
20240226,0.26353412369486773,-0.34242273376378174
20240227,-0.18180028367214215,0.09889477942622536
20240228,-0.5755100160490711,-0.312530877809098
20240229,0.02109387227851438,0.5537915649541559
20240301,-0.33763922627989584,-0.025610307963097732
20240304,0.1805025120593559,0.41003296159505664
20240305,-0.24767763141301408,-0.0920951780704963
20240306,-0.41330641105797994,-0.8121033490483653
20240307,-0.34332170204571394,-0.1725667963856147
20240308,-0.3036802872677799,0.18197950444329342
20240313,-0.556754523436987,-0.12298614950668448
20240314,-0.4313164208984831,0.3932000862630308
20240315,1.1074036273906054,0.3156889707523096
20240318,0.17311984431349384,1.0470604167531705
20240319,0.11137912792351495,-0.03474374258409709
20240320,-0.5121039378676059,-0.5197829339255169
20240321,0.5313454522264132,-0.0643095455675393
20240322,0.4159287093655619,-0.3695004209444703
20240325,-2.128733986611468,0.45957186065498196
20240326,-0.9490787335340216,0.22298455882856028
20240327,-0.5704057142891983,-0.06353011772549273
20240328,-0.7201634708448426,-0.16918394784335467
20240401,-1.195850230245542,0.1844664256026786
20240402,-1.3683088482208676,0.4821518071403409
20240403,-0.03459279172233834,0.6925686350003204
20240404,-0.5468424270349905,-1.1183121736961728
20240405,1.107746455150029,-1.3574935899193237
20240416,0.32914351017916466,0.2946769134477202
20240417,0.5627738512188248,-0.025491029360254387
20240418,-0.15278218275465202,-0.7652869601677653
20240419,0.15339383447598615,-0.5568195282471329
20240422,-0.46681530899825974,0.5638581020093297
20240423,-0.9967755506511932,-0.31523046714749486
20240424,-0.6683541416037575,-0.061770812056389665
20240425,0.47249240193935843,-0.3175723113642405
20240426,1.3012577821363287,-0.11433453668218199
20240429,-1.6116930787367387,-0.08263528522436947
20240430,0.024409843730786168,-0.23211156973582994
20240502,0.6143872496325217,0.329007521551326
20240503,-0.1455841054633923,-0.39247891835263415
20240506,-0.251414362664013,0.23038609095641982
20240507,-0.3128414953508975,0.5080866692718353
20240508,0.5880666254740874,-0.42796872596462915
20240513,-0.3480467412667445,-0.1876763496251168
20240514,-0.2378819583252092,-0.20191825170017666
20240515,-0.5811499766812808,-0.5375365775801899
20240516,-0.617658635096273,0.5272252180720671
20240517,-0.8026796484138751,-0.48502502914200474
20240520,0.7879838931973271,0.36837804000023705
20240521,1.0487330241253918,-0.21128382840641405
20240522,-0.6077629364543323,0.6483077588145743
20240527,1.3269996787323484,0.03893547875590004
20240528,-1.3057486651870467,0.7258401794370051
20240529,0.0907506387594831,1.290752670138943
20240530,0.5715330793281905,0.0028556335132964676
20240531,0.2551038301656121,-1.5310303208868357
20240603,-1.0645112938347323,-0.5788855651578922
20240604,-0.7532493260149348,0.22078991636042128
20240605,0.7761089489945361,-0.013784618242142742
20240606,-0.357777774689777,0.19950616301778304
20240607,0.15580815741306067,0.2421778863649423
20240610,-0.47320421955572567,-0.964052574061886
20240611,0.7597470733996623,1.053081040066094
20240612,0.2531929659443004,-1.390129382505957
20240613,-0.38227983340453076,0.44705421029565384
20240614,0.2848911550189643,-0.07367608056940161
20240619,-0.10923314522325338,-1.203675398625563
20240620,-0.23695935159157994,-0.2103721836322167
20240621,-0.37729587851645147,0.9075169856594293
20240624,0.694894088378403,-0.03813382181635351
20240625,0.7044272669822691,-0.3338961388975025
20240626,0.2980971026258273,0.06988507279005775
20240627,-0.4725567060820796,-0.29000448490755903
20240628,-0.9753505262461392,0.01888149576330673
20240701,-0.5880736394047843,-0.07444101627432936
20240702,0.20708442232927393,0.9917497294908292
20240703,-0.4749716090716811,0.31113314075797815
20240704,0.31536525287513045,-0.1810903680995636
20240705,0.6261512045392791,-0.11168134095053389
20240708,-0.017948928816879234,0.928815625732441
20240709,0.5832750662011263,0.025632744564896975
20240710,0.7566963920004,-0.30717485109023485
20240711,0.08244381706408441,0.2996567486356905
20240712,-0.2685004773461475,0.7376849389297234
20240715,0.49588395463858703,1.1191305802944955
20240716,0.8583517950141201,0.20209854411583358
20240717,0.9905626218579708,1.042195229015456
20240718,-0.8758272194721549,-0.8108333157777561
20240719,-0.05109382400090286,0.16253952175057287
20240722,-0.4852348190524978,0.648409180974284
20240723,0.8763483583275843,-0.36076211783078777
20240724,0.7854310991319338,0.16823046018093757
20240725,0.2565691121555025,-0.24736851382044642
20240726,-0.3947661967416724,0.43477452407667905
20240729,-0.04452413934782028,0.7696519928923136
20240730,0.41783748591695824,0.39630213662232744
20240731,-0.41314718032053455,0.20080630389009724
20240801,0.6308378402248148,-0.5541668464205853
20240802,0.19168796512979488,0.9947914949047088
20240805,1.3694426481129511,-0.10388289764644842
20240806,-0.40799759754603954,0.6466708962557127
20240807,0.03680789817348713,-0.014012412727811008
20240808,-0.004858197522030882,0.47985705900419684
20240809,-0.037902807219310136,-0.7457539146906859
20240812,-0.09979183841983957,0.42579443364496394
20240813,0.08090199273862973,1.4852794076578908
20240814,-0.7034160541258198,-0.017095730792115668
20240815,0.880564910647847,0.38273318761331393
20240816,-0.17720549588689108,0.7956663119141856
20240819,0.16875270014893584,0.2741109557541369
20240820,-0.10842879809442857,0.518624329565381
20240821,0.1057470881631947,-0.7361593587595383
20240822,0.6577882918120557,0.08193350861435689
20240823,-0.1057880609574331,1.0068262204403193
20240826,0.33161119950279366,0.8938576794447335
20240827,0.7646526477472776,0.28135205138612557
20240828,-0.3228215839684508,0.0835814871393236
20240829,0.6563395013725299,-0.15448785706244608
20240830,-0.36767516682195717,-0.1569980087893865
20240902,-0.1877915730405651,1.3237047226278835
20240903,0.6505010161528479,-0.17651910938333656
20240904,-0.17396259943376707,-1.370403039787433
20240905,-0.3957672655715843,0.7345766698543298
20240906,0.5085694354454378,-0.28934209934930394
20240909,0.14263970738813259,-0.04063690196276894
20240910,-0.1429338428370354,-0.629139576546314
20240911,1.1242696618369452,-1.8256814780492723
20240912,-1.1455045037488094,0.6794431727375687
20240913,0.004551413953260528,0.6412798888658067
20240917,0.2707511549185761,0.2560383525171575
20240918,-0.0037340970004898417,-0.32633733813213484
20240919,-0.8867943889149734,0.05246095332340364
20240920,0.8684989975441803,1.7264894856892181
20240923,-0.2361293657555026,0.9470805365598682
20240924,-0.5670250331751505,0.47161236811822904
20240925,0.40344398213651095,-0.606514471827624
20240926,-0.2679050117246664,-0.4474675141959413
20240927,0.12298415706474707,0.08735700969521773
20240930,1.4026821998974066,1.1907377330243207
20241001,-0.8929653202076605,0.4284911322069426
20241002,0.3612650746531773,-0.388379080966582
20241003,-0.14887680115570925,1.5394667232384058
20241004,0.31026485553320543,-0.291891088796853
20241007,-0.5494039884361052,-0.3649981175984939
20241008,-0.3126372983717747,-0.047594915411345425
20241009,1.0534066182670478,0.9412476662981532
20241010,0.25593689652581336,0.12346643395540349
20241011,-0.6062566668111132,-0.0974872326780181
20241014,-0.07036855654223872,-0.1495254784130007
20241015,-0.24607438256141909,-0.3827804761352912
20241016,0.19543712344843003,0.02208024543492726
20241017,-0.5712849586796263,-0.25032321761984044
20241018,0.16208397276384393,-0.04225140610018613
20241021,0.045606597502026794,0.9402316352806815
20241022,-0.5741376212102124,-0.34232556503036693
20241023,0.4966028324820088,0.038404985922264746
20241024,1.2849495096803092,0.1349729943335238
20241025,1.2920692702126864,-1.096750680291359
20241028,1.0911489015809672,0.3393668247116943
20241029,0.8303117406950314,0.21708703290800624
20241030,1.1868161831611386,0.5138666278869783
20241031,0.887594365645261,0.22203994611765063
20241101,1.5448313551559942,-0.46069570970059043
20241104,-0.092303862325953,-0.8377466590573538
20241105,-0.1192831994987684,-0.09907545155484072
20241106,1.8019406035688978,-1.4659346263338207
20241107,1.6766049441026702,0.44373738748090563
20241108,0.07247149341735878,-1.916879267137326
20241111,-0.2835041132277797,-0.6925999918911532
20241112,-0.7152032778782264,-0.5033770526693971
20241113,0.7166164603444338,-0.3660744516552256
20241114,1.0852601676163829,-0.16019362817129307
20241115,-0.5921447099972403,-0.24781978957008605
20241118,-0.13437952639079076,-0.38317276932324074
20241119,-0.34471579697601334,0.5230621302462154
20241120,0.8563911130914916,0.15913993771203833
20241121,1.2914373375660189,0.7843135826268612
20241122,0.7184835142556286,-0.3221201228953889
20241125,-1.590600134283593,-0.04940347865752103
20241126,0.604515704221758,1.2711838968221156
20241128,0.944008698386246,1.407860160297552
20241129,1.2903677153520918,1.7380311133147701
20241202,-0.9408409982944267,-0.3647166132711395
20241203,-2.0193002638950563,-0.9032329519649458
20241204,-1.9451372825077518,-1.635070954251267
20241205,1.9504642720410064,-0.2986058816734598
20241206,0.5637519825870636,-0.9022168785505411
20241209,-1.2819230114003142,0.7745896020515968
20241210,-1.0381850130231294,-0.19012436377796407
20241211,1.0402307727729705,-0.868511784683378
20241212,0.35394049005421724,-0.10500506144774735
20241213,0.24188127521122355,-0.2807186410247774
20241216,-0.12146282861997676,-1.3576496718576778
20241217,0.715195796881962,-1.8497462732212664
20241218,0.40129681301092035,0.38791319219215237
20241219,0.44245456268996386,-0.861631888336703
20241220,-0.04448841566831934,-0.3653909148758147
20241223,-1.0730856863177314,-0.12458677077464556
20241224,0.4325940765118703,-1.1134092096430583
20241227,0.2783838018101599,0.6257231772242419
20241230,-0.7032044810386644,-0.22468095964986537
20250102,-0.13377151240639143,0.051653270038589695
20250103,-0.014169142058318958,-0.14786730954856248
20250106,1.3625776558228988,0.9081912694514676
20250107,0.23245767566297243,-0.45061686594442174
20250108,-0.049670525735628135,-0.733340276221243
20250109,0.1838422816123313,-0.18540215354946682
20250110,-0.051898254079935355,0.5924257041927117
20250113,0.926086942172762,0.6916089131715933
20250114,0.901537460062219,0.883533232530322
20250115,-0.7055884109444079,0.20186191110421564
20250116,0.6802966007928807,0.22318947348898538
20250117,-0.4562237322725496,-0.5339448310170256
20250120,0.23249965071919476,0.7186494442719061
20250121,-0.19740235932817302,-0.9941716185649023
20250122,-0.9789421208251053,-1.4011637610145815
20250123,0.8023699612975844,-0.4088266525274316
20250124,0.6660413389350934,-0.4949473048151397
20250130,0.7440145052659904,1.4271205627838086
20250131,0.475596732041032,0.7816698110251173
20250203,1.3369861906106217,1.47315139613474
20250204,0.6264841539209167,-0.47216577098306933
20250205,1.4017731516247378,0.6881707160002482
20250206,2.4410819206832453,-0.5513682325368718
20250207,2.200278650218561,2.8078879561068444
20250210,0.8555586283951937,-1.0828428420241891
20250211,1.2402413906001555,0.6913718943655525
20250212,-0.8989501439052734,-0.19355655914075898
20250213,0.8346828584746148,-0.11488218724947288
20250214,-0.28245425255177004,0.8893996364850282
20250217,-1.6924244846568686,-0.395715443119837
20250218,-0.052491218007038286,-0.40917650956665086
20250219,0.7703222243503302,-0.7494697023693005
20250220,1.0453167550340088,0.5506738632810415
20250221,1.2151578465700217,-1.2021476676228087
20250224,1.616504095856491,0.3703605608000134
20250225,0.5139021724192814,0.03480813095385893
20250226,0.5608386555389031,0.7775326828685102
20250227,1.4638912637146149,0.1592834935100127
20250228,1.5861671324515503,-0.6378858485061534
20250303,-0.5027802712057071,-0.11084256423560881
20250304,0.8705459277138009,0.5701818496190583
20250305,-0.5669143055479362,1.2115022699431566
20250306,-0.132309445967144,2.040721079260156
20250307,1.1862106203501386,1.6189597295013503
20250310,0.8162364446866521,-0.9989039620874125
20250311,-1.186622349942087,-3.8012259018791883
20250312,-2.224234507697005,-2.022373602545142
20250313,2.1044434819061304,3.4471905736259663
20250314,-1.4904588235228677,-0.7753460957998303
20250317,-0.5526687299084517,-0.726924780474816
20250318,1.5024837819435606,-0.0670325364111303
20250319,0.8408685697177983,-0.06923852640108014
20250320,0.3328650920592773,-1.9412677932929823
20250321,0.6130916230927156,-2.5386375419064056
20250324,-0.7963059426050474,-1.9810040773606576
20250325,-0.4027378652561696,-0.5652398119659948
20250326,-0.5745476618865246,-0.16134732393918647
20250327,-0.4668117164967847,-0.4892424989796879
20250408,1.7787744625690542,-1.9370975700081554
20250409,0.01455833054167504,-0.11109480302478221
20250410,-1.4274022370403718,1.3939826694017567
20250411,-0.1544615736082792,1.0074457522596625
20250414,-1.6731951777525857,-0.15183820857320002
20250415,-0.2821731119592214,0.16695612086156142
20250416,1.5072606310600736,1.6453486133640338
20250417,-0.7265547920479757,-0.663732511218633
20250421,-0.2711362259589895,-2.1621167373559653
20250422,-1.6759574445351304,0.65499912814395
20250423,0.21063279497214524,-0.10379211787644588
20250424,0.5890646018005764,0.24526244186607749
20250425,-0.0481254738231544,0.24395087769187895
20250428,0.4994526019797812,0.14218590884819815
20250429,1.0531587903997686,0.2671918011445659
20250430,-0.026349488756496654,-0.6066780881216491
20250502,0.7244199602552255,-0.45434688140602725
20250505,0.2750880060490405,0.5876188187484144
20250506,-0.29928081148596664,-0.48551312737281344
20250507,0.29086125229447374,-0.36659860265612637
20250508,1.5444279986940077,0.05443594387236957
20250509,0.970209594478437,-0.5622396678966242
20250514,-0.5504492825504982,-0.8813658332812037
20250515,-0.519006933974861,-0.4928101473205479
20250516,-1.1049570292948052,-0.34717950593957075
20250519,-1.0103588131844146,1.3520170343366527
20250520,0.8410210085346935,0.08640741633642617
20250521,-0.6547020297702609,-0.038486779199946225
20250522,0.009928224094184201,-0.05409876612347663
20250523,-1.0995598840010217,-1.5886279994021713
20250526,-0.4112938696446502,-0.5115595701960798
20250527,0.007212403846798207,0.6752040421150096
20250528,0.556824873393533,-0.020962891484609374
20250602,0.8014016138720526,0.042058343631446934
20250603,0.7042637336158556,0.35133984492645554
20250604,-1.4287824706226857,1.2216371947225015
20250605,-0.5947180151967901,-1.1492290867403336
20250610,-0.6387771345120171,-0.7899376767354663
20250611,0.686755128847364,0.48991358971345134
20250612,0.9285650914135419,0.4301662222304412
20250613,0.5777485943185927,0.7096198403779114
20250616,0.4718464163874372,0.6891547597972786
20250617,-0.6677327989552125,0.3722924173771053
20250618,0.977175896248153,0.503403233936116
20250619,0.5241442403114791,-0.13489820002213493
20250620,1.1319865303427203,0.3225587241442564
20250623,0.2917102777535456,-0.281129887661331
20250624,0.7904835646861486,1.0583697451297833
20250625,0.7786562432386288,0.386447215370747
20250626,-1.0066139722555656,-0.6246055457497182
20250630,-1.6753525164727971,0.22194689656431
20250701,0.665098044659946,-0.9372686597683875
20250702,0.12922055026586574,0.31834166800096114
20250703,0.10877972356869271,0.6134822395929297
20250704,0.1578792181785027,0.6061232277910399
20250707,-0.13057955510334757,-0.04061400190252008
20250708,-0.13924403042978015,-0.5227553513348803
20250709,0.35705031228753714,0.19562779015108808
20250710,-0.015456262851301292,0.7951063262737087
20250711,-0.33123009257458175,0.6194690022850032
20250714,-0.9516507802556858,-1.649134390742929
20250715,-0.8181232597435549,0.4703817207460794
20250716,0.27241994950740644,-0.3402120853565187
20250717,0.10971325558291595,-0.5443379123951579
20250718,0.21203701306970027,-0.4036630450910972
20250721,0.2066831357290525,-0.6319501743374668
20250722,1.2002064351752177,-0.1860802494267977
20250723,-1.2641247456659077,-0.4473342382211257
20250724,-0.12273062922374077,-0.5755523948453856
20250725,0.3070222517276165,-0.13365699754743632
20250728,-0.4008650672968708,0.4245869793340814
20250729,0.3103136353498822,0.5340826461339481
20250730,0.6967955949907987,1.1512378257521907
20250731,0.6050955174987231,-0.494462059066294
20250801,0.4883501369050889,-0.49699943493678056
20250804,0.4135738733802915,2.226053830963896
20250805,-0.3785501632749341,0.04610141257371022
20250806,0.6591449606216391,-0.3043876636910306
20250807,0.5724160188834669,-0.5391441439568775
20250808,-0.4785686603289754,0.20826468628681993
20250811,0.012591234140633956,0.3612859358365611
20250812,-1.043698440094751,0.08328201326830431
20250813,0.26035504993711334,-0.5464295075608007
20250814,0.2904921163763451,-0.21188106218081368
20250815,0.36626627737328693,-0.06814453030638588
20250819,1.1766992880832943,2.0871446624254295
20250820,0.14350521526515833,1.3417829661039704
20250821,2.037599819839502,0.8805715302224005
20250822,1.253167481573531,2.0157445297587473
20250825,0.49775593489439307,1.5579292127677213
20250826,0.9563103879681206,0.09353495867502251
20250827,1.5402850296807835,0.3100936102030554
20250828,1.162640183030474,1.2078925748025309
20250829,0.2184951858986664,-0.3078578711584526
20250901,-0.06304604859101344,0.8120722287670399
20250902,1.1853828837264158,1.37189675854528
20250903,0.24133544861630304,0.14848597980625688
20250904,0.3419689588482596,0.033552256083067646
20250908,0.8214573227938254,-0.2187985957545718
20250909,1.4370187362578903,0.4100507603322624
20250910,2.085126081811083,-0.2993061773418159
20250911,1.562118775419399,-0.6842192587438188
20250912,0.8867813274133133,-0.7540550871263558
20250915,1.046256800168458,0.5572062438728302
20250916,0.6468298493387067,0.3912185907080383
20250917,-0.4335525183712327,-0.44807442510459844
20250918,0.996099177824548,-1.2984146585549856
20250919,0.7304441417112879,-0.42283799025979185
20250922,0.9061823353383531,1.9145122665906573
20250923,0.16204200183151768,0.6543954150971337
20250924,-0.6643341681189845,0.48142394357734275
20250925,-0.18369222386945933,-0.4024742069581255
20250926,-0.3107162195598836,-1.6247485344773973
20250929,-0.2743168553763736,-0.6179804951841984
20250930,1.3343144118518475,-0.6918471030372488
20251001,0.060881283752111305,0.12008622048303255
20251002,0.7725786468232287,-1.3771329673815038
20251003,0.5828568020975772,-2.883945371829682
20251006,1.2436887364354638,-1.8387179656555774
20251007,1.7855684766533753,-1.1396402976475124
20251008,0.40548967026300226,0.8179668359223349
20251009,0.12632744749101094,0.7480511511051915
20251010,-0.19794041290397227,0.22971835439669422
20251013,-0.5876023886819312,0.3426306348655147
20251014,-0.813964400512332,-0.17510238388539212
20251015,-1.4767928873343448,0.4515708990970837
20251016,0.816357622254979,-0.9101684362850936
20251017,-1.0041202483380036,0.20353145466328187
20251020,-0.5710503629128594,-0.1274406198582585
20251021,0.05151597418350789,-1.582075294129273
20251022,1.1443199619911237,0.6099670609121479
20251023,0.17438795056724019,-0.12915273140844152
20251024,-0.13537309479693455,-0.25621437710047
20251027,-0.30448810519543895,1.7674978765597733
20251028,0.11544029151329531,0.7030405520141692
20251029,-1.3953699934939718,-0.8892230319358015
20251030,0.6177726394913214,-0.14767964176781112
20251031,-0.5144617017858147,-0.24867498351786058
20251103,-0.6407200713339622,-1.6591379747929822
20251104,-0.2690153149640256,-0.14498490153774302
20251105,-0.382224744529129,-1.207117303580597
20251106,0.45686960055435644,-0.0839989322389571
20251107,-0.4155778411947768,0.13090565777676014
20251110,1.3377187090560416,0.3514163139291697
20251111,0.17573114271654072,-0.06669905446566747
20251112,0.9655772728987676,-0.44248974869930313
20251113,1.1128918765974916,-0.4798098217176813
20251114,0.28654239614975124,-2.512209374032079
20251117,0.3007789394307552,0.1359016679215429
20251118,0.22246034257125646,1.3142505962964492
20251119,-0.609998580188545,0.606178916600409
20251120,0.4515692927003564,-0.28088927948587983
20251121,0.5233967146884869,0.27161459455167525
20251124,0.0733231155308425,-1.1188590406031778
20251125,0.6523891252919668,0.8657642743649839
20251126,-0.3277127347595916,-0.6125813657269216
20251127,0.9823917846177036,0.6527306038276177
20251128,0.6223683685931973,0.6633441703918488
20251201,1.3438518872087308,0.6128712764534971
20251202,0.48073188293869545,0.019334319019974344
20251203,1.648625243968876,1.1811880225433453
20251204,1.6670942148575336,2.3346893019062827
20251205,1.171428280152615,-0.06429483505288272
20251208,0.22512920586393143,0.7671804421815782
20251209,1.521185355504678,-0.22849078835730324
20251210,0.34064763100035533,0.09547308413469471
20251211,1.397157238574156,-0.8238501282124185
20251212,-0.9093814944045039,0.026401761718190288
20251215,0.9429052051391837,0.6825092030058977
20251216,0.3640505040689778,-0.048731285313719126
20251217,1.170069866343023,0.9007992204464212
20251218,0.6404228529293386,0.9918217559193057
20251219,-1.7377732328409945,-0.47517243107096946
20251222,-1.685937037836701,0.051042454191893745
20251223,0.16854626948129803,0.8050650418439932
20251224,-0.9075205541229271,0.4669678589500739
20251229,0.9047112766655728,0.30867184497585937
20251230,-0.09702524228640368,1.6322723227093388
20260102,1.7645029519060198,0.7941026009883119
20260105,1.527260678680214,1.0759421877342055
20260106,0.5746471584469375,0.3589822539308233
20260107,0.03075688174773274,1.1432236135605238
20260108,0.6271694999190333,-0.05680729379994246
20260109,1.9586406524832105,0.5873325881714353
20260112,0.15165446240441854,2.6588192489943907
20260113,-0.8131882588283453,0.677854617452017
20260114,2.7017221123750406,-0.9101409775181588
20260115,1.2937491600924378,-0.3848102428182349
20260119,0.5607645396117324,0.40165900909161795
20260120,0.8833589420616428,-0.25776473742358047
20260121,0.6750822532715438,-0.38119462453641806
20260122,-1.6437284143970081,0.2837294050158892
20260123,-2.9938238327871005,0.9508598389446479
20260126,-2.549145376498099,-0.40395261023402973
20260127,0.7979048664263658,-0.551035750525383
20260128,-0.8874940073863885,1.0023345028508157
20260129,-0.5825605668185417,-1.6043542651573082
20260130,0.2519237258503578,0.9802059516026224
20260202,-2.534665575022628,-0.0986253933232123
20260203,1.7220830155219111,0.336650417677449
20260204,-2.614021559432601,0.8633957510723319
20260205,-0.9781136078235657,1.8676417437161725
20260206,-2.0906859640424007,-0.20110200911431161
20260209,0.7538271705114196,-0.9803487304799529
20260210,1.0274892647037868,0.9980542129730853
20260211,1.8746862724900966,-0.7117218897320504
20260212,-0.5020514823867012,1.7254938220226972
20260213,0.8366318750116085,1.6768444805246756
20260218,2.0720287017312966,0.5050703203724912
20260219,0.31578810867214013,0.01341608986326515
20260220,-0.23220769091165794,-0.019020262366886524
20260223,1.5102910097889888,-0.056439811757981115
20260224,-0.6379170741539473,0.4450791237636292
20260225,-0.7834527802940139,0.8704078090727891
20260226,-0.9734600522824157,1.2648123836043321
20260227,-0.6091526839452294,-0.5296855059392078
20260302,-4.082106839179055,0.886626881014569
20260303,1.5720168374781276,-0.16766274169984002
20260304,-0.27594004530580307,-1.2281039728387975
20260305,1.4185195838166298,1.2097115510094107
20260306,-0.28079375089510794,-2.937076855623683
20260309,-1.9402875856435748,-0.413460633257013
20260310,-0.46188666635304054,1.6642030454226335
20260311,2.0600513903223585,-2.2163899484104563
20260312,-1.9922175694658275,0.4352303894127937
20260313,0.6110556406075135,1.1996595734104432
20260316,0.2608299555870353,1.4952114842161992
20260317,0.3565299725914111,1.103507531210798
20260325,0.7159992349475772,-0.2484162970448473
20260326,0.95609753706083,0.39782029619216164
20260327,-0.048051909504165206,0.6014333206361112
20260330,-0.7417904381619529,0.37464543763112723
20260331,0.005678767821932357,-0.390960230626478
20260401,0.3636574880593378,-1.5073678806290434
20260402,0.252437653248918,0.6702905262141994
20260406,-0.275602607841024,0.5867734739634909
20260407,0.02976031638387423,-0.434101190494817
20260408,0.5114449591892202,-1.182907265992403
20260409,-0.20498231783354706,-0.9184127511770162
20260410,0.8221021634008153,-1.55350441347062
20260413,0.7699937129292114,-0.1766582759465205
20260414,0.8592643687903998,-0.35316761692761633
20260415,1.4902878397428745,0.9770522668904636
20260416,0.19237425370535505,0.4210442900954031
20260417,0.16051195593262685,-0.4495200184979325
20260420,0.9078207267439294,1.3127960352818409
20260421,1.2424388344104174,1.05685685707444
20260422,2.1738558571557,2.543793420730942
20260423,-0.1960919642929765,1.580582481482063
20260424,-0.638880529346961,-1.5224475149740502
20260427,1.3697766348823146,0.5565743661931856
20260428,1.2357794536428428,1.2135986716722882
20260429,0.8627931570880295,-0.13776830312617477
20260430,0.37236245731333567,-0.2740224716575786
20260504,0.3842831805410083,-1.129705538949097
20260505,-0.22970896171862226,-0.21587994533907123
20260506,-0.64809496475954,0.9086291732700331
20260507,-1.0334245992931177,1.0684568421499725
20260508,-0.8815342669490643,0.409229572117361
20260511,-0.6722851640946766,0.2410401114716262
20260512,-0.028797706051841496,-0.5126775117534609
20260513,3.179454006249645,0.7704060048630794
20260518,-0.011143988133687985,0.676700298911364
20260519,-0.19647133524689567,0.4731863352965777
20260520,-1.2359339282657253,1.1400377996143862
20260521,-2.522220603409131,0.10176711755787438
20260522,-0.25331538960948147,0.6720215470338733
20260525,1.6697474700316701,-0.2390275781024527
20260526,-0.6204337759088493,-0.7608293350589279
20260529,-0.3262343447426019,-2.1264077884836476
20260602,-0.3827302921789443,-1.9778336555960896
20260603,-0.40214408145562364,-0.6888503127888169
20260604,-1.4786725305004282,-0.8208667329401658
20260605,0.5166927599373379,0.07348617800539275
20260608,0.07480780411497287,-0.6050233511177283
20260609,-1.019003129708007,-0.33691947985212134
20260610,0.33932711662772036,0.0008709307814276646
20260611,0.422899259819533,-0.8666510618821807
20260612,0.7669977178140278,0.5115536645437218
20260615,-0.36653241833602657,-0.928800403865071
20260617,0.4810985005786218,0.13775177581093337
20260618,-0.4354136462077342,0.647540017786767
20260619,-0.3322287802906815,-0.6956405990154261
20260622,-0.5795347656211396,0.27818761105298473
20260623,-0.12979764850189512,0.16107519513208474
20260624,0.40213449167161575,-0.1602594169031253
20260625,0.1597696474084528,-0.12072546561322679
20260626,-1.0545590280271597,0.06392418383032103
20260629,-0.1513961766984027,0.6254721072719962
20260630,-0.04262248452729239,0.2998597197780083
20260701,0.5661942969783496,-2.4714592637676374
20260702,0.5593736812012793,-1.1101331096331757
20260703,-0.25794979355460956,-1.346116301483596
20260706,0.9145024369885811,-0.8028704761668969
20260707,0.3087320626270396,1.57328780703709
20260708,1.0800480131470134,-0.8127016267756868
20260709,-0.720239973073977,0.050469298391213314
20260710,0.04952909447585533,0.7320992568179698
20260713,-0.9285301167488436,-0.5708952683806443
20260714,0.5650576868130514,0.8957941164765707
20260715,-0.31489518304826847,0.4548659457717076
20260716,-0.6378433140036375,0.48818328649336484
20260717,-0.14682593786772236,-0.18315821602206198
20260720,0.13813459381903753,-0.15570525312258582
20260721,-0.03680889000530416,-1.3060595831135013
20260722,0.1791759097392247,-0.011357820666145404
20260723,0.743065485131558,-0.6912107335161376
20260724,-0.12153650438144273,0.39135032423423466
20260727,0.5872585266717495,-0.12014806610831691
20260728,0.7489536934921377,0.898013440993348
20260729,-0.21665267353006618,0.0211814502185265
20260730,0.28322640621585415,0.3608814071823065
