Date,SMB,HML
20150105,-0.7131008879498786,0.8466661913914231
20150106,-0.0331430538167643,-0.7351261411176776
20150107,-0.23025345862696364,-0.10813381624942606
20150108,-0.6054233560907079,0.5762585360146553
20150109,0.3983609039801598,-1.0539929578689766
20150112,0.9930915129721483,0.4772720014665374
20150113,-0.2411639732404363,-0.168765434210703
20150114,-0.3608080396818246,0.20409795081206517
20150115,0.32064985985695094,-0.09848105587362578
20150116,0.7428004856930378,-0.21121360530772598
20150119,-0.3178813894350372,-0.6728285731511765
20150120,-0.5702386440376345,-1.1350525568806888
20150121,0.12456566312650982,-0.7732434101099732
20150122,-0.5827171027897602,0.412568257482442
20150123,-0.7794220222180871,-0.29906023086800004
20150126,0.6660057089055474,-0.15201124429773263
20150127,-0.09034243794692072,0.6617205539517954
20150128,0.5815978418564449,1.0217353459750393
20150129,0.14612508367899105,0.12143484564422122
20150130,-0.43944894560649145,-0.40437558660141487
20150202,-0.022828052453365652,0.11214146973669943
20150203,0.14855461924836047,-0.2787456092607647
20150204,-0.26224808985407594,-0.7192498237150312
20150205,0.7018507567262623,0.17724468028158571
20150206,-0.10162440214200623,-0.4814394600570423
20150209,-0.2963438546403656,-0.3906638770582415
20150210,0.9653598703301223,-0.8500680938108786
20150211,-0.4583173469784056,0.60471492027716
20150212,0.07492890843941227,-0.5286970307134229
20150213,-0.37681537257225695,-0.5481484849180707
20150216,0.030368074363472473,-0.45155224187729837
20150217,-0.7167098609206943,-0.3606105077147308
20150218,-0.729051584322676,0.03617177885880637
20150220,0.1132376950129908,0.41778047610441943
20150223,0.25165261800208033,-0.3599861978028988
20150224,-0.6105467776556146,-0.6395633721010071
20150225,-0.8550472998098894,-0.2161970872593199
20150226,0.40663534217001573,0.6482160036238922
20150227,0.2587348582048503,1.1006453244231431
20150302,-0.4059475782992645,-0.42280998676520976
20150303,-0.04894325861878469,-0.31460507371150426
20150304,0.042428227222170566,-0.055244499765827765
20150305,1.0647063505489855,-0.04351361962016422
20150306,0.0568744627650589,-0.6327589692523637
20150309,0.37239302384716316,-0.42718955913991685
20150310,-0.2449480352386001,0.14702362774989072
20150311,0.35813380326966215,-0.5930756557739004
20150312,0.14567661906316523,0.21673935027533509
20150313,0.24553328324419993,0.10809233965284373
20150316,-0.839891863777589,0.002889946255350221
20150317,-0.3755917647898509,0.33194752368830654
20150318,0.33270746734656287,0.2611697606514925
20150319,-0.6429527377349398,0.2575507541128947
20150323,-0.1332799005565594,-0.5611989874932481
20150324,-1.1084805437224947,0.010741773846461482
20150325,-0.15327891013503392,-0.41603353968572826
20150326,0.165725926198446,0.3827302646793633
20150327,0.20694788543714698,-0.4913252994638173
20150330,-0.30477537767478624,0.16201130696082638
20150331,-1.0825103566127399,-0.05766840496813676
20150401,0.6794051353831463,-0.17740628491385424
20150402,0.5617367361150534,-0.8402711703513033
20150406,0.2061660692690796,-0.6637892219694592
20150407,-0.4110577524973521,0.49017989395038963
20150408,0.5296004892224848,0.11082001440717335
20150409,-0.5063353831719319,1.3322307605664225
20150410,0.19039096800182057,0.24204123872505354
20150413,0.9100613374219709,0.11132837940957437
20150414,0.6119757601291973,-0.8239069150311642
20150415,-0.5206323723806792,0.056726353176585975
20150416,-0.24707577273182874,-0.03941072440651773
20150417,0.20551401460361987,0.10043326571542628
20150420,-0.03887071131691033,-0.37852859460555494
20150421,-0.8056216144646544,-0.21697821205520362
20150422,0.2868052013638002,-0.31320555717551063
20150423,0.39169769995737536,0.04726300619991852
20150424,-0.08129181850610719,-0.6111274430942362
20150427,1.7609093644791813,-1.9668672353662973
20150428,-0.041835853421934494,0.7076102763196273
20150429,0.5850343187833078,1.9285447957470214
20150430,-0.34835834098999335,1.572087783406782
20150504,-1.1777761453833278,-1.5090417711299349
20150505,-0.2025831375191924,-0.1296477249720619
20150506,-0.40862663953140704,0.1302109352306369
20150507,0.619796004157917,0.022840740163821652
20150508,-0.7068238895230056,-0.29111471565551283
20150511,0.5370520102537458,-0.44972937485804054
20150512,-0.34750340961612614,-0.3138560085716425
20150513,-1.2387199104522695,0.6408058567607887
20150515,1.2091126714506142,-0.46809288160075274
20150518,-0.6227209232333306,0.9376336754682675
20150519,-0.1272653503308863,-0.38320736937075117
20150520,-0.5175560039252181,-0.20928299488597893
20150521,-0.16802169301963488,-0.06142052906964017
20150522,0.03942498076883682,0.156295161264713
20150525,0.13286879403866161,-0.5846825481328154
20150526,0.09681907242172676,-0.4848112725368293
20150527,0.5594363023426885,0.5662678761648265
20150528,0.9316112423691305,-0.6481375205481357
20150529,1.4022128579360165,-0.9959241654004414
20150601,-0.2646128210290827,-0.6426442352721561
20150603,1.1802573521502149,-0.3676237366834081
20150604,-0.08541780554057223,-0.522272534845131
20150605,-0.11376492378549101,-0.27505939720118155
20150608,0.9014384897036397,-0.7209322191147256
20150609,2.136314548997126,-1.3498758730441278
20150610,-0.5199048862645292,-0.3992075168514709
20150611,0.29973043750148204,-0.06276137195437335
20150612,-0.5947939964752609,0.04931804586194336
20150615,1.034045175580999,-0.3606227568362092
20150616,0.07124939628463944,-0.4598916889747889
20150617,-0.712871410980179,-0.04896235234053501
20150618,-0.2643967211580085,-0.1399446298939863
20150619,-0.47650004442124483,0.2476032651859545
20150622,0.530064377709426,-0.3709401711826922
20150623,0.15746042181616424,0.5539097655985263
20150624,0.48183751559698246,-0.22810589938737805
20150625,0.7214827066048414,0.08475021571356331
20150626,-0.2598769833167385,0.00033704702134267246
20150629,-0.07328720538490449,0.3759252640142734
20150630,0.6659916745639409,-0.8259788201733901
20150701,0.12545926685762224,-0.09627471420653139
20150702,-0.33246051303685475,-0.49912059942857495
20150703,-0.6885965537748281,0.02808130030729156
20150706,0.4601108861639962,-0.27730477828201877
20150707,0.49449308504323325,-0.4880604768017654
20150708,1.1133398424975953,-0.8693404929206909
20150709,0.10359737605916547,-0.4819874744482585
20150710,-0.1770572881841563,0.17031133996135056
20150713,-0.42068246365847045,-0.060105888492098136
20150714,0.6229595551574799,-1.166717724270381
20150715,0.12949224032161913,-0.14432358248938462
20150722,-0.32587018981372173,-1.080011604757358
20150723,0.12893676488624364,-0.11153664168842099
20150724,1.5934709236528795,-0.6090065831828706
20150727,1.4845640256975257,0.4386118278284088
20150728,0.12752562586735883,0.04332054768298784
20150729,0.2122651489232094,-0.1902232096583572
20150730,0.637007318017311,0.07117638613766332
20150731,-1.3355029744409341,-1.0840306386396226
20150803,-0.13507570631852428,-0.5137255721705644
20150804,-0.16766231399663015,0.8094101182643807
20150805,-1.3457321262491808,0.4169990433062902
20150806,1.4556967601202393,-0.8194640973981843
20150807,0.5368117395745717,-0.9021328496674667
20150810,0.7622180260369659,-1.0578930857877689
20150811,1.4887100463958869,0.2682188320723179
20150812,1.2643483301278962,-1.5275772700341355
20150813,-1.5622304585872608,0.015056968230892087
20150814,0.691861158805161,-0.30590605302669727
20150818,1.0399381353623087,-0.30846153914221297
20150819,0.02549320228780634,0.2176600070789887
20150820,-0.30819026094857715,-0.40293185328616093
20150821,1.3310763108545467,0.04417620341463924
20150824,1.979607075439237,-1.7083398725834746
20150825,-1.4598616467355505,0.47502452279949475
20150826,0.1501745267389197,-0.8284961421941693
20150827,-2.8748271980647306,-1.0691130135757947
20150828,-0.3345963098697564,0.43638559097683743
20150831,-0.6386264774210406,-0.4371384318049734
20150901,1.3410218226501476,1.0881610583646737
20150902,-0.4930858903191703,0.6700370539289613
20150903,-0.25925375845450555,0.6648377232795574
20150904,1.0126836640936268,-1.135659229183797
20150907,1.1774717260544654,-0.3309469572350154
20150908,-0.6929840973118846,0.8843490303144438
20150909,-0.3833266402972503,-0.6194743620117182
20150910,1.1452814032350491,-1.2250956564468705
20150911,-0.9956136098744989,0.8978999471125303
20150914,-0.3550863185121923,-0.48137926866732916
20150915,0.8034149482887675,0.5021959140529753
20150916,0.04875617507693736,0.5637201928202348
20150917,-0.10931367992662944,-1.484354250153224
20150918,0.6186122248788543,-1.0964824791510248
20150921,-0.39924595071775937,1.1606475445018205
20150922,-0.11019879892339261,0.6427622019670988
20150923,1.7750679315435989,0.17457584090907388
20150925,0.9150448104713826,-0.40726156370578076
20150928,2.231186863863736,-0.7966886800109072
20150929,-1.2983734243927911,-1.3790820277724969
20150930,-0.6752531893252304,-0.20160135478460817
20151001,-0.7055771893062721,0.3062747148423291
20151002,0.014936858001285327,-0.0028588646385524497
20151005,-2.2484400843783057,-0.444139076904285
20151006,-2.237324389213381,-0.7593411544528968
20151007,-0.5864007006781445,1.5009860927399834
20151008,-0.5668372005032168,-0.32531204871888536
20151009,-1.4634508657572332,0.9811404346319542
20151012,-1.045486340417028,0.31586054707861094
20151013,2.101712420153516,0.155992833321119
20151016,-0.20153361429649436,-1.1583436569675003
20151019,-0.5675395862414901,-0.719865677398703
20151020,-2.6307453668172402,-2.5282702880227528
20151021,0.12465480675496829,-0.9300389163889928
20151022,0.0960850397995774,0.21967524538269037
20151023,-1.093061835349145,0.733194473438534
20151026,-0.3932646732673237,0.8437887051402684
20151027,0.2324538057336829,0.22725204821924597
20151028,0.39568840980413733,-0.3206734150355825
20151029,2.3101913093430784,-0.11194129061903313
20151030,1.0228002274841288,-0.24484633025047267
20151102,-0.223916758992277,0.03586054826739743
20151103,-1.7651435830121478,0.4244744321066472
20151104,-1.583827594424432,-1.0699312491925332
20151105,1.1262676229909057,-0.15731553816488797
20151106,0.2915810248678485,0.10129099674074371
20151109,1.2432291954824013,-1.0255401017623849
20151110,0.7455782666908544,-0.05618244419571317
20151111,0.6951380527875518,-0.7620503170634676
20151112,0.273075138648058,-0.05710856089562347
20151113,0.07097648350006536,-1.630699237398134
20151116,0.7705632331578578,-0.11451758931693258
20151117,-1.1795825185444353,-0.6337785008064094
20151118,-0.1288929565098785,0.18672786622943652
20151119,-1.2172524479978994,1.31832941958662
20151120,0.13111608386809528,-1.138724395763984
20151123,0.7081383967428242,-0.7227903153144357
20151124,-0.0053017377891172385,0.49506720358849243
20151125,-0.650998121713863,0.46092356164078635
20151126,-0.4874253843378475,-0.38772809780873946
20151127,0.9404976045006397,-0.7508051587967062
20151130,2.4011100710258906,-0.47507654766044144
20151201,-1.7990205919846163,-0.9473790554256145
20151202,0.158913563169867,0.011870434710194448
20151203,0.2263475262708186,-0.6454201964898725
20151204,1.050898828336495,-0.31136101888995044
20151207,-0.5382181395213219,-0.5803894480049914
20151208,0.8221553303938537,-0.35196721243710133
20151210,0.3305717691676945,-0.5707274472872907
20151211,0.4837784499617812,0.6793716532797888
20151214,1.1856632974125711,-0.48809226357752955
20151215,-0.45744064606507584,-0.24788401898026774
20151216,-1.5560390625918168,0.017017553112745956
20151217,-1.193848726379388,-0.7243692848304855
20151218,1.7817485412752572,-0.6573018455474642
20151221,0.009927058595006477,0.2837213860896782
20151222,-0.1290268150640291,-0.856140295694868
20151223,-0.09438600294074923,0.5318333886706238
20151228,0.415863257552364,-0.4505470889810792
20151229,-0.43776904457324095,0.6634242361107205
20151230,0.04097016289704644,-0.642476538245996
20160104,0.887887040671728,-0.6428026506682177
20160105,-0.884362984185319,-0.10481308256529596
20160106,-0.4904880840267171,-0.9774804674052402
20160107,0.8632756321478391,0.5417770728352176
20160108,-0.3579120612277219,-0.20266875741320264
20160111,0.48690947322792033,1.1433466743556457
20160112,-0.6536412285187679,-1.1319044821259414
20160113,-0.30325063906097877,-0.7192554446162036
20160114,0.6105481550114494,0.3661899494938738
20160115,0.5021611050176247,-0.5684365032395363
20160118,0.5124041735277545,0.6442545471553318
20160119,-0.37748046425838505,-0.2328486148184699
20160120,1.2134509354269067,-0.23154574467388975
20160121,-0.4249735588560448,0.26374382034148586
20160122,-1.669237525471707,1.04808263125348
20160125,-0.5485644600544468,-1.0880962591199785
20160126,0.3718177283153291,-1.3186884498340803
20160127,-1.8706409170722453,0.42211961928375097
20160128,-0.6245902840956388,0.25924322743350947
20160129,0.5173346977750801,-1.0228188599026333
20160201,0.04142349729705459,0.32761516601609963
20160202,0.12743338324136372,1.7626633439536226
20160203,-0.46666447650318876,0.47853802948442165
20160204,-1.1013788650200687,-0.37515406707637566
20160205,-2.3528302361866658,-1.0751422657451322
20160209,0.9385789969570824,0.04219859964493394
20160210,0.9685288329081294,-0.041298459579000406
20160211,-0.507662739288525,-0.22859992835912107
20160212,0.805500618821341,0.0581261763965979
20160215,0.20195105603791713,-0.005333905773890514
20160216,-0.7977408433003494,1.3200130388232205
20160217,-0.3200596398254918,0.24653991252403284
20160218,-0.3494463050265618,0.5235996584023412
20160219,1.4945453334500651,0.06956432739163976
20160222,-0.6080055930356009,0.852309597940583
20160223,1.3675793057611387,-0.29315730653002287
20160224,0.22932612901844854,0.2354007124504139
20160225,-0.023369739418667823,0.1272645137679033
20160226,-0.9741728326056308,-0.5925884434830935
20160229,-0.05099081660024148,0.5617289842305189
20160301,-0.7764940413074987,0.5440021326385239
20160302,-0.49548260469397964,0.26454826101195167
20160303,-0.1856526790992055,-0.2402667223865653
20160304,-0.7862108728677024,1.554943157715974
20160307,-0.5043690688613353,3.059881863533759
20160308,-0.9092294535161961,1.4864412260842779
20160310,0.320303389092668,1.184407003324953
20160311,-0.0072963773433165815,-0.3632031382714618
20160314,-1.3071490399817793,0.6876284805777408
20160315,1.0115015410196648,-0.3209289564551723
20160316,0.3975442892217928,0.26356319141132967
20160317,0.39212101004865946,1.4358236839718852
20160318,1.5001723031945733,-1.7157503385396997
20160321,0.14981095994963745,1.2196742247843693
20160322,0.7770370456558855,-0.2673011051407743
20160323,0.3148242396933776,1.2635611754288432
20160324,0.5584032580496926,-0.7011069727530409
20160328,0.8072137869706213,-0.6520109522025889
20160329,-0.11064796277688153,0.16512057004002947
20160330,-0.31618347131451596,0.17252152116159597
20160331,-0.05683748129196538,-2.078004350219135
20160401,-0.7336275759265545,-0.35082645163687765
20160404,-0.9579430647858619,0.08935803436786376
20160405,0.09459576837796073,-0.2624686350533416
20160406,-0.3566336312016151,1.2606158845097029
20160407,-0.474934754158875,1.1810465230701683
20160408,0.23617914714762892,0.6286814210663167
20160411,0.04252032584215848,1.2561704911744902
20160412,-0.557150340206858,-0.014203794003996554
20160413,-0.24099677741298114,1.908499805201189
20160414,0.580445824750516,-0.7425469433300198
20160415,0.3807418204733811,-1.4236252039143427
20160418,-0.8648881359764641,0.08262500095567518
20160419,-0.8169118390399968,1.1307160535164218
20160420,-0.2871414492132923,0.8456379834494938
20160421,-0.5829306458298842,1.3038077421713885
20160422,0.14405522507105037,0.07088090775135927
20160425,0.7631351228419562,0.7754796679237942
20160426,0.8405627699785009,0.8962506259110372
20160427,1.065971132118743,-0.17180723759743732
20160428,-0.15509658983878646,1.3410425545484073
20160429,0.5131317087439734,0.5910307507458756
20160502,-0.1067131156476128,0.06453619107439738
20160503,-0.44746359586075635,1.0940996369264848
20160504,-0.019862648969147263,-0.8550696330528372
20160509,-1.76833806134516,-3.3767113020138186
20160510,0.742013012993822,-1.4146127206120784
20160511,-0.5655897587239598,0.6476149928061141
20160512,0.21040869011360389,-0.42500500061103685
20160513,0.9827988067634084,0.008558324264814135
20160516,1.3091598068861368,0.4294482929061555
20160517,0.5584285680169323,0.6376171520461364
20160518,-0.35383930840146866,0.7607471935443427
20160519,0.4558535071687,-0.8294215496589266
20160520,0.22334762161616006,-0.4392905693937941
20160523,-0.09464818560334333,-0.644631303151782
20160524,-0.06631090117631844,-0.5228094083271703
20160525,-0.6627660608235727,0.03513244386548677
20160526,-0.32825735474185824,0.9306573722401875
20160527,-0.21007775900363448,-0.6380336230024632
20160530,-0.06797403804674065,-0.40570106789727356
20160531,1.4818686013977493,-1.4148134438010214
20160601,-0.8151539776176189,-0.21197310849118225
20160602,-0.06027316706375936,0.7295162124160245
20160603,-0.810170897518577,1.1251922761069701
20160606,-1.617545808638363,0.6679546012448628
20160607,-1.383055643333294,1.0991670815064545
20160608,-0.03586138340515438,0.2897778033884069
20160609,0.36597287615481533,1.4481212975982978
20160610,0.37734282115999146,0.4624824174212443
20160613,0.3247817054246535,-0.24188220542935862
20160614,0.15953852756892692,-1.0802358138341333
20160615,-0.2982228824430843,0.8388272878649273
20160616,-0.4838481278308726,0.6941633392919374
20160617,0.10728854896501824,-0.6375834084464584
20160620,-0.7734390105484839,1.8048507761257795
20160621,-0.19710051335896756,0.2385440241352739
20160622,-0.3134410465443283,-0.25069131042762777
20160623,0.518537076612003,-0.9022251508377105
20160624,0.11007881930316281,-0.14056549468550225
20160627,0.2096183785796452,-0.3250984170437998
20160628,-1.0907020123656417,0.3111983559531992
20160629,-0.4853263122054627,-0.4135414329596986
20160630,0.1584080099644879,0.820552319900858
20160701,0.6590282601641448,1.0906267806097523
20160711,-1.957240893232157,1.2540734346340072
20160712,-0.7076210725320373,2.167237053220768
20160713,-0.8347543931218733,0.7315145888434667
20160714,1.0782917181223408,1.2099509613337307
20160715,0.5762560484941985,-0.16722950159945424
20160718,-1.3297226068063575,1.9266341839910366
20160719,-1.4060957889573376,-0.021393067403233774
20160720,-0.3456704388879712,-0.5104219978925023
20160721,0.7928000567919135,0.5140815716311505
20160722,0.19290630844463535,0.43373462580901523
20160725,-0.5409145975396881,0.1303188811741369
20160726,0.08491887713161408,-0.9772862959949314
20160727,-0.5832626759371123,0.8711398903119785
20160728,-0.3715044754848601,0.6644515236356314
20160729,0.9544161228080985,1.0899011865991644
20160801,-0.8689671356469355,-2.088490063008276
20160802,-0.19446556698385292,0.6720294874238796
20160803,-0.015557463592716824,2.186322861982248
20160804,-0.501871228852613,0.5963692590790425
20160805,-1.2212522382396074,0.8594965511446302
20160808,0.14126870233493644,0.10170777637390371
20160809,-0.1429701309850117,1.280306716976335
20160810,1.3990902580683413,0.3028781016227485
20160811,0.28753071830459587,-0.11528227970164799
20160812,-0.44907489719344357,0.30622380609290195
20160815,0.4547409112297755,-0.4934494609253332
20160816,-0.4949938743295872,0.3803414115809008
20160818,-1.6137314791057609,-0.44832494591125066
20160819,0.47656200415604105,-0.5854779175655858
20160822,0.016349063770592243,0.23382790981980084
20160823,0.27395548152552884,-1.005691615093408
20160824,0.07753651662837453,1.2338241510380623
20160825,-0.7271182118459207,-0.5412330422119271
20160826,0.031820447457761664,-0.9750939021198753
20160829,0.6457850266484134,-0.572864091604189
20160830,-0.7810625358713651,-0.15185028050979624
20160831,-0.3140084424722726,0.9979003484837826
20160901,0.6850546852883577,-0.009396705175057554
20160902,0.36864189813450077,-0.9497820637658262
20160905,-0.38248430881189266,0.8865357942673927
20160906,-0.5480744903548798,-0.5133518185762684
20160907,-0.37798177656295656,0.7922548365114539
20160908,0.19530359826694887,1.4968248220648805
20160909,0.6845487829558378,0.07894012537991557
20160913,0.8078052894082131,-2.6806114514843986
20160914,1.09881231122501,-1.7667156053119186
20160915,-1.451913018863324,-0.31103193659590933
20160916,0.15655331935907044,-0.5186297050572218
20160919,-0.2212587951221339,-0.6441325873726639
20160920,0.16526517547013486,-0.08981553380393806
20160921,-0.871140689070345,0.8227583537433876
20160922,-0.6757187971513433,0.33410893385273377
20160923,-0.602915782732265,0.48894475271626797
20160926,0.35165213828223635,-0.7060710656174127
20160927,-2.0423135860677437,1.5269435604285362
20160928,0.0750460576596202,1.1780642717484036
20160929,-0.587216843191136,2.3213320956020063
20160930,1.461476363703043,-0.32032606864555896
20161003,-1.5704859866272052,0.8920889756588843
20161004,-0.24564624534533452,-0.4367827429780222
20161005,2.1243097453770643,-0.6063015289497139
20161006,-0.4807724965628075,0.6651669595815269
20161007,0.7064352910722254,1.2336158160106485
20161010,0.7694112379561169,-0.2117759719751563
20161011,-0.296360779433278,-0.018229299978027476
20161012,0.04951898777650474,1.2178421804899937
20161013,-0.03877557124727579,0.26041007526290694
20161014,-0.7087423518508711,-0.2721797301955084
20161017,-0.014125089715592148,1.1322273864447505
20161018,-0.6895077889062539,-0.09398379902632807
20161019,-0.4314438956607404,1.7309548100225975
20161020,0.23009524413297242,0.022667358234794693
20161021,-0.12948914931544087,-0.39885209022174056
20161024,-0.16040826257094337,0.9981294284576253
20161025,0.8206665679366808,1.6892457841484836
20161026,-0.17859150893937825,1.0575999508090912
20161027,-1.112158362092221,0.04901771873475869
20161028,0.07361903101134261,-0.37124734276884164
20161031,-0.17441627199512216,1.0895003864881958
20161101,-0.6006234144485425,0.9147037190313231
20161102,-0.7841274882829733,1.1457314485836998
20161103,0.8741713216092063,-0.6227872423436139
20161104,-0.9065422715103534,1.0646408411453507
20161107,-0.9354523586074449,1.047085346938644
20161108,-0.9864775010057654,-0.31278168849558075
20161109,0.8123479142715544,0.05121703017894729
20161110,-0.41693842817530014,1.9066525897391267
20161111,1.476219561907977,1.366875138763635
20161114,1.8869256788758115,0.38363129539713636
20161115,1.1818183917145098,-3.5648399549600454
20161116,-2.0702934003443314,1.664709088412818
20161117,0.5764844818632591,-0.9754874638361586
20161118,0.9446778216836149,-0.5187225788166836
20161121,1.2062164263499455,2.1470285017268593
20161122,-1.3056061170267423,2.7303004866274962
20161123,-0.12140419362543664,1.000461287726255
20161124,1.9701400959297743,0.7257847405280391
20161125,0.041286477670895994,0.44785658899108727
20161128,0.6351125207006876,1.0147471830365142
20161129,-0.12950944719103907,0.04749997614814227
20161130,0.12582453640364316,-1.3769746414941022
20161201,-1.0629319101627719,-0.04449326817365599
20161202,-0.5852495742186853,0.5274070553420624
20161205,0.27337194346178373,0.7081467791882451
20161206,1.2860962091511838,-1.3321174852609288
20161207,0.11894373445291476,-1.3315833204770198
20161208,-0.003157784612474663,-0.9312025136685202
20161209,0.6374855081828162,-0.37587449837532905
20161213,0.4599470807732646,-0.505191804054051
20161214,0.5649824702607099,0.3629261224597819
20161215,-0.12964796767244707,-0.027784549992384503
20161216,-0.08760663697835123,0.17162829617448733
20161219,-0.4596179103850414,0.46404950415399293
20161220,1.329206713923051,-0.4656505409138412
20161221,0.5956694784777065,-0.36897103120688846
20161222,0.3496735361759982,-0.5659413129897508
20161223,0.9066998159014887,0.17813941731189784
20161227,0.04293201932319482,-0.6420314159903697
20161228,-0.2906695963298362,-1.4250441686794098
20161229,-1.2223174871999931,-0.8823775383600435
20161230,0.9705047311437099,-1.8730897788876795
20170103,-1.0088902644602138,1.8617326837050867
20170104,-0.5660720447384806,0.332053098133813
20170105,-0.00838842473487064,-0.2609626515766264
20170106,-0.09698280132239773,1.31295753835001
20170109,1.0700529766095719,1.3889710989514348
20170110,-0.2945666478580146,0.7294663460982701
20170111,0.6198092682767626,0.5517415600969559
20170112,1.309449854118126,0.33330785878193225
20170113,0.4433337607343571,-0.49577511101665994
20170116,0.6762650055178754,0.7099082172843343
20170117,0.7314515871762197,0.590924274114391
20170118,-0.04182208888125951,0.23462569316675605
20170119,0.14300064150466332,0.9171042531321436
20170120,1.1303019956305096,0.7446597992754486
20170123,0.09872465163560025,0.5409358540435266
20170124,0.3528074415746375,-0.36463992691169916
20170125,0.10733390373975099,0.3658304691326258
20170126,0.15658065082049602,0.32259139083019756
20170127,0.432260928462571,1.1233914879523412
20170130,-0.2834206211840798,0.6238539852798209
20170131,0.3187408401679132,-0.2731897858280405
20170201,-0.9752572357339246,-0.11291804438664961
20170202,-1.0697223407710563,1.409945739675494
20170203,-0.3647532916016469,0.7128002545555
20170206,-0.23751647204613746,-0.5547967405643888
20170207,0.533079224381073,0.24783649626301504
20170208,-0.23525843456330278,-0.02662996977624687
20170209,-0.7034151524497961,0.8643422892670637
20170210,0.5564386008304679,0.9698710999086525
20170213,-0.14986634868580218,-0.5063408631569054
20170214,0.46050615496988156,-0.648966212269406
20170216,-0.9552859642643307,0.07008883308409629
20170217,-0.5791206668864098,-1.2735717917790486
20170220,-0.07144778805394081,0.5657634483788794
20170221,-2.046275063565298,-1.845962767939461
20170222,0.46411613154411213,0.5647634350465498
20170223,0.47900022880075943,0.23364706753237416
20170224,-0.062342923107244305,-0.0856177357839159
20170227,1.0059481465948867,-0.7024576974860771
20170228,-0.30401891312718965,0.3062887196802151
20170301,0.3557794704435648,0.6888330783443323
20170302,-1.0040680369465111,0.02712916753289437
20170303,0.16538929701995925,0.8946792430830988
20170306,-0.296787840761098,-0.3955205922967213
20170307,-0.019338421366491675,0.8809436379329836
20170308,0.13320079829809436,-0.648986328588451
20170309,0.19467514802504773,-0.5179019942324823
20170310,1.0335246119919357,-1.4856946512705087
20170313,0.17522108852363472,0.3388087511444846
20170314,0.21544302226640952,-0.7031814839075845
20170315,0.33024052694625594,0.3408088614671988
20170316,-0.5591534708573582,0.2022692391206336
20170317,-0.05530736579923562,0.5581175931566106
20170320,0.16429532342582567,0.42050296361439515
20170321,0.33228619390567005,1.1149174876711327
20170322,0.40588706687137643,0.00229527904023895
20170323,0.07277879455052111,0.5723033906032211
20170324,-0.8025880364793148,0.1476789919951322
20170327,0.06722693284086263,0.30943492883487966
20170329,-0.4356933039207935,0.5877986244521642
20170330,0.6974987134855831,-0.2014351055925377
20170331,1.2974505101836418,0.18274734227433018
20170403,-1.0198785068200047,0.5960610986807786
20170404,-0.6287871360184527,1.6827023427981072
20170405,-0.32197146560268275,0.9268568806779627
20170406,-0.533407499950762,0.030891096131032966
20170407,-0.3387666606646384,0.6488540118821245
20170410,0.3238099847267601,1.2309816081064449
20170411,0.9813643843633901,0.5322873858683143
20170412,0.5173577422999494,-1.1113581221849844
20170413,1.0192721643809217,-1.5111096332789644
20170417,0.42249339189974566,0.9910184129432755
20170418,-0.7273179731493477,-0.003151625436719537
20170420,0.7912418660731415,-0.012526587901745068
20170421,0.11101786671352831,-2.127316668132247
20170425,-0.48616303020742774,0.03659192440297063
20170426,-0.19483191287634793,-0.9430057376211798
20170427,0.9386942799928358,1.2340125985202628
20170428,0.5616830446823202,1.3249348392255462
20170502,0.51280688372823,-1.556131759839024
20170503,0.23458117687500868,-1.3952401912328443
20170504,-0.8846532191963083,-0.4518865225422286
20170505,-0.5475976025803712,-0.8296091436386269
20170508,-0.14543928058881744,1.3477042144797056
20170509,0.7016865546768113,0.3375887117562872
20170510,1.9690331092073905,-3.9454191877283233
20170512,0.8461656394120362,0.3896219923972528
20170515,-0.6796426293726556,0.21757680241505079
20170516,-0.026541412319224304,1.8240632605468974
20170517,1.114633259896908,-0.4344130002951955
20170518,0.31326797575960685,0.5354726824497023
20170519,-0.9810220665315665,1.5872437053756971
20170522,0.39618413242103484,-0.3858103671653481
20170523,0.31969245778543276,0.06254514473635603
20170524,0.04915675237197924,0.2127685924124374
20170526,-0.5115344948151934,-1.0609665285031475
20170529,-1.1540183596522895,-0.17606600527797023
20170530,0.8080615106300206,-0.3325183209526026
20170531,-1.2508449355208469,1.0643497856622528
20170602,0.7201926839308824,-0.18774872960537556
20170605,-0.3895105411313648,-0.2503554371064696
20170606,-0.8560820287011264,0.7515200031169773
20170607,-0.5341059301686485,0.8092786721676438
20170608,0.5433387126484315,-0.6344445053046104
20170609,0.27175379077663,-0.5083889591497125
20170612,-0.19941575807029283,-1.606824554718215
20170613,-0.6952323137540498,0.6601457860906133
20170614,-0.8352940255627734,1.2597552340114886
20170615,0.9848944841264317,0.8559302687535651
20170616,1.075113193307551,-1.071523941346917
20170619,-0.1324762295513475,-1.7292351757914894
20170620,0.07265229987987853,0.4097521847425857
20170621,-0.5168928263174267,-1.1535353425487007
20170622,0.599538957814642,-1.0628179672976235
20170703,-1.6529965138164646,-0.2469819221544543
20170704,-0.36016545302836855,0.5391431743969746
20170705,0.735445466036154,0.4823558811635602
20170706,-1.094843317790465,0.4938511546865191
20170707,0.013916238038588769,-0.4970221398617264
20170710,0.45265145122687656,-0.40419001838220775
20170711,-0.22315057123887638,1.2511105633597797
20170712,-0.116894571979698,-0.5270527138636495
20170713,0.2597916737336406,-0.27878272417393013
20170714,-0.11720681747590828,0.4053653620098845
20170717,-0.4127799870850971,0.1516586359437009
20170718,0.36098031048574614,0.3981151551553251
20170719,0.11461967381142531,0.23140629377577235
20170720,0.02817112352456368,0.49980477639250953
20170721,0.6372354399313213,1.2241424913103667
20170724,-0.8559126904739632,-1.437363859285847
20170725,-0.49646859601127713,-0.37006169638319436
20170726,-0.1072078417665677,0.1357447289006779
20170727,-0.3515077154883696,0.35705494354322875
20170728,-0.5279988670727211,0.18975910917954966
20170731,0.4557746768825571,-0.3479203617868766
20170801,0.004572583058663022,0.7633028101922337
20170802,-0.42283301565621345,-0.39216361552970547
20170803,0.6980433878853044,-0.39113673492475065
20170804,0.6944695562939636,-0.7162738327343274
20170807,-0.03571116404976083,0.09317669285358005
20170808,-0.7790289342107333,-1.2061378484475824
20170809,-1.0167164264188207,0.9296823960641702
20170810,-0.052647469465891404,0.7118750467681132
20170811,0.48067935378212373,0.008126652130753531
20170814,-0.5213263495421769,0.2053964358727873
20170815,-0.2496447210817206,-0.08994836312050287
20170816,-0.11999474112590891,-0.9420821543367579
20170818,0.5529585513924292,-0.49509590586297514
20170821,0.06764582889517189,0.031629592854252264
20170822,-0.3448545177771829,-0.0004438646724577158
20170823,-0.17224621900192955,-0.4372824213181835
20170824,0.3849760279845824,0.6850981521764029
20170825,-0.0792240309194335,-0.36840344042231743
20170828,-0.34324920568622697,0.32307063142071707
20170829,0.1300830813608792,0.013129435165322532
20170830,0.019755303119727587,0.023751360752450677
20170831,-0.040122027456444276,-0.9544283051590058
20170904,0.36564305672174496,0.09705865149127711
20170905,-0.1513845406392368,-0.45982892952109655
20170906,-0.3991325336305944,0.8649155234013689
20170907,-0.3465065682563831,0.9739240315653066
20170908,-0.40792525728873136,-0.021601773133067808
20170911,-0.006205314127799219,0.9055183785876344
20170912,-0.42011647377294714,-0.28967063853140096
20170913,0.2827898724099528,0.49875159478335984
20170914,-0.06366128891213065,0.7308027391083027
20170915,-0.6675925890273764,0.24538005110120736
20170918,-0.4867935472468771,0.5984209531225636
20170919,-0.30435978040519857,1.1251393795563194
20170920,-0.4721849725859348,0.9950424621699274
20170922,-0.6878183348498611,1.3628595647873423
20170925,0.7856854269246843,-1.3266533060257584
20170926,-0.020716955773723584,-1.2005661314479419
20170927,0.3135811839907984,-0.8989717298334027
20170928,0.28281260285895504,0.03663676862626961
20170929,-0.799208955397228,0.37793285153392825
20171002,-0.6493776136308356,0.21805917332694222
20171003,-0.6182900108142835,0.389622813716468
20171004,-0.011818370273231505,0.4838587755917764
20171005,0.7810982711417074,0.37266358642689723
20171006,-0.20253218857627284,-0.10639909707335808
20171009,-0.08926304020818017,-0.46701219623709256
20171010,0.2607090146491382,-0.06362989195935706
20171011,-0.09689492750545277,1.369963313256095
20171012,-0.6761331744482802,0.28651900665289787
20171013,0.2888595280329983,-0.5122948729814405
20171016,-0.46580300297186744,0.8318836720802701
20171017,-0.04344937925482601,0.06390025774013998
20171018,-0.4329828144361836,2.133798465580796
20171019,0.7817553716590274,-0.7409319912201702
20171020,-0.2486323120371108,-0.5605821468521318
20171023,-0.6526147114076271,0.3320279510330206
20171024,0.1275617074502588,-0.07958121659871692
20171025,-1.0124421044795373,0.26058017287788043
20171026,-0.12862396120508074,0.6952164566525526
20171027,0.7853660590936111,-0.09007064318821874
20171030,0.0013992354321523074,0.4429279795939844
20171031,0.00025264526910956375,-0.4574785211030484
20171101,-1.053682568445297,0.0468535587032247
20171102,0.3587615091084217,-0.3864667620579442
20171103,-0.8657541536328655,-0.33293265034265546
20171106,-0.3098503405333122,0.8774888171704727
20171107,-0.44414483906532004,0.17014795999646407
20171108,-0.3974208045154697,0.4159555804919548
20171109,0.46193346866437396,0.08969413057361585
20171110,0.6304192683648451,0.6894017304143928
20171113,0.3209209140510827,0.1246229896047273
20171114,0.08963601031152547,0.030878680443650233
20171115,0.5291208263970509,-0.4073184100314732
20171116,-0.3932099798595477,0.024494404056492336
20171117,-0.36925572545655155,-0.051571157057690914
20171120,-0.10496128979136955,-0.055276292795696326
20171121,0.3695210856295191,0.46914151238809454
20171122,-0.18974170977080387,-0.04256462081258746
20171123,-0.12059697208680378,0.33579533350154733
20171124,0.12670159233053488,-0.7469824770159749
20171127,0.9281435762115873,-2.0520376821379607
20171128,-0.5594877145426633,-0.9782007287151762
20171129,-0.055131952952372304,0.7712006964852183
20171130,0.538266629308303,1.9117868839444898
20171204,-0.3454457763485393,-2.446727354630409
20171205,-0.040605448549169226,-2.482882361989974
20171206,-0.3527940201854445,-1.7610245090219065
20171207,0.13352604709693092,0.10529130008251658
20171208,0.2770117174642173,-0.4287121777203873
20171211,-0.06333461873151269,-0.8306272353768271
20171212,-0.7896887090143889,0.42054187776339363
20171213,-0.5938777959374784,1.7357911814778706
20171214,-0.9284337715528239,-0.381900912047018
20171215,0.3349204600537542,-0.4798895162160603
20171218,-0.4532972754826333,0.11603433157493395
20171219,-0.6920582725223657,0.4978217212080596
20171220,0.8258665057030724,-0.2617896132475597
20171221,0.1243627154729858,-0.3332546687362757
20171222,-0.4229223403931677,-1.3162369132818879
20171227,0.21894246019175267,-0.16510982815260863
20171228,-0.9169967923449207,0.4373788732229706
20180102,-0.7851103362306161,1.488412677737241
20180103,1.0212201449349396,1.9462930768896527
20180104,-0.6491100576624405,0.7116650692055191
20180105,-0.2663637256061164,-0.321419158400546
20180108,-0.40725113820850495,0.6907130508672203
20180109,-0.16387184514248213,0.3769144815757871
20180110,0.12146590265990762,1.2544681203336046
20180111,-0.6460372780961948,0.9890518314936357
20180112,-0.4719116631253266,-0.037309119004822054
20180115,-0.030152991447178347,0.37771102954757535
20180116,-1.1626623926626405,1.421500240199365
20180117,-0.5383401655570987,1.0433372803266272
20180118,-0.005555159039817245,-0.5424681551030099
20180119,-0.6389069013121134,1.667634557956376
20180122,0.2263792895816517,0.8955913660010566
20180123,-1.8291661840501043,0.09499935682972492
20180124,-0.35188579035953704,1.383837542835954
20180125,-0.2470263327979107,1.2284222577160426
20180126,-1.0290531918335877,1.5485248590432241
20180129,0.39020927815278506,1.63666264159024
20180130,0.709424245213726,-0.11419723390132616
20180131,-0.7036874617020387,1.3369257563000454
20180201,0.9170158238244125,-0.6073223990457355
20180202,-0.27354425053853204,0.09934234512304135
20180205,0.8653009261564013,-0.43177954093940585
20180206,1.0194185846320643,-1.5489193902491323
20180207,0.9425196363939834,0.20107069659346458
20180208,0.03921422719802628,0.1795992560755762
20180209,0.8849830895425166,-1.0302105061536058
20180212,-0.15353254673232708,1.9666959323620365
20180213,0.11027354420435811,-0.5531312797493466
20180214,0.026844561511868686,0.9623137440556238
20180215,-0.17703253421367088,0.5401750231896031
20180219,-0.6976154201382536,1.3340985671540735
20180220,0.4166167035978186,1.207236976554979
20180221,0.007138657431323553,1.68926243808814
20180222,0.6633087739198111,1.7301483356515033
20180223,0.10329803397737636,-0.22816456853726733
20180226,0.2981170697892256,-0.023871020296192726
20180227,-0.4894281949741787,-0.19371263560992694
20180228,-1.020877686197539,2.35641674271583
20180301,-1.1034627550470328,0.9931594186864987
20180302,0.396679575476464,-0.2793085280721537
20180305,0.765945031201818,0.27961754705778963
20180306,1.0363050944752328,1.7985952690853875
20180307,1.0142833699799834,-2.4892712942440274
20180308,-0.9764033488823549,0.21705915149261046
20180309,0.33255951816218093,0.22192646374569452
20180312,-0.32754987955901044,0.031378991529976835
20180313,0.9137772791091356,0.6616966938841808
20180314,0.8444424912484905,-0.5780680266086166
20180315,1.3759116748926385,-1.4109403711698785
20180316,-0.1184686287827321,0.10938391852458301
20180319,0.1433074539333447,-0.9888405744421714
20180320,0.39164024286186294,0.43201112221496596
20180321,-0.6353336327627422,0.8649774140742382
20180322,0.9117468586628624,-0.3976294470411701
20180323,0.379543215168816,-0.7717688086904017
20180326,0.359511745965608,1.7793814426427728
20180327,0.24825212706312583,-0.12686401504805922
20180328,0.17280156589190127,0.6749400293469151
20180329,-0.2618021356381537,-0.6512342116701145
20180402,-0.32390579551603504,0.6736349360491564
20180403,1.6468658388057493,-0.21030944571398938
20180404,0.3743764763837268,-0.9949117691045997
20180405,-0.18912332813400762,1.0862821418686508
20180406,0.5122701467431706,0.051641303551139967
20180409,-1.6891307648503244,0.14441901071624297
20180410,-0.8921282885502252,-0.09002652111932538
20180411,-0.8504958480982205,-0.016133858573919718
20180412,0.10597514678328866,1.3098579746074521
20180413,0.3980872371466094,0.3354705218972065
20180416,0.415716853032599,-0.47187331552088113
20180417,0.110055816230144,0.4719789737495421
20180418,-1.3223254279017156,1.2399833054516265
20180419,-0.90802548068127,0.8242070027749989
20180420,-0.21368580954606384,1.2173290251730617
20180423,0.1666793214250588,1.7643235128214307
20180424,0.8560435851883682,0.04593603885657267
20180425,1.4100059072327211,0.38153143799611966
20180426,1.7404859809625313,-1.4646809716359115
20180427,-0.252771090603776,0.07823557692694864
20180430,-0.4560184523935068,0.6678610200645202
20180502,-1.096087546205754,1.2208685866417304
20180503,0.6765908895198784,0.29458720863121296
20180504,1.0751573364497402,0.08535556401152838
20180507,-0.3644793792561645,-0.24031874818160656
20180508,1.1206284199583978,-1.5537189721943168
20180509,-1.6602371140980985,-0.9747671086327705
20180511,-0.7882145671442193,1.0669340286553082
20180514,-0.024288439529925564,-0.6616056151804813
20180515,0.7916534611960562,2.9174144494099457
20180516,-0.3142168864476246,1.1553234253029192
20180517,0.3597118054594487,1.7294881983499575
20180518,-0.5075486010647645,0.7689676751563771
20180521,1.506720662134344,-0.2668587707407605
20180522,0.2648490260055252,-0.5064719133949108
20180523,-1.0109340927451715,1.284824156099264
20180524,-1.5736685378539024,-0.006673877055428205
20180525,-0.7777672127176432,0.18506499158490639
20180528,-1.5983961379486877,-0.17702062880401914
20180530,0.3186533955996631,-0.07484233899690396
20180531,0.08413993990590624,2.2333788406752464
20180604,-0.23475661098355718,1.0109748177605788
20180605,-2.1520727257746644,1.5892731314820177
20180606,0.9946634171046513,-0.20101443062609226
20180607,-0.7277294910565848,1.8837782707993114
20180608,1.8198285628401822,1.0696756611116718
20180620,1.5071452901946525,0.641080223704362
20180621,0.21419866011378233,1.0932799204490398
20180622,1.0011696455728711,1.1023815013895841
20180625,-1.106932877879827,-1.7245931439445805
20180626,0.028274949725328336,-1.7757063777414404
20180627,0.6345432822266257,0.22424781096184385
20180628,1.8974472514534886,-4.604046738635019
20180629,-2.4780782324693105,-1.8157668651274277
20180702,1.9834080772879736,-1.7831718767693694
20180703,1.7366106042932565,-3.269490504784387
20180704,-2.136428710289363,-0.5569580087324577
20180705,-0.28064580416392226,0.4663025007466368
20180706,0.7900661731807748,0.06267214848068148
20180709,-2.4325801938672527,1.8070115072966555
20180710,-1.501813023261706,1.1341188265036246
20180711,0.05351649358039164,0.528179256291888
20180712,-0.026182107840597765,0.21662323114816223
20180713,-0.1578893417778269,0.09120842307356776
20180716,0.6551313773640616,-0.6898349969412869
20180717,0.1891663144132882,0.6576811195269233
20180718,-1.4276225986138125,0.6418474449063963
20180719,0.18179495887995994,0.3593305869651996
20180720,-0.02991422170223134,-0.34866590894857663
20180723,0.05885766208156226,-1.8363185585172221
20180724,0.7995716942127473,-0.3987875689013938
20180725,0.42134442325825255,0.7152698788270656
20180726,-0.3666682021436386,-0.0933790884268166
20180727,-0.3511480866828968,-0.12449771129354609
20180730,-0.3829989017322206,0.1400890271217532
20180731,1.4702246640817513,-0.2347018966294686
20180801,-1.4091392418247228,0.5305317638886142
20180802,0.4925492278766552,-0.6229456955310787
20180803,-0.10120607571797152,-0.3434214175579479
20180806,-0.8544130161345148,-0.6917939604741871
20180807,0.4664947079676772,-0.12307587945535542
20180808,-0.21488458230062915,1.3652317592550731
20180809,0.9110991974509092,-0.9489607906747198
20180810,-0.040904866850719035,-0.635336328273903
20180813,1.923619150023311,-0.6612713738419016
20180814,1.243338138685826,0.23593244852081596
20180815,-0.25861908374200887,-1.34739415417237
20180816,0.8413430558944618,-0.30339092886350727
20180820,-1.1893768136365743,0.3421309514334378
20180821,-0.990330260011283,1.004086437794234
20180823,-1.5992195963522138,0.07370037531325216
20180824,0.8130057466225372,-0.9468356430586754
20180827,-0.6692362511916523,0.24461008944145107
20180828,0.001104280508338728,0.16015075026620743
20180829,-0.4279047906010044,0.24108788006248208
20180830,1.1058205664409673,-0.7484895473609178
20180831,-0.03894697382966672,0.3108063313228772
20180903,1.5107494127033396,-0.509554107828589
20180904,0.37744126432481606,-0.8281795445124387
20180905,1.9797822163637913,-1.2046919488904289
20180906,-1.1736259184174025,0.13354827116223467
20180907,0.22453287979011632,-0.9069852525132825
20180910,-0.09464417883825035,0.8921545032005334
20180912,0.5451795185441501,0.1522766376586513
20180913,-1.0891672779723247,0.35620918358390413
20180914,-0.34795357003741983,-0.65109119990126
20180917,1.9044424020549642,0.0606576543431497
20180918,-0.4772220740405097,0.6850811981426727
20180919,-0.7900374259652336,0.24542671751556883
20180920,-0.8722456566990062,-0.3617144062310299
20180921,-0.5036121171104144,0.09777543526017217
20180924,0.6310171696366699,-0.06124611449107812
20180925,0.8282885612195385,-0.4939141163270983
20180926,0.12681098902712787,-0.19630581689569362
20180927,-1.0049532040280857,-0.1260512923693259
20180928,-0.8710039334787218,0.036182650614810304
20181001,0.5653500171070095,0.4670757142863581
20181002,0.7802441799365847,-0.0851634455526197
20181003,-0.529271583519622,0.6816169260893268
20181004,1.8875528158177142,-1.2966677168911072
20181005,0.3045198105776531,-0.04325135652943606
20181008,-0.2931931729204106,-0.13372509810122032
20181009,-0.8122781549888441,-0.7935147871539653
20181010,-0.2645865905108233,0.37646218909745705
20181011,1.5680030560375888,-0.9503218269541903
20181012,-0.6404067921962585,0.021886326997158125
20181015,1.5482618328716033,-3.1576973956645924
20181016,-1.3239307714251627,-0.12168052143849503
20181017,-1.1613333667716612,1.9926055550659467
20181018,-0.059405180652675964,0.4837831993717527
20181019,0.3335310236809894,0.265160282319033
20181022,0.08161882650529091,0.7134676919152584
20181023,0.3959768291277761,-0.3136919884017054
20181024,2.0245280973334756,-1.2828920701124187
20181025,-1.0154396520317224,-0.2888297483686349
20181026,0.563700257366618,-1.7892096400618982
20181029,0.3567722119517579,0.2585172344159102
20181030,-0.5471398874065468,-0.6021651730958908
20181031,-0.9994630863983998,0.8158727184014873
20181101,0.7410003191685802,-1.5803347199100415
20181102,-0.5977701550247004,-1.2305357896079587
20181105,0.31521582684703897,-1.0821522962819752
20181106,0.1013538042047621,-0.06343386333714485
20181107,-0.3890893574989665,0.4360281808860477
20181108,-1.0369684413617817,1.388665770975422
20181109,1.0248271713089983,0.7635289860828601
20181112,1.5183637480509184,0.38023191766476344
20181113,-0.3631476279882377,-1.2453453224162252
20181114,-0.7588385753458783,0.847826507265871
20181115,-0.9741683394159458,-1.310101583454094
20181116,-0.8711174580305285,0.6081335908688709
20181119,-0.02198409533211601,0.3690037476609427
20181121,0.7078894072476379,-0.4010907613409937
20181122,-1.503366146634158,0.40025111530219376
20181123,-0.6767635981913848,1.0371916121639895
20181126,-0.2649253675043114,0.10516393584160295
20181127,1.0345445691655235,-1.401262606758167
20181128,1.3133753010139078,-0.8703031583553686
20181129,-1.7281250954785263,-1.1624009425285098
20181130,0.8354714223330353,-0.5416856329542432
20181203,-1.1128076926273605,0.6711101087426109
20181204,-0.9594663145486195,2.2700873721110324
20181205,0.12911236386872624,-0.2241533711605958
20181206,-0.05162674756651253,-0.4791536924450318
20181207,-0.07797003108371679,-0.04354111593564561
20181210,1.0728301807638525,-0.4956449661356385
20181211,0.3232524728737008,-0.06771326108184032
20181212,-1.048864400393545,0.8238709680537766
20181213,-0.7099163554590301,-0.4948114450307269
20181214,0.7440449846794814,-1.193425921511399
20181217,1.453470622296684,-0.1754221594889631
20181218,-0.3930703382909682,0.5438785672144395
20181219,-0.7233275302566314,-1.1033110229475747
20181220,0.37184990942912766,0.20990900020299175
20181221,0.279113236824003,0.5275837242536727
20181226,0.6844885344384994,0.5290793545858853
20181227,-0.7226236139955494,0.47895500422387977
20181228,1.2008132489962828,1.168735863874512
20190102,-0.8487714399082601,0.4890241468948575
20190103,-0.8837102089738054,-0.7197195121821549
20190104,-0.9547208648471153,0.7719871015210735
20190107,0.17827684189752968,0.5996499489380771
20190108,0.49395134615906383,0.9666030409291666
20190109,-0.6065501635683734,0.5543350750486244
20190110,-1.8365700899975117,0.9596670497527857
20190111,-0.48577587094540914,0.78306090612154
20190114,0.1929258971631256,1.4266654520923097
20190115,-1.1556054403832272,0.6602259906788023
20190116,0.278289524148896,0.8742403015183003
20190117,0.15581189452193328,-0.48074630465744966
20190118,-0.1871280203266594,0.6884953369855208
20190121,0.2701431797021217,0.22743280800844828
20190122,-0.07645866581788134,0.2993054867215142
20190123,0.06065267869974807,2.130972700200482
20190124,-0.42150807555256753,0.49531821227489314
20190125,0.13035733547404316,0.13932931500726872
20190128,-0.46185495622558376,0.8260315188895685
20190129,0.6365387889317442,0.10582260201000612
20190130,-1.1747804811816596,0.9041588448641322
20190131,-0.3854001106192861,-0.796206815712808
20190201,0.1091704229224462,0.3289925710517433
20190204,1.371371778926875,0.6826423242346678
20190206,-1.1992708871312578,0.8440463953250252
20190207,0.4857820930797649,-0.4164123663870537
20190208,1.0094305211280283,-0.12749114897543923
20190211,0.6458096604433412,-0.02985955577773907
20190212,0.8397947828355266,-0.863888012590375
20190213,-0.03911045871285521,0.6945861737680963
20190214,0.7124102655507806,-0.5744208054695094
20190215,0.12605130354631242,-1.3311303908600076
20190218,-1.0517031119052953,0.6785849402398231
20190219,0.4961241647434486,0.48944392426920824
20190220,-0.4491213315633274,0.572850663575291
20190221,-0.4893656442527835,-0.07783567040462519
20190222,0.8280204753962666,0.1841038991393228
20190225,0.4353605533211704,-0.4985928440135745
20190226,-0.4903469442980624,0.3333719807558059
20190227,0.3227925604245958,-0.40683456500703014
20190228,0.634062179248254,-0.27485168715726643
20190301,-0.5927083456458593,-0.09275290881065679
20190304,-0.27232604184858683,0.3731282305183701
20190305,0.5021682676053338,-0.9112227284103824
20190306,0.28601781961277467,-0.005015282212404541
20190308,0.852553706339217,-0.5452994429285535
20190311,0.17736763907196373,-0.829473282779255
20190312,1.2837431217162643,-2.689915611254371
20190313,0.3653305934176294,-1.313146052830285
20190314,-0.34510175474642674,0.6066460793986052
20190315,-0.7535396399504802,0.633639747944607
20190318,-0.34152528077525557,0.5912170534838158
20190319,0.4139109141042359,-0.007206358392549111
20190320,-0.4304987912360261,0.22111065688776205
20190321,-0.031062491475502586,-0.1467672058886181
20190322,-0.1699187257203583,0.044185843139493135
20190325,1.697690170149246,-0.4148500669665423
20190326,-0.703608738458499,-0.22172740270854796
20190327,0.47128003994348844,-0.607848939338187
20190328,-0.7532493294234399,-0.10751358407820079
20190329,-0.457647983638208,-1.2061130089256196
20190401,-0.2746448102652743,-0.6671925129696676
20190402,0.41283480158504804,0.19632010731490024
20190404,-0.2584596797550824,-0.5161824892119603
20190405,-0.18702430046267307,0.5385292902324361
20190408,0.7781530549537018,-0.45139033176863064
20190409,-0.9768448482118235,0.36229671750714804
20190410,-0.07640774607827676,0.057346482514104735
20190411,1.189046119669297,-0.6097309060222861
20190412,-0.7164176914914459,-0.29526597453579906
20190415,-0.4534682182336906,-0.07115740113704218
20190416,-0.4277663394979812,0.5864708822834696
20190418,-0.6767958136846173,-0.017831678732257605
20190422,0.9031207106506272,0.32058984144620517
20190423,-1.278733034443294,1.2847246008702429
20190424,0.4241061604990234,-0.05437947231967278
20190425,0.670917151311588,0.14979484003387855
20190426,-0.0022841135992607373,-0.6588595321371373
20190429,-0.04309044710379788,-0.0680686504116847
20190430,-0.2575950521992449,-0.5200567857841611
20190502,0.9289172960184167,-1.224013565430602
20190503,0.4623112844873603,-0.3488191850236804
20190506,0.07477912407672493,-0.13335042832205643
20190507,-0.4022501483998098,-0.05032015044379779
20190508,0.1257092265947844,-0.40525966864637863
20190509,1.6590438549168467,-1.7581058627643933
20190510,0.24744429443286747,0.5589069101371527
20190513,1.6070671566108425,-0.9973495116455764
20190514,0.44911239184636026,-0.02475608799567073
20190515,1.0424369069076012,-0.6145360764153699
20190516,0.831618833731858,-0.835289972782694
20190517,0.809444805667828,-0.2857976662686765
20190520,-1.4625120193811254,0.31366188705171383
20190521,-0.924551458717138,1.465784356281079
20190522,-0.14233684075352745,0.1736193859747575
20190523,-0.9706297825484744,1.0206388415874703
20190524,-0.31188867540106835,-0.34373846310014267
20190527,-1.4564231215375931,1.5995529319222546
20190528,0.757073920848875,0.1653812241898881
20190529,-0.7741764494334743,0.251291946436231
20190531,-1.0959344699692724,0.24699165791996525
20190610,-1.3928602354273854,0.4095205042054528
20190611,0.15253050497220405,0.10056520741137144
20190612,0.9666732790520766,-0.6909744937790107
20190613,0.18978987655779012,0.5241683691701513
20190614,0.38348712469810736,-0.4590986090041259
20190617,0.5199698740136025,-0.3064459993307601
20190618,-1.1248433830544569,-0.05296162642999462
20190619,-1.8758042375502393,1.9676710063853142
20190620,-1.6594672177745973,2.9437597076566346
20190621,0.06906870382565931,0.21780163723176027
20190624,0.6798447027296279,0.14053218842849002
20190625,-0.9652825492631802,0.39848703709770494
20190626,-0.0369328099851188,0.03206621304308392
20190627,0.2937653546612821,-0.6814329284637868
20190628,0.31502179050924234,-0.7985918362161399
20190701,-0.6382079751544695,1.4349574518335566
20190702,0.5445349969755023,-0.10474835719046066
20190703,1.0385655049676,0.30813587652110846
20190704,0.42863335278678627,-0.25293505697052826
20190705,0.14423623595375565,-0.04393877833904125
20190708,0.23927698710192352,-0.017954416831240504
20190709,-0.9823387870167711,0.4944202503879587
20190710,-0.1731311128783042,0.4790565657152985
20190711,-0.20684685793973281,0.07722772707244069
20190712,0.8928988000497512,0.6035762543718043
20190715,-1.231856624585596,-0.17733720999021912
20190716,0.2326266831925013,0.16300107592901938
20190717,-0.27850390419878307,-0.11969550317990078
20190718,0.05096926112317165,0.1712848286576999
20190719,-0.16044562270948862,-0.9847260429904016
20190722,-0.20469166702332528,-0.782098365558822
20190723,0.1147883696370188,0.3155541524745313
20190724,0.385193326272522,0.04658886215710962
20190725,0.07062364780815468,0.11091128206734933
20190726,0.928444336980351,-0.0926664745168994
20190729,-0.32241088081962443,1.031164909704245
20190730,-0.8165213674188382,0.709104536989124
20190731,-0.10157833950983924,-0.5624094221607275
20190801,-0.38675058216451014,-0.2867978709902512
20190802,0.5121806275703897,-0.2878442408069317
20190805,2.0809136690156027,-0.7923604595384406
20190806,-0.09673496012511956,0.0066281475578459925
20190807,-0.6924464661020672,-0.24282600463894025
20190808,-0.5870734151670869,0.3273971861403809
20190809,0.05709897112157219,-0.325179884734018
20190812,0.3913278199717565,-0.35153804303345243
20190813,0.14528710546031104,-0.04218787693849365
20190814,-0.779139008330351,0.7174873378597033
20190815,-0.3779272192753483,-0.7062802680961571
20190816,0.6583677070973918,-1.6390162591472357
20190819,-0.19869971675132314,-0.2143723688677106
20190820,-0.1035690549772096,-0.6934724692386365
20190821,0.5375650570599997,1.1350525019696949
20190822,0.3679324008544049,-0.4038193994556178
20190823,-0.21444914530404224,-0.35467591200930343
20190826,0.13345106801583317,0.729438978654081
20190827,-0.5126865515333143,-1.2003416421381887
20190828,0.10868347619321975,0.07945344510411818
20190829,-0.2276155951018215,0.04585262452930452
20190830,0.42212659903171823,0.9058293949268603
20190902,-0.4039906538923181,-0.04619989968196675
20190903,-0.09813603613321228,-0.6311247018823695
20190904,-0.03210569786284388,0.6110956325403183
20190905,-0.9840238549390482,0.7401060076012131
20190906,-0.4933779335483,1.0060823073178327
20190909,-0.07665887320268934,0.7719607658683643
20190910,0.1642836714493131,-0.011878117948782357
20190911,-0.6385130455869178,0.6976630866887199
20190912,0.7853733256752888,0.026951319275088544
20190913,0.3196661444627031,-0.44345246775617553
20190916,0.7752812955294993,0.8944609600247104
20190917,-0.4461460453480414,-0.43254227710507975
20190918,-0.4611030649036496,-0.19288608687774633
20190919,0.6146973161299146,-0.17625984733790429
20190920,0.1731961563127529,-0.11790237747956518
20190923,0.29377796287625424,-0.518615022349904
20190924,0.9840492434361161,-1.3317099826591838
20190925,-0.31755127103765923,-0.5030963362862046
20190926,-0.8407797497117002,-0.8254572928247411
20190927,0.13777991298536602,-0.33068149975601596
20190930,0.15836035162763523,0.22632041056564103
20191001,0.411516261825546,0.5484861999326528
20191002,1.481200302715176,-1.237629668836945
20191003,0.7962112029849016,0.0873837138998396
20191004,-0.7734037238861761,-0.14137713170084415
20191007,0.82614135325854,-0.10993997479014118
20191008,0.09070588448296715,-0.3110382814482888
20191009,0.5812743802735046,0.10872244446170731
20191010,0.3157459493000261,-0.3305719903879593
20191011,-1.1249573169664078,-0.036075267531825335
20191014,-0.5958990812856575,-0.11948230229408448
20191015,-0.7372634129646717,1.2257121876392267
20191016,-0.13235187463397854,-0.15391012659691264
20191017,0.07234913085357277,0.24762472934857965
20191018,0.1844230223382298,0.3381954467818393
20191021,-0.6181936268468607,-0.4627514854524281
20191022,-0.31040139837004266,0.3017432695062149
20191023,-0.6907873599034111,0.25864803423866184
20191024,-0.6081702314386724,0.044236002197400176
20191025,1.1344354962413852,0.5324608992613482
20191028,0.06901248129221141,-0.45250705597695373
20191029,-0.7223154792766466,0.5760056806493817
20191030,0.15826137011615862,-0.6133782074227888
20191031,0.5799209223140563,0.7228593685449352
20191101,0.2861079565732621,-1.4544062288390405
20191104,-0.013411438473173633,1.1944031935943278
20191105,-1.5147808054639518,0.08113687213626057
20191106,0.7089555078340318,0.7690391500284002
20191107,0.5566835987561956,-0.38855723881753057
20191108,-1.206884002585367,0.20143344836491003
20191111,-1.0628380720569877,0.7814117268697913
20191112,-1.2856811413101426,0.7645134152833797
20191113,0.3015522694137026,-0.2939058159205856
20191114,0.03867738744395225,0.7267711537927672
20191115,-0.5380378435646319,-0.1257161913019
20191118,-0.2479113217485786,0.18651472402305083
20191119,-1.0606515830950591,0.00949232175959068
20191120,-0.8750146560284676,0.22815379679691034
20191121,0.2931255689340497,0.2297471338973041
20191122,0.2262754364249277,-0.41699121951661205
20191125,0.5689504126300452,-0.5081766129741281
20191126,0.26048244598399056,-0.28739490727615996
20191127,-0.9426925054614699,0.18310772583147483
20191128,0.5911878005557631,-0.7663628061252318
20191129,-0.13307641702635592,-0.9191078834882034
20191202,-1.741996971840775,0.7093447370430488
20191203,-0.33435807607873713,0.5154226616033172
20191204,-0.48714015018690526,0.45882468053084247
20191205,-0.738050872832262,1.1325053458487122
20191206,-0.214655332773123,0.1272077673763479
20191209,-0.3273023613650729,0.39080787073999657
20191210,-0.3378682175296237,-0.6595836640978284
20191211,-0.23058310392924014,0.613632224883991
20191212,0.23703646990746738,0.47100912401677375
20191213,-1.6224982459690531,0.31630469265926003
20191216,-0.3335272455530934,1.2907210375047666
20191217,-0.15733084730055574,-0.3239601947825973
20191218,-0.538300949845183,-1.1917138360249162
20191219,0.7426867594219635,-0.05135549207509289
20191220,-0.8562612548608209,-0.9660778896953035
20191223,0.3932159537909524,0.2667997847446058
20191226,-0.5940962374672697,0.024939536513045098
20191227,0.238481183654913,-0.44747418908276365
20191230,0.645453905173602,-0.2249496403213053
20200102,-0.43654761733783654,-0.06178490888177953
20200103,-0.18061623518982414,-0.4671478782378863
20200106,0.26094361059573234,0.1710780914302301
20200107,-0.7799109120813101,0.8328167611250721
20200108,0.15733529653532116,0.1759107209577903
20200109,-0.9087255470626551,0.345637993822493
20200110,0.00026945544300228594,0.44918710982566057
20200113,0.1149463119003134,-0.11512021740861611
20200114,-0.39866567291379007,-0.5362473603788347
20200115,0.860381998183054,-0.36240749501496045
20200116,0.365697132364184,-0.3927362349716608
20200117,-0.8140394064180329,0.4432139454857755
20200120,0.37567153043128204,-0.6368031233584622
20200121,-0.0617692778416265,-0.44644483534226387
20200122,0.2428763537277981,-0.8676157158825177
20200123,-0.20744970091019524,-0.11947789450326206
20200124,-0.5783825552598852,-0.5085224647171431
20200127,1.3337837598996052,-1.23336865384504
20200128,-0.9315661376913129,-0.12039112813080595
20200129,0.3296056769520625,-0.48478396661630957
20200130,1.0161585758889868,0.3797577188113683
20200131,0.8974088450486948,0.19729961177566702
20200203,0.7148022209600787,-1.280570053057694
20200204,-0.97427666636569,0.6327580115336946
20200205,-1.6207216947119347,0.14322175541417667
20200206,-0.6066856290215853,1.2182160958817394
20200207,0.4827921051196304,-0.536442976549613
20200210,1.020128638307407,-0.7768389767666513
20200211,-0.03773478491635718,-0.17625744945470384
20200212,-0.10039964222230907,0.29278661585347465
20200213,0.2883369733134894,-0.6019875807272873
20200214,-0.12841908584143547,0.8078454466059651
20200217,-0.4884255186184035,0.40988135419414656
20200218,0.6103547262629072,0.3681979240037523
20200219,-0.8075956571998534,0.4905578429061105
20200220,-0.32268037672250727,0.9415738552662506
20200221,0.608029377979029,-0.2863916143462105
20200224,0.8603432531781786,-0.8404324948267375
20200225,-0.6439685967072619,0.6750096536179103
20200226,0.641529258641436,-0.10301835636609882
20200227,1.431851208841458,-1.137121140694965
20200228,-0.6597017709283377,-0.5209430911999876
20200302,1.1070072670569746,0.7866017491153513
20200303,-1.2557225879629152,-0.04523829673702545
20200304,-1.953294712671273,0.6824432023098296
20200305,0.7249375644670326,-0.2550936290933955
20200306,1.6861858921221367,0.2648221805570639
20200309,4.796715030098399,-1.0031304940199937
20200310,0.18719981988605303,-1.0563541726913994
20200311,0.25464304974615554,-0.6464528855349755
20200312,3.5359342945518804,-2.1900157300765426
20200313,-0.4976327671009777,-0.7686960005906487
20200316,3.0514282698358994,0.20153373345678272
20200317,2.9553676167445895,1.3167482726218867
20200318,2.025064055255663,-1.54693450093197
20200319,3.070152632531679,0.6714379216387699
20200320,-1.8401363982740435,-1.3898740637668536
20200323,3.204315639063294,1.8063933077016112
20200324,1.7234795736583022,1.312281989903198
20200326,-8.322575326360312,-1.1124504098875136
20200327,-2.8499780858105765,-0.906336873726259
20200330,1.8645090726916433,-1.3272739976006611
20200331,-1.6364248450734946,-0.06705279297562171
20200401,1.6785840394663558,0.29243935023200934
20200402,-0.9794086254534042,0.5777983996205175
20200403,-0.9060634539020658,1.6698784717213828
20200406,-3.4504495099997867,0.2558660795823106
20200407,-0.4863634184273397,0.17198373109878362
20200408,2.954114623735095,-1.5399591865160882
20200409,-0.8634501726478685,-0.22477248953173593
20200413,0.632291059164009,0.1534145415314992
20200414,-0.2566904069661591,0.8949548424853491
20200415,1.8051128739211193,-0.43629244259383254
20200416,2.6465503975969047,0.16047046638382884
20200417,-3.222351093976127,0.15071347815447356
20200420,1.3984330428417038,0.2690387515370459
20200421,0.7227545651838856,-1.0529731522792498
20200422,-0.5263841798864436,-0.9166208805555853
20200423,-0.948284291349066,0.34874435120627956
20200424,1.8365407213045386,0.044926014551961366
20200427,-0.6712346922047785,0.04348706677297087
20200428,0.1158417428670914,-0.34584981410765764
20200429,-1.1771577520484757,-0.04621827902551766
20200430,-2.9280885121812634,-0.8177915738850202
20200504,1.5821513536829934,0.37846115509209965
20200505,-0.7922315884155062,0.4527153473145744
20200506,0.5587759666057288,0.6568926946182444
20200508,-0.3601222607949221,1.4101514659012468
20200511,-0.27388839243231405,-0.2051720864996929
20200512,1.2699896967704656,-0.484927082054614
20200513,0.26087060997037825,1.4360788129698505
20200514,1.1069594168949612,-0.45334039507459717
20200515,0.13168015275909126,0.09984448402181326
20200518,-0.03467692640471615,0.21395598740046318
20200519,-0.2981114539412073,-0.18195851644209018
20200520,0.6103068500211861,-0.5630417397608614
20200526,-1.440113145724478,-0.018148084314764147
20200527,0.2846782050736413,-0.6314412992401887
20200528,-1.165722615380145,-0.4790949309888358
20200529,-2.015958571072455,0.43249663879883066
20200602,-2.105407493908696,-0.3672734953599366
20200603,-1.432657156304982,0.28915658879943484
20200604,1.1592625325315793,0.9542579474357471
20200605,-0.35211053672408127,1.3972822175382014
20200608,-1.9746795354275883,1.9766877996224408
20200609,1.065694350710701,0.10350326507728905
20200610,2.332574269367225,-1.73941376512367
20200611,1.831628740080196,-0.31426660052413635
20200612,-0.8203658203545807,0.42329582934115434
20200615,1.0750191552728854,0.13619473788037112
20200616,-2.9672709945345566,0.5845410089823314
20200617,-0.26084471548590327,0.1819930096862351
20200618,2.0779210237551657,-0.3993421085907249
20200619,-0.34548191511826704,0.020311749709857774
20200622,0.7431484528051545,-0.097748118120256
20200623,1.1910900380086213,-0.18358082976167087
20200624,-1.4911679884535913,-0.6187604923275546
20200625,0.9302935852657495,0.32127454889771656
20200626,0.1771196519346532,0.49493265138255754
20200629,0.32549083988448513,-0.4315171508173588
20200630,1.562629830003311,-0.3569105877441302
20200701,-0.4527378109073018,-0.41209848186997394
20200702,-0.42463925681100095,0.8606709919644178
20200703,0.25837071677465057,0.7737523669728138
20200706,0.07083855621462963,1.0094196203163395
20200707,-0.8799342207947909,0.6339451425449721
20200708,-2.70865377823866,0.6764012774259914
20200709,0.6751728321927278,-0.3270409477214138
20200710,0.4597894309069064,-0.40158867150148003
20200713,-0.3255916689542566,1.0481891688088636
20200714,0.7385452732305218,-1.2807409928970135
20200715,-0.06835306141731892,1.1790637443220617
20200716,-0.16750553744074614,-0.2613232825163459
20200717,-0.010258794416902781,0.8559703514593043
20200720,0.6730358815028956,-0.4533760823779678
20200721,-1.0112423935566537,0.27010731796085274
20200722,0.9839342255534825,-0.7662633567474377
20200723,0.5334360960601416,-0.13959466733761033
20200724,1.5007081608900072,0.4891099697915163
20200727,-0.5336654159459032,0.232192668665655
20200728,0.9751423890230612,-0.1341908246986238
20200729,-0.4566139466106237,0.28513397463616547
20200730,-0.7580406940482812,-1.632642260126526
20200803,1.0612302604522925,-0.6593475861264402
20200804,-1.5380647678734016,0.9472024400049562
20200805,-0.2658282637755631,0.1286088651923079
20200806,-0.7790384156664909,1.1246178522691113
20200807,0.9649137055849143,0.0967111439534075
20200810,-0.689983538895857,1.4711663331551792
20200811,-0.31227941122167335,0.049186969756344866
20200812,-0.9068090699212001,-0.34213989181306187
20200813,-0.716095462991487,0.7085451994369595
20200814,0.2145397149146079,-0.562187536320995
20200818,-1.3157817365451556,0.682653797150832
20200819,0.05886032552383548,0.4620590249120212
20200821,0.0,0.0
20200824,-0.10676711343031164,1.349369208960015
20200825,-0.7793852125708112,0.8931996819205791
20200826,0.06563139777922528,0.7654904355633245
20200827,-0.008843714071231704,0.21530482249538987
20200828,-0.14853873915267346,0.8674346070197018
20200831,0.8031155370587068,0.20529018414704153
20200901,-1.046029031967863,-0.6757447858489283
20200902,0.5016695018192876,0.10171515149260667
20200903,0.6038271957043088,-0.6879503418262616
20200904,0.7023487391475207,-0.3661262051229387
20200907,-0.005173442908096976,0.4377462730944281
20200908,-0.8305439901133533,0.605395388199728
20200909,0.8600799652830435,-0.534116262890285
20200910,2.330061219671681,-0.4377415401341622
20200911,-1.453033305530897,0.17188940809033365
20200914,-1.4375983161608024,-0.4843583363239912
20200915,0.7559860922936655,-0.19662041489265908
20200916,0.28745777046612936,0.8981376545059255
20200917,1.4982152410879597,-1.1043924165126253
20200918,-0.1880906885206551,0.044499190178919415
20200921,0.415940639996084,0.23776938167662157
20200922,0.45618545365098667,0.23781773867145617
20200923,0.15907792530913986,-0.19710095587105642
20200924,0.7093870680925313,-0.44562856813930346
20200925,-0.9236956111204095,-0.7167713601469559
20200928,1.0100568277021478,-0.17117695253004495
20200929,-0.02537033164076493,0.3367365310428582
20200930,-0.007165671493005767,0.048903487713361615
20201001,-0.5896428643437199,-0.3565594968818083
20201002,0.3865703985176305,-0.12875351160702067
20201005,-0.5954598098976882,0.5468029089445806
20201006,0.37338775624771936,0.022765454049086635
20201007,0.39105777345432513,0.2350271941170747
20201008,-0.401642221623879,0.06935574812703543
20201009,0.2379655309890889,0.04617093479549325
20201012,-0.35461873023438995,0.11390589690965613
20201013,-0.18506033938925845,0.3327020942651494
20201014,-0.8943061168651247,0.6382861636378838
20201015,1.9277261706194002,-0.3049063793240132
20201016,-0.2315350284382759,0.9801851368989225
20201019,-0.47827525763238354,0.13012388713812734
20201020,-0.57734497261366,0.7229962959300144
20201021,-0.7250069171453553,0.6805316538669034
20201022,-0.0682869898188121,-0.16148455861851377
20201023,-0.5968412488960958,0.06225265495651108
20201026,-0.20272409710508965,0.5468642725762967
20201027,0.2136810987777954,-0.19461167775687904
20201028,0.0,0.0
20201030,0.0,0.0
20201102,0.07831225645957084,-0.3136654499961906
20201103,-0.4985607271229083,1.1942045070897047
20201104,1.2233518929545057,-0.19805319783956862
20201105,-2.7376125834192377,-0.5495672095936734
20201106,-1.2677432029081273,0.46687634969927516
20201109,-0.11498879205225064,-0.4187239925087556
20201110,-1.6833750647003296,0.09035411813249411
20201111,-0.7430355296678774,-0.7373967087437089
20201112,0.48157504012528596,-0.06012314345288667
20201113,-0.3259972970691385,0.9911145051451891
20201116,-0.35471449195320387,0.2778211718491286
20201117,-0.3419653939339388,0.9265389180184276
20201118,0.16697554375125673,-0.5898177543646334
20201119,-0.6525724728795665,1.8243001481062053
20201120,0.5243502756134809,0.24090737612732321
20201123,-0.6114660848495492,0.41425593031529145
20201124,-0.40100345957328093,1.5483067266986152
20201125,0.5053285342367873,-0.33942953006276755
20201126,0.2921775116882224,-0.4565227842785468
20201127,-0.5027199274417458,1.3247443589559587
20201130,1.5876095774364911,0.5865954012382993
20201201,-1.0485040893406656,-0.38162624924484856
20201202,-0.5019817086311628,0.44236454021604305
20201203,0.015251265102560283,-0.12986554143884033
20201204,0.43766588026445874,0.7294548004288687
20201207,0.32149449334426955,-0.10701902767773219
20201208,1.730817631148933,-1.546812439025692
20201210,-0.4011290317683867,0.23943234893638293
20201211,-0.30475388223416555,0.6784729628865761
20201214,-0.7075738779732135,0.1293741877959675
20201215,0.23028317760781783,0.230203395576515
20201216,-0.8096252596332265,0.011209892617149338
20201217,0.18235706534548263,0.7255688361762564
20201218,0.057714228768252634,1.1847698975129848
20201221,0.9696942873864202,1.1095436542859933
20201222,2.224830771472157,-2.033039742822853
20201223,-0.5978451593605322,0.9409825826993524
20201228,-0.253635454872728,-0.27691616442473455
20201229,0.6446130899310685,0.4908982922116872
20201230,0.24393184077784058,-1.686069109044467
20210104,-1.067662316977437,0.5038366331391854
20210105,0.42524940700915437,-0.9055037218707336
20210106,0.8322773718163498,0.5097043141798339
20210107,-0.8900362642812467,1.5209267495930228
20210108,-0.4934594871252222,0.5733046533788186
20210111,-0.1321494435773554,-0.8163470943756074
20210112,-1.4500634544142015,2.0597307063612784
20210113,0.0964082958178427,0.14299529863748134
20210114,-0.5365921681702771,0.8307564263034856
20210115,0.5701417150339806,-0.12635477692351915
20210118,0.8630179064627705,-1.6599743378624112
20210119,-0.05677751444589582,-0.7105506664692816
20210120,-1.996130733439605,1.5144377742985164
20210121,1.3936186931207057,0.38797492985589765
20210122,0.4224199132075227,-1.124193755402705
20210125,-0.26115408803182566,-1.5415315873700863
20210126,0.8475637146587389,-1.7314319248676922
20210127,-1.6015422399317525,-0.6252230184751986
20210128,0.21736816150747726,-1.4315475370484005
20210129,1.0413114996806057,0.6290797268855021
20210201,-1.9175848146987644,1.360247748518574
20210202,1.6680679829920533,-1.4546855339198663
20210203,-0.33347886701071616,1.385209533813275
20210204,-0.38724996764592745,1.1532159399253867
20210205,0.492894128717668,0.2676827955926126
20210208,0.07059339807019942,1.691882912491052
20210209,1.3774892498811104,-1.8046097979428875
20210210,-0.2524294170572797,0.8555475870869719
20210211,0.47370569941737456,0.029153866802976783
20210215,-0.14854312155048766,1.4714754728774633
20210216,0.9143689789104407,-0.5088423409562672
20210217,2.3325623283056536,1.3609335941337617
20210218,0.6345178123485117,-1.051046973125751
20210219,-1.237423605254329,-0.16268604948523946
20210222,-0.311499223819135,0.3278741226769179
20210223,0.5726094031037519,-0.11333467441073383
20210224,1.90624617618689,1.0512056359769457
20210225,1.159237767438512,2.972248982535819
20210226,0.8826889945957862,0.001380064408935868
20210301,0.48359799315145713,3.091421480850121
20210302,1.5458275185066679,2.084922161952889
20210303,2.1273950953691307,3.0886611275113345
20210304,1.3727900858687934,0.44125116290563515
20210305,1.60326370984259,0.441695056924502
20210308,0.3025905554419453,0.501597772367316
20210309,0.19905382963170742,0.5870784735526522
20210310,-0.33412689189787004,-1.5399211659029317
20210312,-1.537550004506119,0.4659747956860595
20210315,1.097665352227182,0.04477290776469439
20210316,-0.07300691097486445,-0.4962841344687486
20210317,0.5462901488610508,-0.16800121195261397
20210318,-1.5379791128490923,-0.18380476707606902
20210319,-0.8948774007180728,-1.4111554400518727
20210322,0.28748830464085573,0.18677679259846935
20210323,-0.2556246008257842,-1.0933312348391229
20210324,0.5164275590406373,-0.3370384094711416
20210325,-0.9706402686414435,-1.06233693527438
20210326,-0.32473093242371825,-0.49908201297266147
20210329,0.10810275505150468,-1.2165483996139401
20210330,1.1500875114499762,-1.536599930523216
20210331,0.47924930774296914,-1.2553920715141174
20210401,-0.3633355122552982,0.21041208795921734
20210405,1.0172255416728895,-0.8561766276542749
20210406,0.24951772644187312,-0.4206968900142015
20210407,1.9885184077071028,1.043663729842633
20210408,0.6654957621401784,2.3481027278833992
20210409,1.2444070284050786,-0.2742693998073307
20210412,1.6509617349405217,-1.511536402677609
20210413,-0.39369348186465136,-0.46943197699974865
20210414,-1.2118073185548077,-0.9799093577230867
20210415,1.0721879955121119,-1.3015740441107544
20210416,-0.04373793071586942,0.8007282888689781
20210419,0.47212473332643384,0.4649821373261491
20210420,0.7679999675865098,-0.36215663253481095
20210421,0.6385849862187317,-0.114059143662925
20210422,-0.07483295810669079,0.33123864035579625
20210423,-0.7792577219290019,-0.44620560819144983
20210426,-0.32865388011556007,0.7079603144706622
20210427,0.16256947986826262,0.24596038734229989
20210428,0.7470578049785612,-0.377315746184662
20210429,0.7836107467345026,1.1964441859422403
20210430,0.44771600305864795,0.15386183332626382
20210503,0.674473373425662,0.4172660085463494
20210504,1.043347639487967,-0.02195639976219823
20210505,-0.6454647478284888,-0.24820841098485
20210506,-0.40453840498403193,0.5231822607538443
20210507,1.8036525861388437,-0.29536451573871947
20210510,0.03254931706780633,1.3970610264477021
20210511,-0.13203291466126174,0.34380419107155086
20210517,0.448900979983825,-1.4899430305348065
20210518,1.243306094420042,-0.5907025745074812
20210519,2.811026079384916,-2.9123840322060794
20210520,0.5342197339091,-2.0021531248112496
20210521,2.3367828023287713,-1.162507124879348
20210524,1.1644182056571468,-1.6019403355046529
20210525,-1.0389607730042418,-0.36692315084743515
20210527,0.9412049768501012,-0.11527758143991505
20210528,0.37345492769528976,0.09565647676230501
20210531,0.383781316573335,0.10573825318172872
20210602,-0.6821647128864301,1.3433431628445336
20210603,1.2027781297168159,-2.1843886244519997
20210604,1.7424517173233285,0.3820710038747198
20210607,0.4391160346812209,1.5344667282058608
20210608,0.24514839904591895,0.8594462630380393
20210609,0.05018276473626546,0.2506132447414185
20210610,0.7864736092326867,1.2690782039892596
20210611,0.5883417118450375,0.26382050248966293
20210614,-0.2152121385627678,-0.3620036088506322
20210615,-0.42316227027865955,-1.809391777465115
20210616,0.31777068175275386,-0.0292442308633142
20210617,0.10897505653094888,-1.7247488122581625
20210618,0.6534981304569942,-1.266491076772679
20210621,1.0576631206839806,-1.8392274807932218
20210622,-0.6399168940435825,0.847976835824682
20210623,1.4841437643818158,0.0865722789154808
20210624,0.93261319877961,-1.1513911159389931
20210625,-0.6607712022347494,0.6448078354110565
20210628,-0.15991034386777825,0.2561712412295403
20210629,-0.9419053491685891,-0.02693083122534117
20210630,-0.752405464845646,0.7054075535047759
20210701,0.4896527636162981,-0.07948655559995592
20210702,-0.09440843106975935,0.33570465024007934
20210705,0.6396941600883647,-0.18609098903680502
20210706,-1.333806480009701,0.8267219918199252
20210707,0.23785906045548708,0.5366466608683057
20210708,0.7283949116565266,-0.8128358628314242
20210709,-0.7051822692530927,0.25537623559469225
20210712,-0.5521988868773953,-0.051236167860485855
20210713,0.9360748216454304,-0.17859896897956268
20210714,0.9236017870673695,-1.183476226431706
20210715,-0.27401310094253484,-0.7275833978473365
20210716,0.17667793157337164,-0.06510227665149403
20210719,0.5463721303350387,-0.3283424632056467
20210721,0.21062755593948485,0.8759201385497872
20210722,-1.0274657832755378,-0.7598779069203062
20210723,0.8647262530624554,0.8230424410121633
20210726,0.9523263810142084,0.2354100233447745
20210727,0.8946617988058144,-0.06373769620582427
20210728,0.27341329362812655,0.023353068854363012
20210729,0.40840416544165836,1.2537972462533082
20210730,0.7866516942614449,0.33176278481266364
20210802,-0.5375655759126996,1.4023517054516395
20210803,-0.09223371859573724,0.6235066595688924
20210804,-0.13201897014833977,0.8135226448834076
20210805,-0.20891524120635513,0.20772677815343388
20210806,0.7383261391485331,1.1426836328894563
20210809,2.239727148303958,0.7200588503256143
20210810,1.1935283203813725,0.20137294933761457
20210812,0.058173608061739754,0.062391901277356575
20210813,0.4603629262093802,-0.5120401015712461
20210816,0.573328451917671,-1.0417114720183345
20210818,-0.25567849747277044,-2.202850071774071
20210819,1.3180775552075565,-0.3091854131661756
20210820,0.0056633665527047045,0.09441479368144848
20210823,-1.4247056524354769,1.8707213154051123
20210824,-0.17050447840128444,0.800426740340917
20210825,0.40438831132632547,0.18844923501267777
20210826,0.9562126918925714,0.0426056906531567
20210827,0.3601072534306089,0.09776208642642463
20210830,-0.7792089363781981,-0.6561850699645968
20210831,0.1690042876154782,1.1483730785285184
20210901,0.4277061090583848,0.3252564132374009
20210902,-0.28884957249092774,0.16667860571487683
20210903,-0.7306549583871798,-0.6848379267202525
20210906,0.31602746152468786,1.092495856341849
20210907,0.2766070580961788,-0.5628363156017875
20210908,0.7163154157233204,-0.30555334192216704
20210909,-0.7164921556531556,-0.9980024976601075
20210910,-0.3845276986656793,0.22530962976251295
20210913,0.6768207682569761,0.37474149681290103
20210914,0.4256224598319024,0.4813125693391403
20210915,0.5818942323972789,0.42285225487215006
20210916,-0.2937403022582391,0.1929724823760838
20210917,-0.13278603981382045,-0.6258261066260257
20210920,0.491323296886961,-0.652598546283143
20210921,0.42289403406027143,-0.801742513442611
20210922,-0.8000448746184597,0.17631175855131062
20210923,0.09550173784661264,-0.9966308562715692
20210924,0.6326361219107529,0.13440045865169267
20210927,0.8897301154780726,-0.4874268977046867
20210928,-0.147045429412519,-0.7680093649010687
20210929,-0.905513409814657,0.34735211483023054
20210930,-0.6525298121687737,-1.7544968991728083
20211001,0.49499185252580225,0.8198502139413979
20211004,-1.3298397432780364,0.1407643971384237
20211005,-0.36781585279615947,0.38835094652795016
20211006,-1.2236059610585868,-0.9199163495815053
20211007,-0.494474006932817,-0.046359104087492255
20211008,-0.6374026105504729,0.6873500693206828
20211011,0.21215405272498244,0.11456967659379867
20211012,-0.5521027873829311,-0.2868915647659958
20211013,-0.7175832354702977,-0.9256934678408851
20211014,-0.5806358995080094,0.2412860116944157
20211015,-0.3445110591928516,0.7152663282756956
20211018,0.06838458649040743,0.23874156014137907
20211019,0.8697380121270957,0.3349877970311393
20211021,0.31677907968742025,-0.00040154735058027177
20211022,0.25833392267555494,0.26561364229381634
20211025,0.4476171234674765,1.4916772411072814
20211026,-0.5768377125770577,-0.6023010911408296
20211027,1.0706967351960195,-0.1299270597014548
20211028,0.9845976904460344,-1.3408481489961452
20211029,0.3084694775447577,-0.2713154342208217
20211101,0.6863308846921126,1.4497751495553075
20211102,0.4756394380538123,-0.47078355898607743
20211103,-0.19028463285768027,0.09538860007282171
20211104,0.1461954419676218,1.5977735576769236
20211105,0.6332443671854929,-0.28653669347598776
20211108,-0.27326985105954277,1.724328100109704
20211109,-0.3192053731502433,0.9636990652780472
20211110,-0.27375278769080097,1.344724948010459
20211111,0.07378870980297844,0.8822673818572642
20211112,0.32538653493525294,0.36007813639706715
20211115,0.14153764188316237,0.11905802455335303
20211116,-0.5942515925196156,0.5640955187021993
20211117,-0.2593313128043516,-0.25457806975135533
20211118,0.5925751671191901,0.7449367029763623
20211119,-0.1929866276743339,-0.6607296431315054
20211122,-0.5316862323179252,-0.007818046662718282
20211123,0.24187681476612283,-0.2597880800739728
20211124,0.047107138424572266,0.3259354839026251
20211125,-0.15477788607635587,0.11987034859071544
20211126,1.002926336132053,-0.9032040348348761
20211129,-0.46520615778514907,-0.38607463896891014
20211130,0.8076741302902729,1.356083670301194
20211201,-0.6235009625872453,0.09854624138942378
20211202,-0.9950043818994478,0.8363210857770156
20211203,-0.2474525945147214,0.8064526788173235
20211206,-0.8430607889676004,0.4220715152882597
20211207,-0.6753860000504223,0.9160565745790775
20211208,-0.4858418225571207,1.304390519004454
20211209,-0.75439983408736,1.2544857056933933
20211210,0.6868777320335735,0.24999917402760172
20211213,0.9079889240036292,2.026024799082151
20211214,0.9281562585133591,1.5980295856293423
20211215,0.3739572045478586,-0.6496521082194585
20211216,-0.45428919988770317,-0.012585302358531641
20211217,0.15622334611006625,-0.4920304493128875
20211220,0.7436895352950059,-1.0854006283406457
20211221,-0.07970967788870431,-0.11949413086131083
20211222,0.8467633323594139,-0.032398114432884456
20211223,-0.5941500196061071,-0.5508098827452065
20211224,-0.14069199067479438,-0.8865746244078428
20211227,-0.11050082891036336,0.07305200792342803
20211228,-0.3305764587573147,-0.9856155816856393
20211229,-0.4705901050533476,0.5664628376031442
20211230,0.5329046918347773,-0.11722139962120409
20220103,-1.262161263833433,0.4240050852200895
20220104,0.31799227342610564,-0.6677347236194995
20220105,0.1458771116097662,-0.7998602071576315
20220106,-0.09915830807393912,-0.1336305015734362
20220107,-0.6176878225966765,-0.15216231622582413
20220110,-0.16669864283937855,0.20765237779135404
20220111,0.28429864990260595,-0.7563203159695622
20220112,-0.5952132538568098,-1.194115166163233
20220113,-0.527795913378093,-0.03687743788948472
20220114,-0.3398804735128423,-0.7194720025119724
20220117,0.36932524826306146,-0.35836387249781043
20220118,0.26416157529089346,-0.6583303139853199
20220119,0.3897923744428983,0.29067535989040305
20220120,-0.04464980127818563,-0.6436207706832902
20220121,-1.1444820248225862,0.2872408044728674
20220124,0.564488745509285,0.9479467294760813
20220125,0.3691651489427919,-0.6499587646374283
20220126,-0.06842056539038853,1.0667225008619474
20220127,0.3676392121645473,-0.7632978357942152
20220128,-0.10515576108297009,1.3334954393939467
20220131,0.20586831421810983,1.5157230826715151
20220202,-0.48929958312354477,1.333284169588541
20220203,0.4337941737027536,-0.3286440390340633
20220204,0.06635107867693865,0.8870571741444231
20220207,-0.9854113437044917,0.5187720232345973
20220208,0.21986186776188082,0.018825556747938253
20220209,0.4148234569672997,-0.5425939362186444
20220210,-0.35124544460680857,0.9064531381063738
20220211,0.7101580244704029,0.9204679260569069
20220214,0.13253642500956447,0.291857029320686
20220215,-1.0163281106758626,0.8396398501820966
20220216,-0.50198527563383,0.7173617909895482
20220217,-0.2021628009887691,-0.852958019267178
20220218,-0.8860217284360067,-0.607873420337768
20220221,-0.5926517119644161,-0.7714085314159297
20220222,0.04641822034844373,-0.5292085580509958
20220223,-0.583600257006316,-0.7345740602944825
20220224,-0.5904446454690025,-0.3990866573122025
20220225,-0.15952446105466064,0.6318760137876896
20220301,0.34863079883326276,0.6342645994821141
20220302,-0.34316547678980297,1.3802568975741507
20220304,-1.0436462314290982,0.2236457504500509
20220307,0.5889206242798227,-0.14071674360638178
20220308,-0.027884838210145632,-1.114788321461316
20220309,0.5908153695560353,-0.2816001652014395
20220310,-0.4442007561658181,-0.6088250073548583
20220311,0.668230936900104,-0.18940341304237138
20220314,-0.46918343424494763,0.27606575034244674
20220315,-0.26906463713159595,-0.7583753099362455
20220316,-0.48139440011785173,-0.31438053620681244
20220317,0.3923152709586747,1.9216070405697232
20220318,0.3595701641605669,0.23217442024554066
20220321,-0.3513402439973272,0.013764340462601738
20220322,-0.5667644734990344,0.28807307877488886
20220323,0.3524204440061866,0.24481224797675455
20220324,-0.5127898078947267,0.19934176020326533
20220325,-0.1376775326199742,0.20496153286464922
20220328,-0.055536591747831765,-0.3851299224203288
20220329,0.5500732288420617,-0.15838180945580255
20220330,-0.5714401426332762,-0.6026948636594742
20220331,0.7959766588793764,0.14088550355131121
20220401,-0.15481047557928512,0.3880300142980596
20220404,-0.7890260108523957,1.4733900026692757
20220405,-0.10377668864832863,0.1666535950878065
20220406,-0.2985710993525915,0.8224105333237907
20220407,0.12808028385574777,-0.515321078404646
20220408,-1.2142268859827543,0.8107702931333286
20220411,0.6132754925228937,1.6912885183981101
20220412,-0.26786517472340843,-1.0787426891160672
20220413,-0.726299324750733,1.4715364989906492
20220414,0.35733897751393884,0.4662828145429297
20220418,0.2717800728674137,-0.9781769878768766
20220419,-0.25060566513207605,-0.03803107169811333
20220420,-1.4086134677890312,-0.894434685607668
20220421,0.16560001129641574,-0.15300568419778557
20220422,0.9318448672898886,-0.02237475394260861
20220425,-0.5439853065208189,-1.5202205302317233
20220426,-0.5844258838125064,-0.2560959556557501
20220427,0.30817627816419463,0.26276979171233217
20220428,-0.4782966628870747,0.7842871567364657
20220509,3.989297797522976,2.5788666569846646
20220510,1.2884614572687008,-1.5217872386362452
20220511,0.670130861874211,-1.4017987680494248
20220512,1.6388997310016042,-0.5409752409656962
20220513,0.045841126076569434,1.4410348946866003
20220517,0.014342950535270634,1.3437194742708856
20220518,-0.41128539791997626,-0.009216376470418813
20220519,-0.42827044187123836,0.4835246578807252
20220520,-0.6408118601227553,1.4067240576659579
20220523,1.2579218450734395,0.3542948433344806
20220524,1.132056383246008,1.3329528775396244
20220525,0.1181066293186785,1.2590720363744228
20220527,-0.4930955790108809,0.4471577488373565
20220530,-0.29402988759152104,1.6599671086241565
20220531,-1.2302102768870393,-0.2827509635137957
20220602,1.2745539570477198,1.5183724859240877
20220603,-0.3572716282478459,-0.1063729485525545
20220606,0.37289589774580556,2.1916942516049596
20220607,-0.46603434436358354,1.6212127406304309
20220608,-1.141827319370497,-0.932931781258866
20220609,-0.6627340566818571,-0.557020045496057
20220610,0.24695988423311127,0.39050745081320803
20220613,-0.027901170885376997,-1.6062243206608884
20220614,-0.25839179072756874,0.8032461614808275
20220615,-0.645215322397938,-0.16028215319384037
20220616,-0.2941881934210765,0.10401098376361992
20220617,0.98646841188653,-0.06249877147635665
20220620,-0.7565592547254464,-0.627926653833751
20220621,0.2583774202297272,0.15558995193466
20220622,0.7992936219401394,-1.221738012711306
20220623,-0.34924339239290425,-2.2112786489812772
20220624,0.3581356253156104,0.46705773368624576
20220627,0.18334163640593495,2.52062218680984
20220628,0.05775380500185161,-0.3635070724434914
20220629,-0.3064192698651524,-1.0700377658163718
20220630,0.2948745136451516,-1.5823425749856728
20220701,0.18393249610091955,-1.4261898219695133
20220704,0.2523596225748048,0.2750242046180889
20220705,-0.8105889338053901,0.8846475644839078
20220706,1.2327659419939747,-1.8589306551908171
20220707,0.44405938535961614,0.8514562526966393
20220708,-1.259123294367028,1.0663077022735403
20220711,0.0916431926325775,0.5736754269451394
20220712,0.32602130051232736,0.1860696188922641
20220713,0.6746955136867966,-0.16558032131498873
20220714,-0.7662171066730677,-0.22583401689241894
20220715,0.9812448161160439,-1.1193911144917918
20220718,-0.7788005559005771,0.1592332041707192
20220719,-0.4856960529319386,0.5980952398757746
20220720,-0.6840524725242988,-0.6455772711438281
20220721,0.4147131563721321,-0.17828708412424202
20220722,0.43211690432052396,0.07695532728166461
20220725,0.7535867094537055,0.05287866481473508
20220726,-0.2654358414531449,0.15525561804740634
20220727,-0.3269977590051236,0.22999198523058875
20220728,-0.3709910507162041,0.6411841328452431
20220729,-0.2828634862925662,1.045807281337148
20220801,-0.7657056416895539,0.6761520867305351
20220802,-0.7259410605739695,0.34886535973433763
20220803,-0.4951373689174695,-0.061796371923073745
20220804,0.4502546469658592,-0.8753367024992166
20220805,0.4126078057224271,-0.12458361991337513
20220808,-0.19908812009842886,-0.20449251347076053
20220809,-0.17337065191107245,0.22764371965409627
20220810,-0.19788887753341447,0.3835371236883959
20220811,-0.27134945846518943,0.8989889659126407
20220812,0.3132990885691125,0.9895287238397678
20220815,0.6060004358505897,0.12022562455759703
20220816,0.09757102138719105,-0.5695239582193854
20220818,-0.17893066414484765,-0.4365012012526764
20220819,0.6417908918057834,-0.5355907342402326
20220822,-0.9315315920389761,-0.1483544607004574
20220823,-0.3289881879159664,0.3450978257965821
20220824,-0.35760814402599433,1.0112546274056986
20220825,0.09202070701381723,0.8831496265224541
20220826,0.2863921415756396,0.6120059372540015
20220829,-0.05420391739375057,0.3729416509369164
20220830,0.3475465500915584,0.1550604732270088
20220831,-0.3589098864611414,-0.24817885856068858
20220901,0.09620122089258785,0.3483285751252679
20220902,-0.3982480746511142,0.10776949970495572
20220905,-0.14549212422418928,0.2451509089744854
20220906,0.45260350232946495,0.9625857623812579
20220907,0.9427001003638398,-0.5526868191406494
20220908,0.43091372027714975,0.7848377390648817
20220909,0.15774790093967378,0.37310488979526935
20220912,0.39144907990140293,0.15482274162769183
20220913,-0.05142168351163542,0.2356247825167669
20220914,-0.3208178198247339,0.882575488710206
20220915,-0.13461304184962353,-0.21098099609154264
20220916,0.16405336679553834,0.6934041022333769
20220919,-0.8378436534269976,-0.8200983592435047
20220920,0.5674038063277987,-0.3153822116652139
20220921,-0.5409955053565286,-0.48482391522967416
20220922,-0.27639428214250106,0.8395570686159086
20220923,0.31426642173663655,0.8982883265415229
20220926,-0.4104237948517102,-1.1288719223585173
20220927,0.06059098247004171,0.43967445974167196
20220928,0.0935012018229881,-1.1603985054233716
20220929,-0.07427822277318741,-1.212134201945713
20220930,0.3729144279272723,-0.9123580412705029
20221003,0.5183008902030339,1.394389394501141
20221004,-0.268334459340152,1.3157441280561257
20221005,-0.01711759844049797,0.4022356867668147
20221006,-0.25112923390584185,0.5978419547961928
20221007,0.04747440604208758,0.4817835490443366
20221010,-0.10919739524521245,-0.5159593852064465
20221011,0.1328838353172464,0.14426573262897954
20221012,-0.3025427314485415,-0.6521677017486791
20221013,-0.5824009755910332,0.6402719921743341
20221014,0.057831403877531315,-0.37352114134221764
20221017,-0.8219091344885125,-0.09436399389343231
20221018,0.4473227837651639,-0.3188235092326118
20221019,-0.7616412687226815,0.4521934312249962
20221020,-0.7052181160736462,0.2259700120505144
20221021,-0.5325188468101184,0.7431966682508047
20221024,-0.48287980872977077,-0.01483911545899965
20221025,0.6343623345801516,0.2909009712346566
20221026,0.029770735691135544,0.20609467436229306
20221027,-0.30425755837694196,-0.4924232478581337
20221028,-0.09909818022351699,-0.9679773511005036
20221031,0.033649432259020944,-0.5560176755041251
20221101,1.0275636415727547,-0.9106446678084066
20221102,0.13584573209113937,0.4689434584981637
20221103,0.05778312935278426,0.464724909130534
20221104,0.079308363126534,-0.492966974646013
20221107,-0.3602927752653137,0.9145004088736395
20221108,0.3514128521190867,0.6038554165496005
20221109,0.7263422539756127,-0.8672106090389046
20221110,0.6584862095864767,-1.1123552430506964
20221111,-0.8508337029255785,0.37909590485310307
20221114,0.7929688856929528,0.14049695862015707
20221115,-0.1193177595173896,-0.5684986181673578
20221116,0.7543234784909906,-0.7117023671778865
20221117,-0.4608188625693379,0.20496920327771434
20221118,-0.7821977847814503,0.04222102552618227
20221121,0.19973685345873946,-0.3065653717359139
20221122,-0.34550690629010333,0.3882171454501526
20221123,-0.4297469967458799,0.7551211683113587
20221124,-0.15537853327763534,-0.7281184174649654
20221125,0.43953729223863397,-0.8373992298341753
20221128,-0.24709375051121746,-0.9895055758785106
20221129,-0.5840853721870604,0.737294634905784
20221130,-0.9620241386707784,-0.23732040919765343
20221201,0.13743478441765566,0.6723413018597814
20221202,-0.7046420852479753,-0.40753324702725935
20221205,-0.39993556651751005,-0.5127743930057429
20221206,-0.09370280481401874,-0.7518025371704018
20221207,0.19003115858874498,-0.689836987403157
20221208,-0.362761309317016,0.567346948590107
20221209,0.4326467488205325,0.42021484664446895
20221212,-0.5474500689545675,0.7372100108712084
20221213,0.319240971699345,-1.0701849993170747
20221214,-0.46959034576529296,-0.11175482350129048
20221215,0.13835772024421694,0.6815146181348456
20221216,-0.5766545398848668,-0.695154250551692
20221219,-0.09676768619352395,0.04412874397167191
20221220,-0.06994975130731867,-1.090557236528645
20221221,-0.4516903037923785,-1.523624860817091
20221222,-0.1601503311916095,0.5587361063022757
20221223,0.22867233389732558,0.010039909444682074
20221226,-0.9337127461279663,-0.5050452015768297
20221227,-0.38929880062222044,-1.7029466535134805
20221228,0.6398086630083389,0.4844034712130253
20221229,0.238745159737069,0.3487854795216159
20221230,0.5179381558293853,-0.13434887478166618
20230102,0.5774722991117308,0.03492134738032519
20230103,-0.33258680424843506,-0.46620418161291716
20230104,0.6349553170916936,-0.1760798693110726
20230105,1.2357528030742544,-1.3834462977385225
20230106,-0.9533334727771382,0.6141956445163336
20230109,-0.7181842958058507,-0.34951077808447284
20230110,0.3034350144560609,-0.1768778722705526
20230111,0.1783026244621544,-0.07678377308545012
20230112,-0.7433130087353108,1.320951537318284
20230113,0.25507951828360753,0.6771741137999382
20230116,-0.5553770306729462,0.7332252298030095
20230117,-0.5644159551943865,-0.6455730690429564
20230118,-0.5793909225087156,1.0880507245407032
20230119,-0.7057258711682877,1.0326825376943092
20230120,-0.6803368770870374,-0.0019907354157956865
20230124,-0.0724255048946949,1.6844910453671016
20230125,0.21394792679103247,0.8322674534500989
20230126,-0.4478024029842194,0.2803091165126558
20230127,-0.43331564000960215,0.04185554842831658
20230130,0.1005584942001577,-0.46093043550381724
20230131,-0.1637160966297626,0.6908292700609285
20230201,0.1018917431828257,0.9820174218732498
20230202,-0.09455090751034999,0.039031958742345454
20230203,-0.05513520252766197,-0.32558952418434367
20230206,0.6895671740208321,0.05993259928612597
20230207,-1.0902643133090246,-0.12804063893422277
20230208,-0.243330961459201,0.1676375799511224
20230209,0.2924226321686466,-0.7333732664313765
20230210,-0.4342013079959403,-0.21919438488205018
20230213,0.7907570777994876,-0.3757682551422822
20230214,-0.5329275141314959,0.07884184433254139
20230215,0.2655423586176236,-0.06182168900516283
20230216,0.2278383967406278,0.3458951599104668
20230217,-0.12626168099673743,-0.3413194959762904
20230220,0.09639259028876696,-0.02597447231420264
20230221,-0.011089230168936622,-0.39054603328725734
20230222,0.7628672387944947,0.1376766893616532
20230223,-0.37857789068415326,-0.12690282049457233
20230224,-0.38952379511546337,1.1454919061983002
20230227,-0.5611172331399011,0.6414987671770807
20230228,-0.2037405438154981,0.09497272193402942
20230301,0.2735314041317006,-0.20107365003123762
20230302,-0.6947824712469015,0.5354640755833098
20230303,0.0836259386434824,0.6670273165302251
20230306,-0.05824818656381878,0.5594867719403702
20230307,0.20226758961812255,-0.2868864603054449
20230308,-0.07788027223628005,-0.2590170706768424
20230309,-0.4615772652704103,0.5732494145744113
20230310,-0.2327028548510744,0.0013816770828398335
20230313,-0.04635772732515823,-1.3347113738865661
20230314,0.7601718824557658,-0.41071382632419523
20230315,-0.3097647599051531,0.33146991250641644
20230316,0.28360168041063477,-2.0289151493492894
20230317,-1.9017237553361162,1.5052673362749658
20230320,0.7094512115387005,-0.31497358568288014
20230321,-1.1334500666472447,0.5494399031396903
20230324,-1.2200463082623294,0.3826284359225909
20230327,0.5852083027484462,1.2237353566078457
20230328,-0.4147414185793597,0.2716788629834434
20230329,-0.43045653654326943,-1.0447028404707637
20230330,0.2830853672590291,-0.09925110131788002
20230331,-0.13097998710814765,1.083858488371566
20230403,-0.3019160733467822,0.4796826758619591
20230404,-0.51220863253454,-0.1912564449037905
20230405,-0.1358237303444874,0.16382662130004094
20230406,0.07313208278169661,-0.08780615220674629
20230410,-0.3025730948124633,-0.46193757108793276
20230411,-0.18103994880728974,0.35552554656116764
20230412,-0.05690131796928703,0.5733297570549644
20230413,-0.32799297340604244,0.3987466062416132
20230414,-0.8922094423751165,0.09728474613632784
20230417,0.4588430150800458,-0.6206587257789656
20230418,-0.34882475523706613,0.2079542027480217
20230426,-0.4165560756911096,0.21762786306098614
20230427,0.23774159159543054,-0.15661710132681061
20230428,0.40703545942692926,0.7548716210507347
20230502,0.4608502451890282,-0.6885143204857382
20230503,0.39815581800444966,-0.07937286478421442
20230504,0.5031245728807161,-0.3464618829521249
20230505,-0.44701868885668705,0.5531466940828458
20230508,-0.47319403715478625,1.4078509634391507
20230509,-0.16785356961318756,0.5448115168851081
20230510,-0.36272706472897054,0.5111728654936993
20230511,0.5425261333723962,0.07915384585233456
20230512,-0.09747145327456735,1.029153841603285
20230515,-0.07420874723658297,0.06867494105719349
20230516,0.427868164950805,-0.016626852697285664
20230517,0.1701484122370507,-0.5964720029508971
20230519,-0.6178800330759417,-0.5972177335497317
20230522,-0.5377252289370779,1.0755781725773554
20230523,0.3712194844850685,-0.06320070216570871
20230524,-0.07758099519915734,0.4384200900766593
20230525,0.4922301021781034,0.5054035161958802
20230526,0.5533337781039566,-0.40717101339126605
20230529,0.12746770506794725,-0.05733261148717383
20230530,0.4595705245453077,0.06568312340643749
20230531,0.5242687738200936,-0.3328003836321807
20230605,-0.2827386342698892,0.5330157615776756
20230606,-0.1586331015568136,1.3153611475936557
20230607,-0.2386823966379503,0.16496105210875883
20230608,-0.07261545655686064,0.06945407572301364
20230609,-0.28204624313217075,0.40574753468687114
20230612,-0.5983997893752053,-0.1571214928011588
20230613,-0.39392904671037166,0.06246947203286464
20230614,-0.27742618605993796,1.4213652840674875
20230615,-0.7340304219208177,0.4158337646461298
20230616,-0.8135146596091041,0.10722780660258587
20230619,0.3453779689014246,1.4676037912801112
20230620,0.35945918238129065,-0.36335319567374347
20230621,0.04789552859929651,0.5628777242216554
20230622,0.10627798275060998,0.4977796363799101
20230623,-0.48710542272401847,-0.38017684980902655
20230626,-0.17324432148542998,-0.022553025986244347
20230627,-0.38543182873389975,0.025771915005901654
20230703,-0.3848104609794193,1.0116461143656845
20230704,0.46240580494739303,0.8835790421422858
20230705,-0.13947554532953346,0.42871212228949157
20230706,-0.40266483365247074,1.5672520428827417
20230707,1.1855767748137798,-0.25795017429989486
20230710,-0.08965301399019385,1.0312742327574627
20230711,-0.7135707578096698,0.6559447178070883
20230712,0.7554405858097604,0.3913968015003404
20230713,0.8872160391756105,-0.6978163074855793
20230714,-0.2914316947980526,-0.1052127995807204
20230717,0.6002232315674033,0.10858203036957781
20230718,0.07832003705269758,-0.32222911062345005
20230720,-0.28796871895497445,0.1992788707365697
20230721,0.11983367756352235,-0.6731106823096672
20230724,0.10919876075162582,-0.23466575452822866
20230725,-0.3342429343012315,-0.2161736495230035
20230726,-0.8332442429430157,0.5908364917165814
20230727,0.44164615772518834,-0.8427769212159976
20230728,-0.13471032052180223,-0.3828733723003829
20230731,-0.48780705288660553,0.5957443401936886
20230801,-0.28488659046466813,-0.734716039454619
20230802,0.3305417614717783,0.17274406316616087
20230803,-0.7432008613956362,0.596748957823446
20230804,0.49607718062426187,0.6472062372826363
20230807,-0.4694212522067415,0.42253452241620926
20230808,0.2862337669152568,0.527061833995446
20230809,-0.08931599931850526,-0.5977942449405339
20230810,0.1230106180902176,-0.5038082206449287
20230811,0.7786176762586016,-0.3564809929443723
20230814,-0.8345179542046246,0.48469355004923664
20230815,0.4821613863131387,-0.09755675841828021
20230816,0.008099157772976104,0.17976164290331428
20230818,0.5637831298960829,0.07554355587817782
20230821,-0.10959590882072313,-1.026434605539528
20230822,-0.9415808065739156,0.036579088263506004
20230823,0.002918180548014941,-0.49577035108053175
20230824,0.2893963970723615,0.18092026243797057
20230825,0.22436530048808803,-0.14359204800685268
20230828,-0.07567209025538023,-0.20192816660333782
20230829,-0.26792685422888285,0.591226868621788
20230830,0.4174861495934089,-0.18858670847165565
20230831,-0.07599591517189032,-0.22103761434813318
20230901,-0.35320275751039915,-0.01390334899749637
20230904,-0.6059751236621382,0.6640068910892506
20230905,0.18576024994662826,-0.05169222657970499
20230906,-0.0005345573838314781,0.38854325688956926
20230907,0.7553708487140379,-0.16392619252047747
20230908,0.4918318280866249,0.554455192348352
20230911,-0.44694492286237436,0.44168028740958115
20230912,0.3436784649415413,-0.08880522604113521
20230913,-0.3682646164175577,0.7926983638874292
20230914,-0.42809077327197864,-0.5524991765878747
20230915,-0.11665362802250948,-0.8217792884522837
20230918,0.4857894688104285,-0.09700465669299257
20230919,-0.9952413087111718,0.6812263457014195
20230920,-0.7125428699556281,0.08669099993369841
20230921,0.49334382689981504,-1.2496697494706044
20230922,0.3601999066172966,1.0162935485980005
20230925,0.06108848111381516,0.35818828759446675
20230926,0.02321823740035235,0.18460246605801547
20230927,0.455720158569684,0.1709225915701656
20230929,0.2309227968715005,0.03994360774052441
20231002,0.6335406833107645,-0.8235653480356949
20231003,0.391421819229538,-0.6979366266509774
20231004,-0.03950038472017303,-1.374332713577762
20231005,0.21027741806217462,0.13992256763047078
20231006,-0.5402770182300324,1.0277241410833236
20231009,-0.0404072804213641,-0.3594242252183181
20231010,0.20602599326501497,-0.06349619656826665
20231011,0.5545935975438964,0.4003436198088973
20231012,-0.4211246215174516,-0.40669684114113447
20231013,0.08241908679008196,0.40398712483512045
20231016,0.03491579203849793,-0.7539061035664808
20231017,-0.20740493829786735,0.167914046891987
20231018,-0.06596253391736429,0.5011165874626808
20231019,0.4366679878048429,-0.2356855401834078
20231020,-0.007304729900817729,-0.4220421796986764
20231023,0.7277890727514508,-0.1991274034185274
20231024,-0.05360441359430496,0.24109645685733566
20231025,0.244661425534916,-0.9282402224310548
20231026,-0.011523838730156943,1.021670708702918
20231027,-0.4391543053118063,0.5907270630414064
20231030,0.502122087745583,-0.918752266372427
20231031,-0.3586689279114368,-0.38486260937828876
20231101,1.4087219699688762,-1.0420441435095429
20231102,-0.9527646322388662,0.18171307169949497
20231103,-0.033445859163271086,0.006209797537682152
20231106,-0.569105617807434,0.24768460434064551
20231107,0.32991921427484433,-0.8809064008530743
20231108,0.22476534132260875,-0.6828230500750254
20231109,-0.8024411417842621,0.5738032272804706
20231110,0.3855500228678414,-0.2560184427467267
20231113,-0.03347830103977592,-0.18238380962737138
20231114,0.03923677094998558,-0.4907406407871832
20231115,-0.13938499495679832,0.053528739887378704
20231116,0.14153670821059605,-0.1662301902618091
20231117,0.039618151344898975,-0.160133761951837
20231120,0.009809887686341112,-0.07432117696811397
20231121,0.05329317748324087,0.250322087240158
20231122,0.12712692252202168,-0.28466027136278427
20231123,-0.40432676279068297,0.05185546781907918
20231124,0.1678427011590549,-0.07321809332891749
20231127,1.1100010396630255,-0.49510838524112044
20231128,0.19372958480463934,-0.4762482827518452
20231129,0.30802962344900703,-0.5888091182677995
20231130,-0.29538007967139124,-0.9375791043200962
20231201,-1.081787337381109,1.052660276154719
20231204,-0.3017608331803036,-0.37568248221603245
20231205,-0.03408317727357784,-0.23894381357813005
20231206,-0.0878740972833198,-0.329310333041091
20231207,-0.5907858241554326,-1.659981523538447
20231208,-0.10359946420194464,-0.23673757090069805
20231211,-0.4216409233717024,-0.6191416888565328
20231212,-0.5443239100204975,0.5727372190977225
20231213,1.380441515612758,-1.0767340890582444
20231214,-0.7807107534886575,-0.6183095774233288
20231215,-0.6985936541924525,-0.13502559081164842
20231218,0.2646370839782721,-0.3018585848675817
20231219,-0.07176402581473718,-0.8254536427369362
20231220,-0.8821663092753969,0.7054080637230761
20231221,-0.32870328236831997,0.7890885425941496
20231222,-0.21001021148892202,-0.44064267311116356
20231227,0.16717504471176317,-0.2128806263878474
20231228,0.3252373784747225,-0.7577577916927057
20240102,-1.1992545503370355,0.505042718045375
20240103,0.3405256337664653,0.15287495428242637
20240104,-0.6627981339197425,0.038116983761945625
20240105,-0.2558651315906628,0.1404606220400802
20240108,0.48376529317747957,0.5035105456456548
20240109,-0.13152959882306814,1.2281929161401497
20240110,-0.3607309521929577,0.24054311521789157
20240111,-0.12784597600931402,0.2503867149577091
20240112,-0.49145962957408507,-0.3124512413664082
20240115,0.4002794313479812,0.2664557763981134
20240116,0.2573794513899089,-0.5898180350334918
20240117,0.8414711308470685,-0.7051627459416078
20240118,-0.48939027574437216,-0.9424765107383629
20240119,-0.21889454647073475,-0.15430617605267608
20240122,0.12902478452361676,-0.9296298759425222
20240123,-0.2277372084991845,-1.5579636769856429
20240124,0.1959465180753877,-0.8440351058928212
20240125,0.2499162518439704,-0.02886466725589825
20240126,-0.17023996382748868,0.42551613038925573
20240129,-1.0457298937950874,-0.1877853958146392
20240130,-0.4765429060259447,0.9150268532285865
20240131,-0.6380177151722537,0.5238113229786363
20240201,-0.194077934153212,-0.07562248337750245
20240202,-1.2161149246013383,0.411342180335743
20240205,0.2997078000142944,-0.5077069627480653
20240206,-0.08299498996372354,-0.40011311263584826
20240207,-0.7747448460347086,0.46649082521937335
20240212,-0.6826351675614579,0.29428045059211977
20240213,0.4692633543664344,0.9376046405725308
20240215,0.16740019472244738,-0.2851331683946261
20240216,-0.048325728602357336,-1.4862871778851063
20240219,-0.04147339283464228,0.3542573703040761
20240220,-0.18656759937669415,-0.24106198491942354
20240221,-0.6704454575557875,0.05301669633605778
20240222,0.0793577182545161,0.5073253918823709
20240223,0.8028536388710296,0.06194311381557617
20240226,0.03012796682809169,-0.40112685475593446
20240227,-0.17698363722834892,-0.20179790527494296
20240228,-0.7824123667379714,0.009786696716624016
20240229,0.322552668317183,0.18191749244591093
20240301,-0.2806817956877597,-0.1151937712815279
20240304,0.4365641961048776,0.05401300909364769
20240305,-0.49525236129972383,-0.16713909681263206
20240306,-0.190066926222625,-0.7138941674065172
20240307,-0.5684632554568848,0.09385461270662644
20240308,-0.2619850627101119,0.2517894637693149
20240313,-0.5725685637184473,-0.16690668739988893
20240314,-0.7865824940852626,0.8292778508832696
20240315,1.0380768088804901,0.495302975036134
20240318,0.24092606401199812,1.271011481460341
20240319,0.21300778735233583,0.3961494784149076
20240320,-0.8629479360998945,-0.2854635220880456
20240321,-0.32710304763935705,0.7417448910436482
20240322,-0.11304429379091731,0.24065340844853308
20240325,-1.7288560914956723,0.47829442545714357
20240326,-1.2013266334185713,0.48428908618827576
20240327,-0.21781163934540732,-0.056488591344336196
20240328,-0.4644171049816794,-0.8269450610246656
20240401,-0.864644814260068,0.22568059753269465
20240402,-1.1657924099522665,0.3246443553924976
20240403,-0.12579140133686914,0.8036068268146768
20240404,-0.5653528592670379,-0.7857403837757061
20240405,0.4730456756370049,-0.5675587718156574
20240416,0.8338991698012564,-0.3742133848251677
20240417,0.26009674650009207,0.26899126898047765
20240418,-0.36924726977981004,-0.6382859931720416
20240419,-0.24567412878870876,0.019197798617568394
20240422,0.02703117055295099,0.07260718792144985
20240423,-0.6314003679191139,-0.38843097710952523
20240424,-0.143489967837564,-0.40532846841882225
20240425,0.2741936592433276,-0.2916411268333167
20240426,0.6163411299567721,0.16309558988948508
20240429,-1.4346939374190726,-0.3803080214283647
20240430,0.08820908092234342,-0.3922146642437882
20240502,0.997068023986918,0.034537974513761116
20240503,0.04683098740746824,-0.3654941506214001
20240506,-0.21923023020674026,0.05659926553080413
20240507,0.1457991820973999,0.8593676745813978
20240508,0.5302008240703681,-0.4876339767301358
20240513,-0.5089360418927614,-0.27277017938222003
20240514,-0.13645915085839724,-0.38804124347954755
20240515,-0.5762618950281794,-0.5124206164785787
20240516,-0.5014645422881313,0.13774539106739467
20240517,-0.7859177542181892,-0.32632917376537957
20240520,0.7823545273840407,0.4406583814513721
20240521,0.8491607590740172,-0.08407132804289326
20240522,-0.27887551333060767,0.2533380819715057
20240527,1.3320892926617127,0.21896390677284505
20240528,-0.6518725316742199,-0.3337461806934851
20240529,0.4257013928073827,0.9508404624197266
20240530,-0.1468704983385461,0.3197154502971804
20240531,0.8555937520253796,-2.1218926482931004
20240603,-1.2334693392011082,-0.12417722735241195
20240604,-0.1076553795122507,-0.24440546000033597
20240605,0.9661907890431528,-0.19645595512568434
20240606,-0.5526348529973658,0.4855922081235045
20240607,0.6301569589862683,-0.44120944675478085
20240610,-0.4754243542968014,-1.2352089092006528
20240611,0.8077563186791401,0.8652779192164811
20240612,0.3434869022968711,-1.1608059396574917
20240613,-0.3995308992604209,0.4559434225107909
20240614,0.20571426641811696,-0.14277360891113822
20240619,-0.8737200307393278,0.40434571291674687
20240620,-1.4115172291537041,1.3140495243790329
20240621,-0.7550758488108122,2.355072872032895
20240624,0.8860981190956598,-0.2128491590731766
20240625,1.206830242692292,-0.5312791107534572
20240626,0.8592263129421915,-0.8741283895010908
20240627,-0.6248588308194556,0.07695150379653697
20240628,-1.1417369188737108,-0.3379219071908747
20240701,-1.0323640773840403,0.27110072824008696
20240702,0.31998240253068216,0.6743402680108505
20240703,-0.2876711375302096,0.1568965914643167
20240704,0.2791047761918058,0.3079114211809093
20240705,0.01873430307114659,0.26392227643246435
20240708,0.4171600368605539,0.9631477297107285
20240709,0.4976683938572313,0.38242350984779505
20240710,0.1542642567574478,-0.42613213773386077
20240711,-0.06958904186068948,0.7507163660011698
20240712,0.03283546345017735,0.41335252196344935
20240715,0.2671952712046513,1.5442183985344446
20240716,1.0750638322062875,0.37765374917591743
20240717,0.4586391743755068,1.0097332737049465
20240718,-1.1875384812078558,-0.746317074812779
20240719,-0.17085934840201647,-0.005602812067650054
20240722,-0.7917331649230981,0.8340527408871427
20240723,0.38553821722799525,-0.12333743459230022
20240724,0.7614271238891444,0.43201651162103816
20240725,0.16221025975793613,-0.2762591490678283
20240726,-0.47471388642279166,0.16260530237087284
20240729,0.17755356386862553,0.5122108030473262
20240730,0.11368155971806194,0.4461523594987574
20240731,-0.2928532998356397,-0.028159593655158244
20240801,-0.4849581932777153,-0.22356061240064437
20240802,-0.047144775546205865,0.9621919851346946
20240805,1.3158270699637442,-0.8218922641285598
20240806,-0.5201326646499503,0.9723464519088438
20240807,-0.2866934341343351,0.3933179924672358
20240808,0.11820745905505395,0.5805386424856025
20240809,0.05054391167373731,-0.4972059159954489
20240812,-0.44554278687655835,0.6592350254627447
20240813,-0.14181929734040002,1.4049057578761572
20240814,-0.5165542937467609,-0.3264138649380629
20240815,1.0028762679009942,-0.16178351370957864
20240816,-0.06552658311589034,0.5717074917998931
20240819,-0.012843574529215838,0.4872164273606142
20240820,0.14162092570076026,0.434324742057836
20240821,0.47865069247458003,-0.2666826668490082
20240822,0.6083077953610527,-0.40636494483490165
20240823,0.41583691101656584,0.8121269879568195
20240826,0.05615690435390591,0.1923444388185525
20240827,0.19183995448557417,0.2178625272203737
20240828,-1.1812215746138286,0.20099455777167147
20240829,0.6181963186110581,0.04042229838264141
20240830,-0.6585176703760875,-0.2343200868193009
20240902,-0.5759095119514098,0.7923777120403837
20240903,0.2644354061242343,-0.3206318273047133
20240904,-0.44755338470068884,-1.7007467586611154
20240905,-0.3395341469052873,0.5753240256697492
20240906,0.6164757092352673,-0.440299164628131
20240909,0.23911148475447538,-0.2395045600479989
20240910,-0.15732214649665188,-0.8317120670883495
20240911,0.3611390950486037,-1.2344376397642138
20240912,-1.077017321148449,1.5193474633797381
20240913,0.4655405340593621,-0.6084224417891325
20240917,-0.015404496990723644,1.044248661464455
20240918,0.6210048610036206,-0.6751194806597851
20240919,-0.8945396078363387,-0.0939340702409053
20240920,1.1733948276299255,2.4412507526410616
20240923,0.158397892817715,1.3868470638961186
20240924,-0.4942266268242438,0.43108878581482707
20240925,0.39063656215087006,-0.5879307749544312
20240926,-0.3617249871731997,-0.1547053524240891
20240927,0.5580444539165178,0.7998599815493609
20240930,1.5871810247614804,0.47593681994263815
20241001,-0.9077872099670412,0.04001681961466989
20241002,0.10060832259499615,-0.4687595947280826
20241003,-0.15429291345594087,1.6778210189262108
20241004,0.34060059345442945,-0.22513496782631515
20241007,-0.432150671825734,0.43610872150025526
20241008,-0.6146471147480428,-0.3319624338688134
20241009,1.2864935845275645,0.8352510527251781
20241010,0.36033318811789294,0.06281444762000976
20241011,-0.4924655129681264,-0.015207712872271177
20241014,0.2111691593338485,0.1827272297237911
20241015,-0.45039492189335434,-0.10773033126739613
20241016,0.5333833519530864,-0.3403915225773813
20241017,-0.5690948809710292,0.6546505854277915
20241018,0.13679898068040242,-0.649343735092253
20241021,0.7424971653280728,0.8171577353974125
20241022,-0.03377961754864225,-0.38669946160114166
20241023,0.5499723224054925,-0.5296079012485352
20241024,1.1114708920423217,0.6140166262113833
20241025,0.9696305377664437,-0.9296368331686865
20241028,0.575245799258399,0.7715035864906958
20241029,1.3531508656529163,0.2774110175737697
20241030,0.6269868166555581,0.6784941718392121
20241031,0.6639139233681082,-0.9405049231327532
20241101,0.7290269971262688,-0.16506444175783266
20241104,-0.6827849680203122,0.12735778166940748
20241105,-0.36519230705974165,0.9611901257581777
20241106,1.9931400630125435,-0.6561813939292537
20241107,1.4922751828054674,0.037646285920016516
20241108,0.3503833576070254,-2.45345622143945
20241111,-0.04677391783428002,-1.3842676849408244
20241112,-0.6715036638744712,-0.6185251069584878
20241113,0.27287699591232006,0.23137670930813758
20241114,0.760041868801361,0.21364707541564854
20241115,-0.2905359544844692,-0.7033848774268137
20241118,0.22237783294385746,-0.8422481998901749
20241119,0.7267978430545761,0.8705648284789301
20241120,0.2898760919207224,0.04071743999632981
20241121,1.2548581513723633,0.6449833515532759
20241122,0.42919479201525707,-0.4965827842211488
20241125,-1.0397161807893935,0.88844269581348
20241126,0.1395641826354298,-0.05219979918067476
20241128,2.186322732486076,-1.276469952114018
20241129,2.0178387707929275,-0.045293565276572925
20241202,-0.8649269108085315,0.4764536137967401
20241203,-2.3130058680988963,0.26580817712210475
20241204,-1.4351791917571108,-0.6177270730010607
20241205,1.4278120671020325,-0.7961855388895399
20241206,-0.10726630731844981,-1.367553615294421
20241209,-1.5214198231995169,1.794536230065462
20241210,-0.7084058916587879,0.17354312373529954
20241211,0.5043886328717387,-1.3732923766712868
20241212,0.4677053404520343,0.31621369467345745
20241213,-0.4825812631745173,-0.15454671148100121
20241216,-0.40414605884823707,-0.7312952107087447
20241217,0.3757119885432061,-2.210552424869933
20241218,-0.09480952246782504,0.40918633473181326
20241219,0.33767608521641546,-1.1300879314260852
20241220,0.2051383521787648,-0.7078335894708585
20241223,-0.7603860482683278,0.1255581487175807
20241224,0.007627422038948605,-1.3163105613108845
20241227,-0.10748428054671195,0.19902343651134738
20241230,-0.07337469684233905,-0.2593476989310174
20250102,-0.9052793035519421,-0.07113832998473435
20250103,0.3373822418289056,-0.9496412920480513
20250106,1.1463234104705713,0.6245429866830245
20250107,0.11010247849093055,0.1868992604596733
20250108,-0.1612026679632791,-1.0552720623542091
20250109,-0.3519259782874041,-0.29644672066280586
20250110,-0.08976376318252967,1.096780533299659
20250113,-0.03259005113271946,1.1716419459483647
20250114,0.9078895098926768,1.2669273708452156
20250115,-1.2006201165619335,0.48832406288485275
20250116,0.03382707733154584,0.5164189828568384
20250117,-0.8072356881635687,-0.2840153093716757
20250120,0.6474598522450135,0.8640123356938675
20250121,-0.3456402115318125,-1.561350942335396
20250122,-0.9484413601391805,-1.133620841085135
20250123,0.13812113709341606,-0.25471389113933396
20250124,0.5218015367718842,-0.12956054645513773
20250130,0.8808218841199389,0.9354160140963685
20250131,0.4406692312884714,1.0377087157668972
20250203,0.7748250451577201,0.8465250159205835
20250204,0.42418294415774394,-0.2582348715438617
20250205,0.6564932247591865,0.0030612341383636594
20250206,2.1696553467582267,-0.4837535052679351
20250207,1.8529749779045792,2.305108180875801
20250210,1.1698928768455332,-1.0665415942994732
20250211,1.7282889257208407,0.13364267307560024
20250212,-1.4047240818418367,0.5929556072782748
20250213,0.5449276525611022,0.4174650652443058
20250214,0.17964759786360573,0.6071999617111248
20250217,-1.577544818135556,-0.6852499680420053
20250218,0.15959190072075227,0.19631822036137114
20250219,1.3948253123115113,-0.9680136348352124
20250220,0.5658588173283746,-0.5969384746133997
20250221,0.85510754242563,-2.0717585273047923
20250224,1.890405441789245,-0.5480712717687349
20250225,-0.0769326815515406,1.0979677934333563
20250226,0.5878013964966172,-0.8027661448375141
20250227,1.8936543883684807,-0.709968691157826
20250228,0.8991261717333995,-0.6285106583984318
20250303,-1.1422410152872324,0.05401245420339207
20250304,0.48525282226072675,0.35486151109372677
20250305,-0.9598131874375672,0.49757034116323806
20250306,-0.04976359693095282,1.8859337661783309
20250307,0.674505889963275,0.7292321284579862
20250310,0.4513745876117146,-0.8330595935113616
20250311,-0.494958431395799,-1.5541643947102208
20250312,-1.9224329099905637,-1.7799958149628252
20250313,1.1099871816464486,1.210670359574762
20250314,-0.5023644517282466,0.42556344407457675
20250317,-0.2324319375091783,0.6864393016878806
20250318,1.6316872035742775,0.6677487175179908
20250319,0.15290561861700508,-0.6573490365853586
20250320,-0.4899796573762956,-1.857072498603906
20250321,0.6413213099233456,-2.1105646615597626
20250324,-0.17059428597657433,-1.3357231675309438
20250325,-0.44895626333595,-0.4436381132284648
20250326,-0.7750638856067277,-0.06106161789505432
20250327,0.013592107070146357,-0.2000371212251228
20250408,2.221285529638421,-1.5108873581945987
20250409,0.36405747059761956,0.025188582571802464
20250410,-1.5849599902145524,1.2708418183019772
20250411,-0.48881956466555787,0.7219634398004484
20250414,-1.1113471835542823,0.8234748544402679
20250415,-0.3411508882647648,-0.12563739285908812
20250416,1.502151176415002,-0.1381655503994155
20250417,-0.5483432989765822,-0.19351378630990548
20250421,-0.2816477206364385,-1.1491038814404273
20250422,-1.4603530406001823,0.7038694352181664
20250423,-0.07028626457354671,-0.2554130171186635
20250424,0.23956807500087,0.46185022389391694
20250425,0.0982664493642229,0.35269896567746983
20250428,0.42926424934888135,0.42160485623643756
20250429,0.9997980051963227,0.6093580360572519
20250430,0.3526725910356107,-0.9974209389199848
20250502,0.2835143402725239,-1.5148867365129481
20250505,0.01092686826018206,0.42127983962052995
20250506,-0.33811963749602725,-0.1684613232813761
20250507,0.2737401733561334,-0.16812537332797162
20250508,1.3221479029559944,0.07917429814731612
20250509,0.49089986043525485,-0.5772281358882908
20250514,-0.9126101532051784,-0.5618299783438231
20250515,-0.5720501961223808,-0.4156860780647867
20250516,-1.5447895694217304,0.48664993750639146
20250519,-0.6315736540610166,1.7070179895486686
20250520,0.2251787896685827,-0.5845803551885806
20250521,-0.31236013898090287,-0.13461740858518312
20250522,-0.21982177155233182,-0.545816543689836
20250523,-1.0541808252221725,-1.0400435228583178
20250526,-0.23669198193588226,-0.16501838290613158
20250527,-0.45015045410705956,1.003308709580968
20250528,0.7217974675957681,-0.3888892943147375
20250602,0.6349856711956642,0.2092951052944554
20250603,0.3960183169184202,0.1760824500139363
20250604,-0.7578649897038837,1.6226102512605807
20250605,-0.7166507493393013,-0.8589964295812947
20250610,-0.9158838828495969,-0.590384397262517
20250611,0.5919196100869973,0.8476216425739754
20250612,0.6055589732227553,0.21511053726515303
20250613,0.7414621565512998,-0.2994632295447736
20250616,-0.3935331525891664,0.827350929051999
20250617,-0.4809515889434921,-0.09724673791775845
20250618,0.3521902610456375,0.491587121869907
20250619,-0.1550302270741818,-0.11244483127885417
20250620,0.9097748280413841,0.1300570144559081
20250623,0.3422120819518081,-0.10997563934810381
20250624,0.5866294130005886,0.18019165891253117
20250625,0.47747702895308275,-0.04871937743977303
20250626,-0.7297740476650376,-0.36404979323958103
20250630,-0.6208664764110446,0.25973291617134764
20250701,0.5566181655043192,-0.9652127150346721
20250702,0.07280838836437906,0.4552134293730754
20250703,-0.06842467243137461,0.8085404087757524
20250704,0.19757266246322572,0.3056068398722664
20250707,-0.389260574330043,0.02585469503761941
20250708,-0.1425444891323584,-0.22586776858512383
20250709,0.14228361254003188,0.12865409201825406
20250710,-0.16271851550067173,0.71972473513901
20250711,-0.44381401320502917,0.5925547901515574
20250714,-1.1374826585629656,-1.5794514721049595
20250715,-0.7574797551420205,0.5087551398378272
20250716,0.21973392461892977,0.17735011053779393
20250717,-0.2000102120679437,-0.06895593111796872
20250718,0.20451445145630312,-0.00267163997122186
20250721,-0.19556735653370183,0.011523967304791216
20250722,1.0343469061465353,0.33670010896313785
20250723,-1.0930827405476615,-0.5402792283990284
20250724,-0.29373675778836406,-0.29357404207935095
20250725,0.10477088898724407,-0.2784067173207623
20250728,-0.10878289934403429,0.5899341702416975
20250729,0.2741974762775459,0.3241353894487337
20250730,0.7369693363138116,1.227993663683038
20250731,0.33435119669228486,-0.9757095441113237
20250801,-0.027857652520120804,-0.23180044278638123
20250804,0.638742491217816,1.923503423348772
20250805,-0.4790850540548175,-0.11334414924320883
20250806,0.49226265006063685,0.10379221970251343
20250807,0.20676819478098146,-0.6363737111132433
20250808,-0.5828512527763418,-0.23621877131759944
20250811,-0.41891968341843283,0.23607726143125615
20250812,-1.0668364693329326,0.16307756797162842
20250813,0.08498591633979737,-0.9081683703200474
20250814,0.22086250293128365,-0.16853243310969235
20250815,-0.07519131612445229,-0.30059055540370205
20250819,0.5161762921751676,2.1028514845253574
20250820,-0.17600403419256327,1.3851242835681585
20250821,1.2962566408672413,0.8196576203215628
20250822,1.1852991831112454,1.1258596275995114
20250825,0.1511814799148324,1.458224969041185
20250826,0.6243970220312158,-0.27457297274184433
20250827,1.092356039031314,0.314556643531156
20250828,1.3464570017618063,1.539260672712427
20250829,-0.29385020440408327,-0.6022377878689218
20250901,-0.425691251660704,-0.022760610590137793
20250902,1.4813965483131657,1.0727279223708954
20250903,-0.25819724705654834,0.4099685592184469
20250904,-0.15844801847999415,-0.2767213493233451
20250908,0.7538175601438951,-0.11708212034602866
20250909,1.1493956328784634,0.6239930670193202
20250910,1.2232869556682586,0.06483701818551635
20250911,0.9890007467735242,-0.6147880357290282
20250912,0.4120643033225442,-0.12660054815582036
20250915,0.5545327519582768,0.08180377311527466
20250916,0.5181321752416103,0.0428439949435833
20250917,-0.6658862271193934,-1.1457501431912913
20250918,0.8493195679631409,-1.8563724779966249
20250919,0.3199024794451724,-0.7087113752824545
20250922,1.0143759968555366,1.5082342554435424
20250923,0.393194785768231,0.2793239237202941
20250924,-0.22400725824785148,-0.06313099503590662
20250925,0.21221795860902262,-0.5786088960679319
20250926,0.3617537425492696,-2.008008099978026
20250929,0.09533796748969689,-0.32418273187911906
20250930,1.2022756210219356,-0.682479897667616
20251001,0.2412425369191242,0.5023138665608077
20251002,1.0007244134525022,-0.7405591583316639
20251003,1.4548670678113176,-1.539183596447882
20251006,0.9383511754667504,-1.313365770236985
20251007,0.9146444034590685,0.020334695675911733
20251008,-1.3883201458895697e-05,1.0935171876448282
20251009,-0.4476923358830498,0.5383746890349451
20251010,0.02713040272585604,-0.6063665090473971
20251013,0.17083065577291684,0.16404538990437753
20251014,-1.1813025390436556,-0.050647003042285366
20251015,-0.5483155042894785,0.7395502258652542
20251016,-0.026699128288135143,0.26621235693991935
20251017,-0.8358179800620442,0.27152781433033224
20251020,-0.5507500297478013,0.3789233961120228
20251021,-0.28535164331216745,-1.1238481322780607
20251022,1.2216152821018542,0.23919667501913822
20251023,0.2562107687060864,-0.4324115186154342
20251024,0.19825278403939559,-0.035480921494734655
20251027,-0.8940604931558922,1.8338668751091025
20251028,0.1854852201127229,-0.1827132988068162
20251029,-0.4741859105695965,-0.3030755220362342
20251030,0.8446827676260517,-0.11352761122253985
20251031,-0.16860823447144488,0.31001633980165527
20251103,-0.7415326471363244,-1.3332509716910983
20251104,-0.1385618474880804,-0.1350054838548458
20251105,-0.8338826467709723,-0.5531366996095035
20251106,0.6095939035496283,0.39475921643820183
20251107,0.2838371227627054,0.4361506011422602
20251110,1.154225266934076,0.42910777458038674
20251111,0.3094339130094963,0.042907986624565526
20251112,0.9600343728305094,-0.5799662539350732
20251113,0.8438603867396082,-0.7228382773870892
20251114,0.32262577620948,-1.651886155948478
20251117,1.0164830749716716,0.2755483176906315
20251118,-0.4769304492541255,0.7664626996157575
20251119,-0.5004080885600096,0.4755031947217556
20251120,1.188163245217503,-0.2977926545747678
20251121,0.12052368885922084,0.25263469542132183
20251124,0.17396494276028346,-0.738623915063838
20251125,1.8017600401269211,1.1020382852759631
20251126,-0.23524921385075953,-0.2821554937178104
20251127,0.5387963206918421,0.3266655494687932
20251128,0.8269849033829265,1.307547934002588
20251201,0.7380645906405169,1.0092147494922206
20251202,0.4755586360032903,0.647154734874811
20251203,1.5749267350652307,1.2611729906067743
20251204,1.3743447902379302,2.2815944946981843
20251205,1.205889796524659,-0.16400518378365586
20251208,-0.050660135634010735,0.37709994359201043
20251209,1.277784672796828,-0.22276635856677984
20251210,0.7239450102474563,-0.5472771078827174
20251211,1.193749769674341,-0.5456512021836152
20251212,-2.077728078837285,0.2249556822458824
20251215,-0.3249751917674851,0.8552149295409813
20251216,0.6623889538661173,-0.05061162435411118
20251217,0.749453114588126,1.8136677233241059
20251218,0.3296534320505075,0.26200289262145043
20251219,-1.9420161533741598,-0.8462749656903362
20251222,-0.8207175742361257,0.1608632792211186
20251223,-0.01483651690572115,0.997182849421557
20251224,-1.2750661391589964,0.4586484239467776
20251229,0.619768537143478,1.2008116361414103
20251230,0.22554800203475506,1.0671519615858172
20260102,1.2440917124600408,1.1779565310919096
20260105,0.3445393501538538,0.550031419681937
20260106,0.6166511395974088,0.32352458031041154
20260107,-0.31416664488185264,0.4381858600757505
20260108,0.5576320941081988,-0.15133876380471886
20260109,2.3450419981948083,0.738309039251217
20260112,-0.15674494882994,1.9460882258304408
20260113,-1.3886057639072873,0.5993603149089392
20260114,1.8850187079792147,0.08746544167184019
20260115,1.1462596541518064,-0.79637930076971
20260119,0.4166278580845819,0.46218103056930615
20260120,2.1801705248292103,0.038975997737604635
20260121,1.3117876129907402,-1.6738117903463294
20260122,-1.4629631471474387,0.17512311638379202
20260123,-2.699992055001124,1.2268481474885324
20260126,-2.813559783451346,-1.1412431603788251
20260127,0.36312610217183966,-0.7285903340883721
20260128,-0.7631415871305627,1.0523959745726175
20260129,-1.0229555496251301,-0.7804582772186063
20260130,-0.5710251239667852,0.5881540071816188
20260202,-2.5258548756468704,0.5545418777204075
20260203,2.284190080703477,0.4981963272620231
20260204,-2.9874115193159483,0.6686670984132276
20260205,-0.4940420344280462,1.597635876364381
20260206,-1.4976187671458852,0.09897689996507947
20260209,1.578642635314409,-0.13147923143311951
20260210,1.2574685482584633,1.6847345451469389
20260211,2.0057586671411065,0.07830383142741378
20260212,-0.18545024605917176,2.099576053952465
20260213,1.3345701021525518,2.311543289616505
20260218,2.397889150629017,1.695314057279699
20260219,0.5596378767445903,0.6043814090255029
20260220,-1.1289493972120823,-1.296380477356635
20260223,0.35700110896189263,-0.7485290155864986
20260224,-1.0243452332736307,-0.49663043441218885
20260225,-0.12929457998075278,0.7423352944127319
20260226,-2.0044379555167113,-0.0817729036029495
20260227,-0.3633496268538176,-0.7742677857418709
20260302,-3.0421961798285433,0.9381951399683661
20260303,1.3957868717907316,0.01826340147309518
20260304,-0.5663420741862366,-1.1413519705501503
20260305,0.8951983261697966,0.5037216498239138
20260306,-0.03619924833100745,-2.3968619775387423
20260309,-0.9076845275685724,-0.818198332956812
20260310,-0.4919357929226769,1.3045321059993065
20260311,1.9620583696769711,-2.5521206109263233
20260312,-1.9891258862398282,-0.16158868685963274
20260313,0.43939019998694917,0.9409202409873814
20260316,0.6653179589470186,1.2436726604160724
20260317,0.25842567901325114,0.676014885621677
20260325,0.8447406115820659,0.7831325306461637
20260326,0.49940406966187156,-0.11191539392180674
20260327,-0.024125555868595352,0.23342763934862432
20260330,-0.7900314239137873,-0.03749583956549952
20260331,0.03887467131078442,-0.530372381241649
20260401,0.7335456153137729,-0.5963937021556012
20260402,0.015044811633244115,0.7987698329395939
20260406,0.307317134676627,1.2779707685138613
20260407,0.2694499096400784,-0.3362630913906186
20260408,0.6557923679887528,-0.9101203021569554
20260409,-0.9911785268525769,-1.4316440868714855
20260410,0.4737322168340871,-1.3917939112627136
20260413,0.4135511624625764,-0.45880199909452674
20260414,0.950366059816278,-0.17829727238689203
20260415,1.4504124261903129,0.8826309837489783
20260416,0.274720103645475,0.6509719489916679
20260417,-0.087024807317559,-0.4240800437936554
20260420,0.035988294117169806,0.97027342999354
20260421,1.1279041511544912,1.3567552504988578
20260422,2.0463040299374438,2.2699198960349563
20260423,-0.3343667838820919,1.003459259015687
20260424,-0.6150438942764194,-1.20517870524905
20260427,1.0474002166862202,0.3518448783675113
20260428,1.052917295418403,1.1474883684196369
20260429,0.6334858821654096,-0.24571022982263127
20260430,0.6488623759688567,-0.4260791850686731
20260504,0.49141229496129524,-0.2736070194766088
20260505,-0.44408197791155146,-0.7667171124152425
20260506,-1.3610714027651927,0.6425581806642782
20260507,-0.48450161550199305,1.0303776760522643
20260508,-0.7135452925449242,0.3523010964556931
20260511,-0.02448158000017933,0.17225838022336004
20260512,0.5273743389521518,-0.4988522549012187
20260513,2.6648483106255085,0.6281133147920811
20260518,0.14120588838943127,0.5515372162163474
20260519,-0.44560526050197935,-0.1538068146676612
20260520,-0.7507148088563639,1.6715483817590386
20260521,-1.9497497996089326,-0.6384099537246404
20260522,0.09476700432009319,1.7748778209139286
20260525,0.8707530934057871,-0.032544907937615955
20260526,-0.7482236216829588,-1.0476070386351937
20260529,0.4591196795023998,-2.2886253741570917
20260602,-0.3108865620756652,-2.107650681315335
20260603,-0.5382892600962502,-0.8174825631837357
20260604,-1.5684680626803318,-0.42165279574945086
20260605,1.1841737498753748,-0.011083605929056856
20260608,-0.00035598596108132874,-2.0557431046157983
20260609,-0.9137157717194213,0.166963864651494
20260610,-0.4497643243033783,0.9618638779537808
20260611,0.41667163721104095,-0.9395162690377296
20260612,0.6695249934214207,0.628383013584944
20260615,-0.15296204640432437,-0.5884258664256556
20260617,0.4292148527320351,0.7786873588046852
20260618,0.02054758209263253,0.6166045664419297
20260619,0.2709152326499078,-0.8984424051767952
20260622,-0.17895129305153418,-0.10175325975261498
20260623,0.6185390859554021,0.021806063116631233
20260624,0.4427777707116925,-0.9256278706495268
20260625,0.25565629896092745,-0.2585616408544933
20260626,-0.6939227961775069,-0.19286235443051955
20260629,0.016108756435320813,0.6001036617729393
20260630,0.30002984182064574,-0.32119626436387727
20260701,0.2993821908172021,-2.3681927588682172
20260702,0.39009000374634606,-0.6306504361628603
20260703,-0.32247138075648174,-1.155085955345094
20260706,0.16220018151564447,-0.6032212989146862
20260707,-0.18423742837312876,1.5481892588924537
20260708,0.9158390031039042,-0.33727513670583664
20260709,-0.7763446592163724,0.17362797031101065
20260710,-0.13168743697272553,0.8705540254192349
20260713,-0.9732834905919222,-0.645690518606233
20260714,0.2892814250296686,0.961735422216083
20260715,-0.22799949613477127,0.38004250810560763
20260716,-0.39244071338541175,0.06480660686408857
20260717,-0.3991539103147107,0.032183268413059435
20260720,0.2581167647590343,-0.3269017818260309
20260721,0.1959997574576081,-1.5863744598591172
20260722,0.21519308168634962,-0.062416787434167995
20260723,0.6700020115296854,-0.16287040029664457
20260724,-0.046370166032540586,0.4174608335011786
20260727,0.5480276541750251,-0.2345098984648972
20260728,0.7338888509986372,0.8366431332899268
20260729,-0.3077589257898133,0.26075899180609924
20260730,0.1374089731635098,0.6340341658089739
