Date,Small Low,Small Neutral,Small High,Big Low,Big Neutral,Big High
20150105,-1.1440911005125003,-1.4788471379504093,-0.16725696705617613,-0.4984357339993459,-0.3705193229972802,0.21806251532717613
20150106,-0.21569992862285362,-1.129249422964764,-1.620936003111297,-1.0394003254599702,-0.7226393345817691,-1.1044165332068823
20150107,-0.1083146508867776,1.7058776747328988,-0.02936418075038153,0.6927556126764876,1.1686660962589037,0.39753751004123944
20150108,-1.0850149487334486,0.7049318756550101,-0.5142725268973505,-0.22937589526661945,0.7988916086363613,0.35239875492659295
20150109,1.7964923157366117,-0.4882603300879607,0.0024745229237266267,-0.14738434169485337,0.7243606029466729,-0.4613524646199214
20150112,-0.006092498462680506,1.3074469598417628,0.12458463693230941,-0.5262686899564095,-1.3246649282303191,0.2975981775816754
20150113,-0.7981265198605496,0.039853746221544355,0.15596004630897076,0.6499991922446526,0.11279824249289555,-0.6416182423462737
20150114,-1.890249622392804,-1.5156367376045181,-0.9775126452120253,-1.00206611333212,-0.7923015839429847,-1.5066071888887687
20150115,-0.4214901470597261,1.505352517898805,0.43335357875587355,0.6216610580226678,0.36375009154161536,-0.4301447795401834
20150116,0.3263769341386602,0.4822202149939103,-0.591453092643785,-0.793012273557362,-0.9206356696425971,-0.2976094573903688
20150119,-0.4132066106331692,-1.0276289887706025,-0.350969466446068,0.2569772839588448,0.055778825027036676,-1.1509170065306096
20150120,0.09693905948299603,-0.7498926465182288,-1.0457710305057317,0.5136349838066347,0.11211637073131951,-0.6137600399660154
20150121,-0.14470658758865704,0.591064756250589,0.5709896858637371,1.1746070960523758,0.5566197667137291,-1.087575997619965
20150122,0.7816883637771267,0.416673517990935,0.4291189558930839,0.6554922494911882,0.8869417241991225,1.833198172340115
20150123,0.6432512550115972,0.3489360976145315,0.2953191972488668,1.035319373356643,1.8053222737892407,0.7851309693833732
20150126,0.07970218088243913,-1.7492484969773883,-0.006011443494942863,-1.2349373804003572,-0.9853912612877362,-1.4532462446184404
20150127,-0.5566382410451994,1.0522805145501193,0.42627906275064475,0.2591942593213582,0.33403632734586364,0.5997180634291047
20150128,-0.7681802503262665,0.9918496365916013,1.0539395203825974,0.09016273077112957,-0.8688610017048767,0.3115136520123445
20150129,0.7451725812655501,-0.16059625292881222,0.24349674035666052,-0.21419420766980748,0.07354070079870823,0.5303513245275245
20150130,0.4933241370033168,-0.5692127176869038,-0.12202907756856919,0.6791208191195366,-0.044414501040811113,0.48572286048859276
20150202,-0.4352755986679324,0.02200017486892323,-0.3391311429714174,-0.49872038910812816,0.18537988502904276,-0.3705819053312443
20150203,0.1041858052093544,0.7441530341324639,-0.012077491816158989,0.10597483291100086,0.6198757454545921,-0.3352530885850151
20150204,-0.06423190677710587,0.3916206670205323,-0.5313166729547201,0.7244915072516807,0.10524822360002091,-0.2469233740007673
20150205,0.4138180706502909,-0.18455355548285668,0.18173339438150787,-0.9125577530649526,-0.456012891331894,-0.3259837162329981
20150206,0.8232316877338967,1.1235612903549506,0.33283140480080314,1.1592643662432163,0.7384474940102275,0.6867857290622252
20150209,0.06855192333191099,-0.6885801208549114,-0.25059632256743575,-0.13336475796842806,0.747316067984653,-0.5955442661855643
20150210,1.1001764803648482,0.6773156784961,-0.5030021231719911,-0.6546272512951634,-0.21537748862616554,-0.7515848353800811
20150211,-1.579527981229263,0.59661125246154,0.22530888358662568,0.4429378478711722,0.32687552427334404,-0.15246917639039673
20150212,0.04089755590025975,0.5112438638003577,-0.4214966891602922,0.0914897309206419,0.31787835974709844,-0.5035100854456519
20150213,0.050846477059108414,-0.9650490952276037,0.4649418202316579,0.7816038604280854,0.6283699119324534,-0.7287884525806054
20150216,0.09661164951641146,-0.32854148879192796,-1.7116626986454306,-1.0923064672097056,-0.755253690999199,-0.1871366028024602
20150217,0.29357467495638456,-1.6229417259427323,-0.30139542073528586,0.3899248293776052,-0.13423162797696991,0.263673909639814
20150218,0.034124769314064544,0.73025884135385,0.024639748651376518,0.3482396302488625,2.197870273409293,0.4300682086291633
20150220,0.28422021372258766,1.5059582244341623,0.04490576868056023,-0.1868206301873385,0.7941369849221483,0.8880547670635277
20150223,0.18789471122829907,-0.2126479575622059,0.03362885733075658,0.21968007491911506,-0.6197358511393662,-0.34602646678914006
20150224,-0.7070905377418595,-0.01960924129331347,-1.0784863885392113,0.2788514170348139,0.3764822247274942,-0.6288794763698485
20150225,-0.11424158000367961,-0.6854365921585954,-0.26814648199679203,0.5545772225451759,0.6666520727057766,0.2760879500196485
20150226,0.5188146166483918,0.5156691196300854,1.107084986189585,-0.02413797080703841,0.26177699986550035,0.6840236668995531
20150227,-0.016239924914617752,1.6440089754411686,0.4440082103460773,-0.5924703478863518,0.7394708684451897,1.1485721656992396
20150302,0.12643701543290814,0.12893390408654165,-0.2376133317498428,0.6101061904329691,0.4969575681491309,0.12853656408530048
20150303,-0.1599132111578276,-0.6129923380825804,0.0791995336618874,0.3726219245363201,-0.42379719655208326,-0.49570096770640343
20150304,-0.14405847783900588,0.6727801525358075,-1.0564686529699525,-0.48095988151816366,-0.4950330725026265,0.3209612940811275
20150305,0.48014448808806126,1.3510386241969448,0.9448200446833447,0.009336020650591534,0.1149148598558228,-0.5423667751850204
20150306,0.6428775858991256,1.4163068641141734,0.5182196139641178,1.3165426614822853,0.9145553192873884,0.17568269491256597
20150309,0.14083776490377226,-1.7439826844867754,-0.9152469022705577,-1.080620731770972,-1.6760349787476019,-0.8789151828764756
20150310,1.3349386692417298,0.03927143241191477,0.26215172568477374,0.2811345618924732,0.44210261021253455,1.6479687609492106
20150311,-0.25221073578704767,-0.39793258393562336,-1.0050197786157908,-0.6078418741465693,-1.0805384911352518,-1.041184142865627
20150312,0.08414972768591941,-0.195851489337172,1.0384355680325608,0.31739789704800864,0.37571529489176647,-0.20340924274796257
20150313,-0.014219671230038073,-0.1599209491384988,0.1808418705969924,-0.2573914268018812,-0.23623888337903892,-0.23626828932322422
20150316,0.717197363077657,-0.14965308232068605,-0.92614050871136,0.12778236232997642,0.2563968744187077,1.776900126629694
20150317,0.5009005467178891,-0.37491633324458434,-0.09733147357111886,-0.25407803753766234,0.40145704168144225,1.0080490301279588
20150318,-0.31828298591502113,1.228833972212267,-0.35162715383088783,-0.5981095254641551,0.20133679213612787,-0.04242583624530333
20150319,-0.8412453742712309,-0.06466340963171902,0.33703102842706373,0.7092577268934365,0.6046398984145659,0.046082832420931176
20150323,-0.5426822443050855,-1.523903515504928,-0.30858373694091196,-0.04352526883867186,-0.5317827750532336,-1.4000217511893418
20150324,-0.3271333085581819,-1.1794589846950567,-0.7822826748554406,-0.00977811638975449,0.579489981848132,0.46685479760042714
20150325,-0.7129535270619721,-0.9780071314618275,-1.3479361839396813,-0.8914891026356706,-0.5989974842932905,-1.088573525129418
20150326,-0.5630519628627009,-0.7413726980771764,0.1575829070108951,-0.7139976470752194,-0.26084989785901214,-0.6691719875900887
20150327,1.3186103820054076,0.14330161870622904,0.7414484433019447,0.6336683252226882,0.7206687974809356,0.2281796649985166
20150330,-0.06646355985333624,1.3372065471692673,0.32737793170547946,0.9884533785592284,0.6053591725644749,0.9186345009220656
20150331,0.6203818417504574,0.7467036948747078,0.6019158516347887,1.7770851307466324,1.759233016425513,1.680214310926028
20150401,-0.1282822046615998,0.296039902000081,-0.8114651712879575,-1.013196520936288,-0.983900235024988,-0.6848261241376389
20150402,1.5420922052414687,-0.2504029213197471,0.09960598461262124,-0.008298162207139956,-0.03926249532277844,-0.2463542822808989
20150406,0.22619371993224474,1.1194702593370365,-0.2948750163113525,0.6700659094324949,-0.10133135601897883,-0.13644379826282618
20150407,-0.2907943014818069,1.2228054251487714,0.35568544074426184,0.6220863609350287,0.9428170543585147,0.9559664066097392
20150408,0.001552860309048359,0.0074764704607839984,-0.1126653132667595,-0.7509588166493995,-0.5263780192557371,-0.4151006142592449
20150409,-0.7865679109940769,0.6723343215111094,0.6667129001937899,0.4051443365046035,0.05001607727243323,1.6163250464495817
20150410,0.7506055123321866,0.1905207452078266,0.1017491521099256,-0.19255262715742746,-0.2761310777130359,0.9403862105149405
20150413,-0.33994243249531025,-0.8400153980557974,0.824828659564297,-0.8734252398005438,-0.3963483704111779,-1.8155395730410022
20150414,0.6223629976521325,-0.9902992121469754,-0.0717262665292421,-0.34480512429733456,-0.6322549469360539,-1.2985296901782883
20150415,0.305206339622003,-0.4335801809452214,-0.38072260731749286,-0.25760689308524903,0.7686328013791562,0.5417747602074188
20150416,-0.12215383681957373,-0.7276128252575381,0.06147163636085498,0.08150256755168882,0.05237407936931571,-0.18094435444177534
20150417,0.13485805207300666,-0.308107210498252,0.3844707754914994,0.11088528980633298,-0.5783448143696314,0.06213909781869279
20150420,0.4135586000348625,-0.8182084541696383,-0.21541441298858263,-0.2981869196865299,0.22100588238809687,-0.42627109587419454
20150421,-0.39255295136524343,-0.576855562795161,0.5654363047510775,1.49418386699612,0.41647058021912436,0.10223818676939186
20150422,0.06036320117252292,-0.4854666850962208,-0.130963637236836,-0.2431153677493282,-0.49516771381161606,-0.6781996436909905
20150423,0.5587106499352397,0.15305875461324883,0.5586715911602441,0.28578861702611574,-0.5707944093904578,0.38035368820094845
20150424,0.47025638154582805,-0.5369297005701436,-0.2844698032587719,0.4171331776052516,-0.47400532059139666,-0.05039552377862078
20150427,0.31003355713560243,-2.65563520503336,-2.6566292855543088,-2.526839705882591,-4.264207987081746,-3.493911333925274
20150428,-0.6111704443311777,0.14471358561428627,0.10532356503504706,0.04266470814407259,-1.019681692977216,0.7413912514171024
20150429,-1.7705188816584794,-0.7174243274582315,-0.7934127830132153,-3.0998349278113806,-1.7167725857058675,-0.21985143496260173
20150430,-0.3015652465968887,0.2857011710700065,0.5136420343319091,-0.6189248345332623,0.45173436495676556,1.7100434513515037
20150504,0.05200023839413945,-0.7780578126410501,-0.9304382746951216,1.5257478614940174,0.8609818933905259,-0.5098971676765915
20150505,-0.1238593424897757,-0.2226958874438662,0.22350670981546714,0.48030235598823134,0.13075768271230637,-0.12635914626113529
20150506,-0.7690681018169468,-0.46483490138503364,0.7905790082571239,0.5306177935757215,1.0205455761107187,-0.7686074460370754
20150507,-0.12973645793994446,0.6098252361065666,-0.3252043717312957,-0.7718446519780991,-0.40196369620122063,-0.5306952578591047
20150508,-0.5714782309536899,-0.054990510105151116,-0.1337263734692192,1.1269431673036048,0.12637150822924317,0.10696187850810848
20150511,0.9874353145037719,0.2504087191279665,-0.04188174057664108,-0.41030812345295614,0.27556420383544017,-0.28044981808862435
20150512,1.4002654647688941,-0.2750891697052611,0.38181498106925493,0.42002304774561633,1.3187169429336791,0.8107615143019706
20150513,-1.0603073771492606,0.5784023774869939,-0.36446921119225345,0.5986027250266209,1.0868065228844754,1.184376272591191
20150515,0.9680326859749766,0.49238450654764937,0.3357824699865255,0.1595415775778514,-1.8462859597853396,-0.14439396963520304
20150518,-1.4431186337687196,0.1654816328119703,0.3745225269136642,0.16049822058181096,0.5864256642391337,0.21812441083596212
20150519,2.098081029238731,-0.5338170989019072,0.6093060756256645,0.3663124687537937,1.100380904575996,1.0886726836253577
20150520,-0.7953477501990913,0.4417698110960089,-0.5617400225283589,0.39132943559938105,0.506864896388141,-0.2608442818433093
20150521,0.20266048465028738,0.5022782524498743,0.06415508509081028,0.08280957555223764,1.0918754087252047,0.09847391697243443
20150522,-1.0284508292065073,-0.09075943531182122,0.3006408496734254,0.22221720264463501,-0.3647774060901767,-0.7942841537058718
20150525,-0.13613310240483711,-1.075133333407227,-0.7222276353167991,-0.1363226611565715,-1.476184567578036,-0.7195932245102404
20150526,0.6217335697031986,0.44812750335714174,0.398007366159158,0.7855056743814389,0.3522962147210579,0.039609332851820896
20150527,-0.19507089828668225,-0.7742736928012522,-0.18998139865739097,-1.1148404559508056,-1.7354002375721413,0.012605796749556064
20150528,0.10988394293620707,-0.0768278331400987,0.16966234920053472,0.01687840965874904,-1.2698186400676472,-1.33917503770185
20150529,0.15384605957716938,0.6897908402146953,0.05349006469242136,-0.28589780643328705,-0.8462236605410549,-2.1773901423494215
20150601,-0.2159451982131723,-0.7548810584786307,-0.4855049695928034,0.20002458799927353,-0.04681324003122431,-0.8157041111654075
20150603,0.9424467956709512,-0.41649483448305913,-0.6094512900501947,-1.470951825832241,-1.4990183460027953,-0.6543012134779113
20150604,-0.31026002455959756,0.36277374774200716,-1.7313785590660706,-0.6370504401716846,-0.5250840037347861,-0.26047697535547365
20150605,0.5452195071178604,0.07731454620908212,-0.23785701268020312,-0.27469450673533846,1.042403100078189,-0.041736781339638124
20150608,0.3334362360267676,-1.4806348355450858,-1.1363131062677467,-1.2421623797225358,-2.5313873195169765,-1.2142774756574726
20150609,0.5755503035558529,-0.7928885268852508,-1.3049203814751673,-1.9788983315805562,-3.154124527577596,-2.798179392637792
20150610,0.19377960701977448,0.01281444863296035,-0.23186420708573297,1.004453356364457,-0.1016909857708908,0.631682136767023
20150611,0.381595435340512,-0.02240347570453838,-0.08050865002837616,0.1190057284297195,-1.195100801216429,0.4555870698898609
20150612,-0.19016870204037167,-0.7512938161931716,0.1190060777072873,0.09027763412835724,0.9919089686665845,-0.120261053895415
20150615,-0.9274583308313076,-1.0105553417359314,-1.153975757617666,-1.5427307915506123,-2.6139352869406176,-2.037458878436672
20150616,0.10839770289276121,0.6862875977038722,0.5259771514963006,0.44440001886936353,1.5554770520534058,-0.8929628076837537
20150617,1.4507860120289366,0.8569407592197406,0.7125229995319902,1.2301694261408247,2.058186843623678,1.8705077339567013
20150618,-0.8386236369323268,-0.0052415034789061385,-0.2504400814594031,0.5427330429215477,-0.5185083289788095,-0.32533977233934863
20150619,-0.3861985787644509,0.9602228825361232,0.2560411832481716,0.470712794712593,1.4651732624991058,0.32367956307187945
20150622,0.6994954511694657,0.3793589091465878,-0.6236278769295684,-0.6281711088310681,-0.45986741781330687,-0.04692812309741828
20150623,-0.17851604369201488,0.392400691908823,-0.17593180840999803,-0.6785783487806658,-0.18250702399538693,0.4266569471343701
20150624,0.3638407559772861,0.5495951392316223,0.5202076953334757,0.7552812960155204,-0.9098528101486586,0.14270255788457487
20150625,0.585051569949773,0.23522262463805738,0.03875945599445998,-0.7964057670710704,-0.42839548047253256,-0.08061322168863076
20150626,-0.19972377091320073,-0.40242692269013863,0.21978610645063773,-0.12911890574831866,1.0743399576153043,-0.5479546890694718
20150629,-1.1281663924176524,-0.3167232752462839,-0.8951779658702733,-0.8653511992884371,-0.9083657202837896,-0.34648909780726944
20150630,1.2312121477954734,1.839205373713468,0.26602227368234643,0.8539439546911869,0.31734462835074473,0.1671761884575336
20150701,-0.2713559904392237,0.10435776266818919,-0.35605689074616914,-0.11944540740582038,-0.5526935761723124,-0.2272939355119377
20150702,0.586511102954813,0.4070643280288974,-0.15565182361628208,0.8631266694429969,0.36513007987805374,0.6070483971569421
20150703,-0.28177612240413275,-0.5617286193329689,0.41387914052698666,0.6640321415948232,0.9475924392412589,0.02453947927828694
20150706,-0.796993421932915,-1.0742848139364227,-0.8775532909455097,-0.9138313713833032,-1.8274517549887874,-1.3878810589347457
20150707,0.5735657146118761,0.06278488487973617,0.1953149706697064,-0.21444517610770428,0.3749468769083888,-0.8123153857690654
20150708,-0.19773124121966268,-0.17861048196526008,-0.28125342857869373,-0.5462017540761572,-1.250052372621737,-2.201360552558508
20150709,-0.21417895492628855,-0.40776550955093377,-0.9195007150328586,-0.6940500578374093,-0.20548400322281177,-0.9527032466273563
20150710,0.2740790190891194,0.010557925697417002,0.5795661519659098,0.35808514092429333,0.6440691324104176,0.393220687970204
20150713,-0.05051457327880229,0.36365524435833113,0.21523285333255923,0.8677123941526479,0.4409553306777617,0.48175319055709004
20150714,0.8989943636764133,0.7265960557938852,-0.1823084393946847,0.5045619106010708,-0.182587861129304,-0.7475707348685928
20150715,-0.15314309680762456,-0.10880190113113912,-0.704694680616333,-0.5419677924086334,-0.5340852335326267,-0.2790633735786941
20150722,0.325639878345609,0.09828810328928075,0.3899415909359973,1.8034263026163424,0.4089524588844717,-0.4208986194887621
20150723,0.2447433073132547,1.3864742389532998,0.24253952203281925,1.029245720036928,-0.3506751683368067,0.8083762219405214
20150724,0.7395953746103687,1.0050084926696912,-0.4750271078652101,-1.3602769403663815,-0.786891446920863,-1.3636676242565438
20150727,0.002872105847613557,-0.734088799038416,-0.1411224241586751,-2.158696066852422,-2.0298572464003155,-1.1374778811893158
20150728,-0.4187744513085929,-0.9724858586858709,-1.0699014351345748,-1.209089852386842,-1.1633269971493894,-0.47132177319488416
20150729,1.0403650790243504,0.29921040047864117,0.4153578451226449,0.3069614531084955,0.25965415705402634,0.5515222676934866
20150730,0.6041724937093959,0.564512402399881,0.20608753400082053,-0.6881376578673359,0.29958805980893427,-0.147699925883434
20150731,0.11359231011984691,-0.6469152003671533,-0.09681010013611437,2.272135772894504,0.7897632541736576,0.31447690587122
20150803,-0.13180932281038976,-0.743659819556592,-0.26817873420855126,-0.07847227322683269,0.3096055217766725,-0.9695540061698
20150804,0.1359309220515408,-0.06338015756156498,0.08610154636172167,-0.31778989938587116,-0.3714305606052502,1.3508597128327093
20150805,0.24645440628911874,0.4811651083398754,0.15607278476347525,1.3042818733868609,1.387945223228067,2.2286615815250848
20150806,0.8248277808831913,-0.14338829322903815,-0.019798872490421348,-0.9033140720956278,-1.1045199795829754,-1.6976156135183835
20150807,0.7302277858777587,-0.341618851206834,-0.8139353650254644,-0.6213078831631411,-0.5330433343202625,-0.8814104315948516
20150810,0.8974734054544588,0.10455627707590183,-0.6310764672839718,-0.29811027718500555,-0.73224400965739,-0.8853465760221131
20150811,-1.2973206415438907,-0.45561470108795454,-1.3219650845351836,-2.7814485208016126,-2.5392156318873935,-2.2203664136656838
20150812,-0.7146283689900889,-1.8544063065030338,-3.261192458568919,-3.1590017431978827,-2.7966781875605267,-3.6675921936873226
20150813,0.6941104896882502,0.12412069842840695,1.1239420824290438,2.2408272232489788,2.5469278560885344,1.8411095669699693
20150814,0.04541119244553496,2.098824277469897,-0.3094081442026019,0.2770099511651746,-0.5377832836277445,0.020017181759916933
20150818,-0.6678538243137916,-0.2298432033251778,-0.9750471487290789,-1.32820996681929,-2.026408894947257,-1.637939720688428
20150819,-0.40488324781243806,-0.6677713972236402,-0.17998960937571987,-0.3130291610434984,-0.9134919149094796,-0.1026027853222393
20150820,-0.8783555641244765,-1.0262234039868114,-1.709869817518117,-1.017322167482791,-0.6808842146394102,-0.9916716206614726
20150821,-0.10415796372894578,-0.8042611564867467,-1.1540248752166387,-2.283101191958704,-2.6276898623955343,-1.1448818736417328
20150824,-0.8770727851531737,-2.916506876019646,-3.369651722074761,-3.982026412646826,-4.213898976026276,-4.906127220892189
20150825,0.7020966281257544,0.23875130340243558,-0.32909918206650857,1.121360008817406,0.767368816242268,3.1026048646086584
20150826,0.3298484027050608,0.2238733561810073,-0.2935539652107629,0.6395478951051076,-0.4358616602791539,-0.39404202136740757
20150827,1.893105521881645,0.5181846755522723,0.8553265604593558,4.423764963196719,4.1440154914233265,3.323317897467419
20150828,1.2198983318788719,0.09776024056436297,0.58286017626115,0.2042083314234161,0.9860816778954253,1.7140176689948126
20150831,-0.048115725982935204,-0.33100174315145664,1.0774164939884394,1.6442882904427112,1.3254109598130683,-0.3555207931386103
20150901,-2.0002528469951213,0.17934450685938397,-0.38086096457134755,-2.0518431068929455,-2.678078793177211,-1.4949128725873717
20150902,-0.39723227479007606,0.35002504767969406,-0.6030159180631062,-0.2759317093994024,-0.1649598065481252,1.26992604173155
20150903,-0.45343163542461756,1.0116137647209893,1.2359693306387136,0.702172119555419,1.5272940156919803,0.3424466000512025
20150904,0.8901165330484563,-0.2112125239088688,-0.25586088622253417,-0.5592597086579074,-0.37114741295140813,-1.6846007477545115
20150907,-0.2835149048702045,-0.9509163310959526,-1.6320156648001318,-2.500138527464454,-2.0851918694606724,-1.813531682004558
20150908,-0.06046402112082531,0.2542236281189364,0.13694802533497297,0.006056794035366676,0.8262603220249153,1.577342808208456
20150909,0.5737075005605983,-0.12435358708336476,-0.23188921036765103,0.8781079706782059,0.044580695740108346,0.44475595758301883
20150910,0.2586291688308219,-0.34612709345232223,0.4697892370234294,0.17668485873534762,-0.7455712336875647,-2.484666522351001
20150911,-1.3313578627302787,0.3443723183813493,0.21435509433155425,0.6121658095533605,0.7397918233361723,0.8622527467165884
20150914,0.6924803072046148,0.20337776378518427,-0.12183737400784597,0.7044229421399854,0.5788746243607569,0.5559820860177876
20150915,-0.033646075358228465,1.1880918855143907,-0.22773780276424013,-1.1626161004538906,-0.35678819207856144,0.035867455058071374
20150916,-0.5828224688835046,0.16846050576441565,0.07362135852331327,-0.407973744106559,-0.1420581998471214,0.06302281412709268
20150917,2.201059068036808,0.022177947160653792,-0.35701900543130455,1.1378505620948294,0.32908835219472243,0.727220135256494
20150918,0.9602869346623707,-0.12774839431415996,-0.13012630977556508,0.09753328636477551,-0.24593930292935462,-1.0050184274993381
20150921,-0.9612908644017913,-0.08110273607724913,0.17044772200034028,-0.4416796795293969,0.019594830131862685,0.7478768230721122
20150922,-0.5501036977145294,-0.1740874374156647,-0.4146760886727743,-0.933685202186414,-0.09099721755240493,0.2164115927060283
20150923,0.3295430454828438,0.09395310161546551,-0.6733085070773116,-2.4170642606665633,-2.092890867654975,-1.06506102628826
20150925,0.2985154377813919,-0.02465332667044432,-0.2333878820496486,-0.45358130686103243,-1.5148777810502625,-0.7362011144415535
20150928,0.8035271921415827,-0.03306737023329504,-0.26081624965834743,-1.8634099143230867,-1.9280632724732116,-2.392443832544971
20150929,0.2907948023364511,-0.57303101918323,-0.5020767267104438,1.8487537936789387,1.3785922687613714,-0.11653873281916004
20150930,0.743672129090249,0.44204138548895566,0.4092124404422734,0.8944162173273209,1.9005961092637684,0.82567319640608
20151001,-0.14145651171011092,0.3561049080203363,0.6313806821233956,1.1211515949609627,0.8807452205793601,0.9608638308121145
20151002,-1.653437685275027,0.16621161483107189,-0.4094928345924264,0.489168172355079,-1.6702032437906897,-0.7604944076046265
20151005,0.666498440141848,0.09848550225821341,0.9967580622247613,3.369657658397419,2.986284716856386,2.1511198825059354
20151006,0.7208769757795257,-0.8298921750000836,-0.02696166824704694,2.4674525381449266,2.4119348887619063,1.6966088732657056
20151007,0.0895657796437689,1.2197385546970283,0.918125592798627,0.2551839477589496,1.3028517613308503,2.428596320084058
20151008,0.4742462388287049,-0.5813842915193472,-0.8206429613183988,0.2394230749232515,-0.35038066505522647,0.8836881776325846
20151009,0.7225944489378473,1.3394747927786548,1.4254030788659655,1.8897388743436743,2.838874929831028,3.1492111136794643
20151012,-0.39850579769995675,0.4805424146732778,0.055764817010989544,1.0017906353950867,1.093228704998946,1.1792411148413622
20151013,-1.113617227980659,-0.7749764287339863,-0.9694720026074757,-3.3887549157557983,-2.5535335295401262,-3.220914474486744
20151016,0.8062929791987984,-1.1672184680730828,0.14856605909389906,0.9850014279193015,0.08119895110059616,-0.6739589659108
20151019,1.1948382369715378,0.27041270651451094,0.10713190753314106,0.9387751833304071,1.749476268441855,0.5867501579713978
20151020,-0.26844729456771543,0.4986164200022512,-0.13665922683950096,6.512936816464449,0.14820100989157894,1.3246081726907286
20151021,1.2778438913595,0.13866888843753308,0.4323026237869317,1.118236162239017,0.2529152240464436,0.10369959703359949
20151022,-0.4279156860844636,-0.652320254453726,0.16047899798964166,-0.30779144637347167,-0.44338497589161235,-0.45683563968219615
20151023,0.03491563172243858,0.5179483653159525,0.9204270880241259,1.4322562053621672,1.307086689810237,2.013133695937548
20151026,-0.07999011704499041,-0.09495595834035656,0.14638075938711057,-0.6240063649605911,0.9380348998764813,0.8372001688878447
20151027,-0.5064019155146462,-0.43730261722322117,-0.30603540659705186,-0.9334456612428993,-0.3343476215710666,-0.6793080737220019
20151028,-0.7165737664021903,0.02788755057413057,-0.5516431145654167,-0.24140461898745086,-1.138307839923048,-1.0476821008953896
20151029,-0.00939766672068082,-0.5662638356622379,-0.7005325997304417,-2.659044123277995,-3.3559321353583,-2.191791771506301
20151030,-0.05908889841164171,0.0408452557261937,0.5052737007004947,-0.1308783249232156,-1.2655587149778273,-1.1849335845362974
20151102,0.008334886033905012,-0.28820211697749265,0.07623105241523917,0.3911276033246456,-0.31796603835426934,0.39495253347810627
20151103,-0.4267957354326909,-0.3865985224610723,0.23539139565068465,1.3651157327783594,1.8004346881067272,1.5518774659082784
20151104,0.04891048640767722,0.44605755114988316,-0.5131931015593126,2.056647800162271,2.1977210293650784,0.47888888974419425
20151105,0.02948273017890301,-0.047999623843416835,0.47942216679238364,-0.6232507958252868,-0.906825491251017,-1.3878213087685434
20151106,-0.282799691248735,-0.1437245387308823,0.3909554850897966,0.02875650315263522,-0.4966516429415925,-0.4424166797044089
20151109,0.4485284886940978,-0.8062739137475917,-0.8189367322416572,-1.039700714747316,-2.0433533316587087,-1.8233156973363307
20151110,0.34221283037402717,-0.11268304640827717,-0.30987639338923445,-0.7767590049353381,-1.3032877349972065,-0.23703466956350286
20151111,0.8896200184800314,0.2027404962220087,-0.28539025766768455,0.06453866093064353,-1.0584308652103678,-0.2845516970485757
20151112,-0.20926369794858263,0.7617937427446559,-0.047127404631188335,-0.346183576720385,0.6548977927701223,-0.6225369918290263
20151113,-0.0301900196598826,0.6717723655944492,-0.9292355704700805,0.9582872799023555,-0.05480431085435114,-1.4040656440837143
20151116,-0.3743436525745006,-0.2683312742996021,-0.1247386853523379,-0.9668695146738798,-0.6667241364962269,-1.4455096605299078
20151117,-0.2823174924406389,-0.9937854838029172,0.006406261047817322,1.478507528759444,0.8683165380199549,-0.07777322634183119
20151118,0.02751309815449247,-0.6922329811494172,-0.05482496934380638,-0.04591091232957482,-0.6968379581071179,0.40988288762759706
20151119,-0.35641529377150016,-0.34372014563902753,0.3298700887458314,-0.013260407150971466,1.3576393509750366,1.937113049504937
20151120,0.3813182070048685,0.6604333579757383,0.02968437450830899,1.142629713445857,0.3186432200243247,-0.7831852455855515
20151123,0.9380054707568423,0.02495030650086174,-0.21944466513839192,-0.35417156847423914,-0.3844304464270447,-0.6423020632078765
20151124,-0.7064036733453288,0.4578760141312004,0.5004601652499638,0.3719421408014216,-0.2593171307813481,0.15521270938311374
20151125,-0.5858576029769479,-0.019785756037201164,1.0699372560251708,1.0327161243494485,1.085803749174259,0.2987683886289028
20151126,-0.09316739914817743,-0.5997495640256806,-0.090772641895579,0.09168014645018761,1.2730772079138075,-0.6861708064198897
20151127,0.30376378274838123,-0.47865229984510316,-0.4007758092208978,-0.5829676561875515,-1.434151101820302,-1.380038381811685
20151130,0.19631226986064698,-0.11585823071263901,-0.2446526720572855,-2.0753656299903134,-2.707609432603371,-2.584553783393264
20151201,-0.06818038562712768,-0.7659516881465599,0.23845086716334382,2.5576016345054655,1.8875666639742743,0.35621227086376483
20151202,0.8100342276157829,0.07592914681960657,-0.0009705619927155672,-0.4592576945893508,0.4920218530828872,0.3754879644395366
20151203,-0.08597663442736313,-0.310904524361919,-0.5705824294988042,0.12367401280003215,-1.0876195947923024,-0.6825605851082717
20151204,0.2841449862298468,-0.12205222058695696,0.09314592070418105,-0.5733880349968232,-1.3189587564145324,-1.0051110072510583
20151207,-0.01540597775911306,-0.6499787031742548,-0.4693158878686925,-0.02128942107780927,1.2294016778179273,-0.7281584069782125
20151208,-0.25169673492683353,-1.1121066776894921,-0.6137160789162271,-1.2689301042796024,-1.5642101932701002,-1.6108451851644112
20151210,-0.2552969177506326,-0.03436437038957697,0.015382074329383953,0.40274454314378455,-0.6593497209468799,-1.0093893435108137
20151211,-0.5287493880918077,-1.0308644927562314,-0.6127182646752981,-1.8964450493860505,-1.2734895797796477,-0.45373286624298254
20151214,0.2125764422611711,0.36316040534967364,0.28285886575687536,-0.27969747852062143,-1.0925322711779872,-1.3261644291713848
20151215,0.6095098327409578,0.6612567546419341,0.15959005548572658,0.6175653515697349,1.6133961386296802,0.5717170908644307
20151216,0.24168789982760153,0.209035045576271,0.23141984285554645,1.86471462887709,1.5765275550831424,1.9090177920746367
20151217,0.739411617620557,0.24662588071146102,-0.1212678263504359,1.8488246247099778,1.3367257273897692,1.2607654990199997
20151218,1.21080034115406,-0.8691992005236191,-0.5926976599862547,-2.22234815472037,-1.6405401437862315,-1.733453844674984
20151221,0.22422388989310243,1.133677775996886,0.6532887460710873,0.5605830500437092,0.7218652200872662,0.6989609660450807
20151222,0.7472222718026419,0.028700348183763217,-0.3508154142466731,0.6293654660962382,0.16769962407976402,0.015122560755817239
20151223,0.041322149854558024,-0.3694845493251745,0.7365978948919628,0.14217277116391946,0.038856929611912366,0.5105638034677623
20151228,2.882464013411903,0.5211150760646938,1.1363546811174092,0.4334322212235319,1.5804644011575144,1.278447375555867
20151229,0.04995667563297678,0.3339852508085405,0.2935246217879127,0.09948092931920105,0.7085312972442456,1.1827614553857062
20151230,1.455668510067367,-0.3119807954110265,0.25613034359948267,0.19796054304758384,0.9664013934936239,0.11254563302347624
20160104,-0.8577273681838405,-0.42574522298104345,-1.13434436386443,-1.3365235469869396,-1.399442677414773,-2.345511852642786
20160105,0.03233625831512461,-0.4254162539260779,0.12038173906055134,0.8641097663001477,0.9498428092812785,0.5664381204241291
20160106,0.31044145244413107,0.1899046324404459,-0.26950173897445456,1.3790077266106506,0.3193108881608675,0.003989983218755863
20160107,-1.150144722853636,-0.35936736595246316,-0.606478735432185,-1.7842888268785464,-1.6771282251736925,-1.2444006686295621
20160108,-0.01754006490885033,-0.013654128807116145,-0.12189818565360902,0.43695919331568744,0.34770481176386187,0.13597979923404085
20160111,-1.5064601769825672,-0.655722261058421,-0.5875292688738644,-1.9133357792736596,-1.7515310086538831,-0.5455733386710707
20160112,0.6641708245362088,-0.07635415952010739,-0.2421719281905274,1.272529789290757,1.11897505532551,-0.08493642223438928
20160113,0.5389479682592373,-0.312904728485625,-0.1488082120704284,0.5508151123342753,0.6361114291203109,-0.19993959656846622
20160114,-0.0829115598529199,0.3661416707490341,0.23071149733061047,-0.5712756767514964,-0.5939083451088476,-0.1525188349472793
20160115,0.509080376187277,0.41527279950550783,0.36135098183337794,0.45229799312014163,-0.1362315316418211,-0.536845619005032
20160118,-0.6327867720393286,-0.29989129833742395,0.05018927705153507,-1.1175642597334576,-0.7901058396613653,-0.512031214513658
20160119,0.19518694007722953,-0.0636301567751998,-0.24717498652470005,0.13525162400646956,0.7696552445745561,0.1119163209714593
20160120,-0.998117000956016,0.025798184325162662,-0.596726095512396,-1.617929227779462,-1.109056868073646,-2.482411622570861
20160121,-0.33850691473013045,-1.5274912692609837,-0.13735712766489266,-0.25118132793427705,-0.5524098328370525,0.07515652568345689
20160122,-1.1395771040746088,-0.03147873662899381,0.11120351983920258,1.1266537733857656,0.8491680701860411,1.9720384119789138
20160125,0.09360296785688546,0.6685533173500467,-0.5128942767808636,1.366157267246134,0.7323361276993493,-0.20353800635607402
20160126,0.491815243237959,-0.1575754124728088,-0.46209231132817347,0.37857113618741095,-0.3169785927818046,-1.3048982089146168
20160127,-0.9225298113378841,0.039721943426496154,0.1875429137367577,2.0797494793393634,1.0229923248705188,1.8139159928322237
20160128,0.5578090601917803,0.023877283178604766,-0.09143411792580176,0.44295855692803204,0.3103763308908346,1.6106881899126333
20160129,2.2181524864514013,0.0006273070445860259,0.22433657394326714,-0.04769028407593673,1.0383146495630202,-0.09951209137306889
20160201,-0.4303423763266736,0.14403395957651272,0.6591929300355488,0.5224542040539486,-0.36198941238365007,0.0881492297239255
20160202,-0.4263135528838515,-0.40594968215050187,0.6709199086492386,-1.0771586642548412,-0.817419373973679,1.3509345621193143
20160203,-1.2630722154710148,-0.13727741894554082,0.19639198145837955,0.5849752582892797,-0.4715266020666179,0.08258712032872854
20160204,1.3976260814167218,-0.17505362313032727,0.2794985615238874,1.6703889404701848,1.0976103481900348,2.0382083262102677
20160205,-0.5600413821792032,-0.12992662003421096,-0.10839560438207715,2.9908884084238725,2.8802805944041516,0.38895809913648216
20160209,-0.3022141147720901,-0.3888450363576487,0.5869936699697167,-0.5787892843046218,-0.9574133179700862,-1.3835998697565608
20160210,-0.03844206954755964,0.7657821799669342,-0.21406113311385067,-0.8672190994117207,-0.7508914670037126,-0.7741969550034306
20160211,0.7138830237586514,0.8876330641124669,-0.08493735882677618,1.0166714241218304,0.6646035727990716,1.3582919499890158
20160212,0.7457720774632092,-0.18330725524123712,-0.6311425194448381,-1.4281764641128023,-1.1219935751625274,0.0649904855884409
20160215,0.7194772035549761,-0.18283654665102886,1.2221142197303994,0.5294230810035945,0.6073603742366103,0.016118253280390352
20160216,-1.051807985516257,-0.20443484567100995,0.3299781655916045,-0.015220073857606873,0.23915808548202017,1.2430198526809726
20160217,0.6974372899249961,0.27897165183671235,0.11617203385120597,0.34451749585264047,0.2893798222622531,1.4188625769744962
20160218,-0.10291752952041715,0.4867803197625754,0.3132408606553871,0.20530490859507472,0.7037918221582032,0.836345835223953
20160219,-0.5891966932300964,-0.39287793824217976,-0.12244712342426789,-1.5725029454402961,-2.1155309493435985,-1.9001238604628452
20160222,-0.6836531397831367,0.1302843040535889,0.36736109624815655,0.2577424638017014,0.4689191521721357,0.9113474236515743
20160223,0.4632732144388915,-0.33071092541976765,-0.09358572170712876,-1.2656066964820827,-1.5030922800932314,-1.295062373396108
20160224,-0.4826976312889595,0.20804046702261025,0.4848144379401952,-0.21732980576783648,0.45354914248250017,-0.7140404500961632
20160225,-0.5190204790042219,-0.08173187920565293,0.21756495201133733,0.007904445637333855,0.15316932426255092,-0.47415195784241876
20160226,1.3755519375255418,-0.13896929330463878,0.6139429541918494,1.8840175416605647,1.4285769165410105,1.46044963802807
20160229,-0.17550715044805548,-0.06608849528728149,1.5794439449742508,0.6753782950592778,0.7715572858823511,0.04388516809800907
20160301,0.4876334551202587,-0.2140750202181129,-0.06719597875346221,0.3618788340130942,0.1692532128942226,2.004712533163863
20160302,0.06580599105656265,0.9431150705959852,1.0347204491242499,1.3930819872396938,1.1837432864231328,0.9532640511959101
20160303,-0.4068117001840792,0.29379133563331544,-0.43616589450277937,-0.005525267054604621,0.47000156280771294,-0.45670451750903496
20160304,-0.12466707244109165,0.7550747522077531,0.2907446418630362,-0.18293374790398892,0.9511778349129628,2.5115408532238312
20160307,-0.27817552259293943,0.31138392686904115,1.5129289762135507,-0.8975653503517935,0.5257160595162179,3.431093877909234
20160308,-0.5656944828317144,-0.4028296678359018,-0.22135906458834875,-0.6967922277804633,0.30284256692835965,1.9317548061447267
20160310,-0.7744782313804395,0.4267407349541953,0.8638635703721026,-0.7084477181089676,0.24163913798842582,0.022024486788396108
20160311,-0.3455225725829951,0.03349889480637011,0.11951433039086115,0.5024845124862602,0.015853939188445042,-0.6889586670305194
20160314,-0.850631142731928,0.021348075539757667,0.8313461435886466,1.56116940929952,1.1078917029078672,1.2544490841344274
20160315,-0.37068937679290104,0.8644705952039464,-0.1191361796831559,-0.7632927283270217,-0.23986301765697146,-1.6567038383471115
20160316,1.374108539083522,0.0013832942887819092,1.1603895060357377,0.26866874812657476,0.06506555961907026,1.009514163997018
20160317,0.5979292162415897,0.6209544291309949,2.35184531796214,0.37414750919885603,0.5283396485678135,1.4918787754220764
20160318,1.477607446862068,0.22921471329296603,0.25661795999480347,-0.051133617297565846,-0.22429836462661581,-2.2616448075097004
20160321,0.04176428984329411,0.23411649281856675,1.4013580642500774,-0.05493116294449303,0.2579136177900565,1.0248235122174625
20160322,1.4732239779384153,-0.5401834650896503,0.30807513160842925,-1.0296410525251312,0.3387399764913625,-0.3990944164766937
20160323,0.8246327868247691,0.08646277210550729,1.6418999361012352,-0.1620081062905728,0.22268378695130442,1.5478470952906473
20160324,-0.4405210602093008,-0.35158037531393077,-0.42079256812633276,-0.42208144289881555,-0.6219984544119612,-1.8440238804878655
20160328,0.7475549233043275,0.09698463964438546,-1.1828146599350915,-1.192834895593357,-1.0005943455457698,-0.5664872167591157
20160329,-0.1484375367589378,-0.1257351613872059,0.4163263874309295,0.262289286361721,0.18404178900179674,0.02776650225191261
20160330,1.4492097924509104,0.23863897492453523,0.9045250705974863,0.440752344797586,1.7696917981446922,1.330480108974202
20160331,1.374114497777868,-0.12729654829393383,-1.2655052727766012,0.8058752452421396,0.05646355998275102,-0.7105136846416614
20160401,-0.25288019891453045,0.08117638631463876,-1.4116325480478906,0.3678293251715536,-0.575211729070831,0.8249287710311585
20160404,-0.38947114423094636,-0.36586362672586653,-0.9948843083590807,0.19170171870885092,-0.043922555239871236,0.9758309515727127
20160405,0.48984657391490566,-0.36257225656318914,0.4303604977844055,0.21106202583870753,0.3171746523010078,-0.25438916813747553
20160406,0.418818738896661,0.5938861908102625,0.6924320454645505,-0.029555142998124253,0.5865296923210522,2.2180633194533916
20160407,0.3124899426061293,0.1912702676260371,0.27056347934224095,-0.1945626137528393,0.18423367015248532,2.209456895651386
20160408,-0.11369107526835948,-0.0556339422318899,0.22510769111464105,-0.36538134336707395,-0.8405561568439803,0.5531827323825591
20160411,-0.5369813763300783,0.3014426684469174,-0.8798190066247973,-1.3542881322853175,-1.3895210401074982,1.5008904803583822
20160412,-1.1368739496865585,0.8541056861044373,0.04268574433514803,1.228073809668957,0.18318816406538646,0.020106527639257313
20160413,0.5641926585395418,1.0354650622256834,1.7146865134676812,0.278765869500606,0.8132970719963998,2.9452716249748443
20160414,-0.20092473870306526,-0.6187707038730681,-0.6309015017711226,-1.072847560278393,0.008877825549963747,-2.127964683870375
20160415,-0.17846433001645867,-0.33419015325446133,-0.47095983592041185,0.9142286452952916,-1.3995421692773264,-1.6405262566294403
20160418,-0.20295713844289756,-0.01128425766264534,0.393242979361336,0.8155548080158649,1.5735064910463388,0.38460469212298165
20160419,-0.10747291363058087,-0.3778575792342073,0.6781657560897846,0.34690964018280684,0.4739580626668952,1.8227030774952846
20160420,-0.26288071398333646,0.220659881720984,0.277973675482864,-0.47288191733780743,0.8925194481032162,0.67753966009498
20160421,0.5022266651318875,0.6940208947642533,0.7915357980320328,0.4653440785086694,0.4875807869578559,2.7836504299513014
20160422,0.1363159199896246,-0.19230352574778278,0.9494636415123625,0.3933523557604352,0.3459915550402023,-0.27803355025958415
20160425,-0.4751533418057904,-0.08733793226051145,0.7513027821321816,-0.559816213331445,-1.3054646457067156,-0.2353130014218285
20160426,0.08175214905095386,0.1175036968839982,-0.23506156032185288,-1.68822810600398,-1.2903527735093236,0.4210868551909008
20160427,1.1499198390104028,1.4606605299770001,1.4454594525527407,0.6604693887707209,0.17634173637968542,0.02131530003350875
20160428,0.110801870637511,0.16056513294036245,1.0951602693481035,-0.12489790239604219,0.3838861368481984,1.57282880799018
20160429,0.08718943376107785,0.5517832776683502,0.6431018788755786,-0.10986494372457246,-0.6637397048550193,0.516284112652678
20160502,-0.7429210896379823,-0.4666732889543097,-0.48498746932981224,-0.21908621458621835,-0.807408833647454,-0.3479474527455936
20160503,-1.5071906609311343,-0.044632852889699065,0.7656238204992215,-0.1372811249248966,0.9153685516878362,-0.22189633250228225
20160504,0.4473795903979443,-0.26216679933998205,-0.5353230088055683,0.5842059998039558,-0.7314976035459142,-0.1432306670982059
20160509,-2.0533214138517164,-0.3289775976141882,-0.824944916541445,6.037093525726745,-1.9946176940874523,-1.9447055756111622
20160510,0.43576043021986854,0.02138085833286524,0.214861826421745,0.4385321306747312,0.17722665206958346,-2.1697947067513024
20160511,0.2429051254352937,0.8524881228155365,0.7209683296878062,0.6718098968346597,1.3523442790814808,1.4889766781943754
20160512,1.0232842508892441,0.11856624238020558,-0.17607235396774287,-0.0013718039858186986,-0.01205092670238061,0.34797479964909456
20160513,0.09414893222807348,0.04116562613832845,0.031038943537346125,-0.9182677235767883,-1.0257341084532563,-0.8380410863564326
20160516,-0.4269157902304048,1.3045872154246956,0.5718983991877987,-0.6129060095316657,-1.1121799736070968,-0.7528236131375584
20160517,-0.044205807161027684,0.09311059963369901,1.1146915458374673,0.19438413521163256,-1.0167945872577013,0.31072108630541023
20160518,-1.4097087409253874,-0.56461918254108,0.909167245159789,0.05433815407559485,0.6850625377430289,-0.7430434449208964
20160519,0.09021098187810607,-0.14536473420658527,-0.8061264736114019,-0.8410367310672247,0.21573835851681317,-1.6035423748955697
20160520,0.0764449802327931,-0.11527757949768723,0.07568282181077235,0.5785812821000568,-0.912536226137148,-0.2992376982655108
20160523,1.4660443198850384,0.1553272758286369,0.25948621784198267,0.7907404506524474,0.6660259733213011,0.7080359463919393
20160524,-0.5734016249307892,-0.7457158139230609,-1.318459526273589,-0.7437927690728375,-0.6504978081412677,-1.0443536843843784
20160525,0.766619269766528,0.44866900378394475,0.9813263819738441,1.3606946138213176,1.6079658348287427,1.216252389344975
20160526,-0.08618962844165137,0.2915218600750508,0.6955531777056376,0.22198415221125326,0.3621172308090197,1.3015560905443393
20160527,0.6025004270114398,0.3030454521989556,-0.08140049683445837,0.4815474185987107,1.0834501443484474,-0.11061890356031764
20160530,1.0029523848283641,0.9787374667927862,-0.11237569740143818,0.19418628072718,1.380937760470319,0.49811222716243536
20160531,2.235455943609018,-0.32867741966767905,-0.42919682343974686,-0.8084499020593982,-1.1861501790195814,-0.9734240226126759
20160601,-0.027562802629305175,0.038056019517912244,-0.07189213149364464,1.0672158043168263,0.6292482977321908,0.6875989161988014
20160602,0.3219734200543105,0.9395592552197622,0.004865397150699846,-0.31226854278787436,0.29561421145614,1.4638719049477853
20160603,-0.30569459086738715,0.5513460123414087,0.10612647892989059,0.4734486503416866,-0.0031701901403923915,2.312012132758349
20160606,-0.72316561028488,0.12146158651916718,-0.39328173815565204,0.9873724319241529,0.8768814697849205,1.9933977622846506
20160607,-0.9905601338817398,1.0860907230859802,-0.00448088955466669,0.9959247813777787,1.0361121482080626,2.208179700063615
20160608,-1.141489483181229,0.38913087275776886,-0.3791631947047653,-0.5358118406490823,0.2304567080850522,-0.7185825223487322
20160609,1.3915967698879674,0.569157649707869,0.1864282426777863,-1.0382128556655343,-0.9757213772665317,3.0631982667412427
20160610,-0.24213529114244745,0.07315956046557683,0.09065102701438012,-0.882847723672852,-0.036836236482421805,-0.29066920698719106
20160613,-0.7630759579312566,-0.9961093070751657,-0.5091413197519478,-0.6461669234380638,-1.2126388051181771,-1.3838659724760898
20160614,0.5437628266479512,0.3445874724573457,-0.6004937518195573,0.6146305620074004,-0.403805110235084,-0.4015844871933576
20160615,0.26443135118847716,0.029385293586626598,0.1769245964948567,-0.5898985917305019,0.7800457416367418,1.1752627386929735
20160616,-0.8310360034194424,-0.3816500336259139,0.019456329451585958,0.23574887964086527,-0.7510174290957294,0.7735832253537116
20160617,-0.36713688289903235,0.578887451757767,-0.07852025015652689,0.46489444168281713,0.44535923807694133,-1.0988890079526055
20160620,-0.3716173721647841,-0.12116368534917663,1.520379582182698,0.4191910984307124,0.7918287615486878,2.136895696334789
20160621,-0.7338627539680888,0.09121718768853317,0.27657321918989575,0.28006235189224077,0.19845241409019782,-0.25328557299519594
20160622,0.0006891036523805354,-0.2477017361477131,0.1073349402083705,0.3395988587025655,0.7294761873521375,-0.26842959870868
20160623,0.9798696597236527,-0.19557573545183207,-0.5734280147076326,-0.5190805460856068,-0.05543160085647162,-0.7702331733297424
20160624,-0.8790077839854509,-0.35038104369301687,-0.9974924576541654,-0.8968463996700892,-0.6007786281996536,-1.0594927153723792
20160627,1.3850220149940067,-0.0727647026000968,0.09068729220082251,-0.15207243709296875,0.43409645433614974,0.49206545161261583
20160628,-0.25149709194505954,-0.271632890652214,0.5222820616512949,1.0200381499735562,1.3825642578937893,0.8686557082836003
20160629,0.5118618686447448,0.7608925870608856,1.6322775421033164,2.514659834864591,1.2791898040741212,0.5671612954866229
20160630,0.09762891284907228,0.4580042773938437,1.6975026031981926,0.7841383362786369,0.1684041415377749,0.825369285731233
20160701,0.2925166065492887,0.022936519746349818,0.5551256313054386,-1.1842774308245265,-0.6565956977056593,0.7343671056388281
20160711,-1.3577384204921663,0.9235459020318089,0.9890043325145892,2.0507273395239665,2.1636756984415113,2.212131455785225
20160712,0.508395731563863,0.9206425594279524,1.7117219684394562,-0.07895172262908397,2.2903790527196093,3.052196146936858
20160713,0.9151409654493416,-0.4384420148389663,0.6661805998050419,0.9476556889660166,0.039841808517771124,2.6596452322972497
20160714,-0.9870140614093071,0.3401553932155483,0.8640626953172111,-1.1124817297075202,-1.3615328337694734,-0.5436565637665771
20160715,1.2691419945652247,0.33757720737323876,1.339398833405146,0.4285644951003681,0.764936741699108,0.02384865306153819
20160718,0.10995292992477419,-0.3925561986742893,0.9478151683997941,-0.13538404685524577,1.9097416842727897,2.880022082651808
20160719,-1.0720299444433943,0.025624257431416643,-0.5864442396215365,0.8489493032559374,1.4159106733549494,0.32057746362761214
20160720,0.8241414257779821,0.6021122093439946,0.6843035385382882,1.5140205626703456,1.0005334735287978,0.633014454125035
20160721,-0.12317793290704485,0.03593823720461073,0.8681615698472428,-0.36800949144006573,-0.8982829538588135,-0.3311858509320522
20160722,-0.4408522780971355,0.148823570244434,0.10936829375111476,-0.2569266610212417,-0.5647746971627896,0.060322018748538576
20160725,-0.5877882631929252,-0.6279751758508181,0.39870191383794584,0.7000781066594455,0.1313784687769729,-0.02577430802315176
20160726,0.3071038057982368,-0.5328005382530634,-0.2607744538938374,0.18757760104433457,0.2703113124656132,-1.199116731253454
20160727,-0.18616155960709765,0.9031219977100399,1.2013420242356145,0.6032640551767212,2.1067861830152066,0.9580402519579658
20160728,0.9613555859539374,0.7255916486646428,0.7139784306408429,0.1013766803540949,1.7364055284214568,1.6776568829384522
20160729,0.02160932419531746,-0.041564825034767904,0.19629903118367664,-2.2121852546900005,-0.2676469949100376,-0.2070725884800314
20160801,2.1205408946954725,0.9003187116269403,0.7440442785430286,3.2582319990397854,2.655824803590787,0.45774848917567645
20160802,0.7144597390381168,0.4637807111106079,0.4426328594900004,-0.011124775872599276,0.6106337079396073,1.6047610785232762
20160803,-1.419193252898476,0.878951094057394,0.9394899777727496,-0.4517338296115725,-0.6645746243603075,1.5622286636816978
20160804,-0.7878168668427556,0.7188384069614946,0.30035455602813815,0.21396684112277983,1.2044890051719648,0.3185339364099711
20160805,0.0660726899653944,0.4382431583862888,0.34862373907784755,0.26841119850559214,2.543431851960361,1.704853251682399
20160808,0.39731539622817785,1.456753195333086,0.6863963057697527,0.6334374590846445,0.9354492289506855,0.547772102290877
20160809,-0.7018021190687149,-0.2378140807681316,0.7021003447547022,-0.5753179142948709,0.18531939633338004,0.5813930558343817
20160810,0.15340696560423203,1.7848264187094967,0.8829869866229708,-0.2655252270480838,-0.721176131398915,-0.3893490448213256
20160811,-0.6266762756392514,-0.5634807424560645,0.35993988379715286,0.28585493387387545,-1.047338438120001,-0.9313257849658249
20160812,-0.39688301881728527,-1.2957985210546055,-0.880235402046085,-0.9102283031073651,-0.5010356395375182,0.1855716923072385
20160815,0.09531269505511332,-1.5489884904022948,-0.555883095243179,-1.0922783469491417,-0.8535217988290297,-1.427981478501516
20160816,-0.028702666909885783,0.3328740330308122,0.8539449897050195,1.0405111911605507,0.6840404299467099,0.918546357707447
20160818,0.6886651258636818,0.3843544495404201,-0.32934055860530503,1.8980233811533747,1.6674708991628449,2.01937917379986
20160819,1.141125945264398,-0.6028260806021506,-0.8047411203308921,-0.9484470932373564,-0.5741443121261733,-0.17353586277323782
20160822,-0.10743727717984905,0.4645059736826114,0.3499409031393243,0.28152750230277324,0.08462976440433499,0.2918051416232016
20160823,-0.18187876840177136,-0.8674793955875911,-0.23359341641879017,-0.13953911014260886,0.13392877747027584,-2.0992076923124063
20160824,-0.17364834735072024,0.08911764387929318,0.8585531515477935,-0.6814493223649042,0.46886473974344045,0.7539974808127066
20160825,-0.017693005432959125,-0.10150846478973614,-0.09391304104623086,1.0999458410382696,0.7745944910028795,0.09369979222768701
20160826,-0.15967727954272587,-0.06077940717403402,-1.185390087204848,-0.30607576925631985,0.035318418795375256,-1.2305507658339483
20160829,-0.6317803803212447,-1.0277350616340002,-1.1531079558906179,-1.223942087286816,-1.6776936955784658,-1.848342694925821
20160830,-0.3646487904558259,-0.09712424195631932,-1.303207559288706,-0.27948891813212606,0.5023266443642086,0.35536928968116155
20160831,0.25680490002984613,0.18870558495299236,0.9609107441377319,0.4413741548209991,0.17400339403571036,1.7330690076806785
20160901,-0.008976734606880248,-0.7635402459585433,-0.139725957701113,-0.7532380589141653,-1.572886689047397,-0.6412822461700476
20160902,1.6218407149254432,0.5393576875992738,-0.018807432836480533,0.2843344829625413,0.7267122891293801,0.02541850319281287
20160905,0.1763882308247229,-0.0009283246308546711,0.28068921745684333,-0.03927220313813237,0.013375854459989506,1.6294983987645326
20160906,-0.5031861612722116,-0.5347998551780045,-0.4132266331805768,0.3873620693484553,0.5349498479811075,-0.7293010958957162
20160907,-0.5005947518598661,-0.18159262357020883,0.7054237641832488,0.17190652033404763,0.43487752079415554,0.5503976773138405
20160908,-1.0088804753343636,1.4137323512183901,0.7105353075360088,-0.07314187972271183,-0.5984737131947762,1.2010919815366767
20160909,-0.68430791642181,-0.999537123401585,-0.9357931955327705,-1.8197978720485526,-1.4430543699973657,-1.4104323421777607
20160913,-1.5233435268411657,-0.5515631243047384,-2.9305035929612333,-0.9081799365513401,-1.6584034023803662,-4.8622427734000695
20160914,0.24149913153144986,-0.48888596154278063,-1.860314501382449,-1.2863499633857516,-1.3998207605873672,-2.7179675410956907
20160915,1.4316546836459185,0.2588669111821448,1.158070205454695,2.4398584809629575,2.6730932899474094,2.091379085962363
20160916,1.074504743740248,-0.12823612694285352,-0.1380343964143035,0.07280299377196343,0.017688544721845004,0.2480827238120711
20160919,1.1029187428674478,0.21543111003781423,0.4416455182935491,1.0831426406467684,0.8844784254431056,0.45615069047533946
20160920,-0.5409367661709629,-0.08803656136660473,-0.3041881399209082,-0.4069628081670932,-0.19865168367676306,-0.823342502025024
20160921,-0.2137520714472391,-0.1689382504258246,0.8213098292536245,0.7110084301133474,1.0195699075789897,1.3214632368992585
20160922,-0.7396258575668729,0.3278622850727069,0.3207639207912665,0.6644473654594248,0.9994339194849526,0.27227545480675297
20160923,-1.3271966792585608,0.34394039313629116,-0.3783937178540822,0.31774711875473766,-0.21748343731708952,0.346833662782795
20160926,0.3992253974768197,-0.0695390485878253,-1.0912721266771477,-0.9305436348130648,-0.0338103159278748,-0.8521882418939228
20160927,-0.8814313895201199,0.2908331265294816,0.217649536069375,1.3273103767448808,1.1445650825246285,3.2821165720124585
20160928,-1.45372563503934,0.025180534599120938,1.1958275324672538,0.40281224042359187,-0.9700555977892233,0.10938761641380568
20160929,-0.9273678915147604,0.5711685772580778,1.3952294869376225,-0.291422941622235,1.0634597727471875,2.0286438711293955
20160930,-0.14335086688273005,0.788252490007239,-0.39771982469140155,-1.4286068405638417,-0.8937504320658922,-1.814890020046288
20161003,-0.756360620849226,1.5387199811728356,0.5589445902663571,2.0329251736414222,1.5180388229865516,2.5017979138436077
20161004,-0.45945272708045914,0.19130288160066994,-0.6098212746714765,0.4312172484900687,-0.2802699427303724,-0.29197968987495837
20161005,0.5370078393984491,0.03219822633087844,1.1309385816854154,-0.8580721347217001,-1.150106519086655,-2.664605934908094
20161006,-0.18608041470281536,-0.3920733248778536,-0.14061900378221157,-0.2367984571666171,-0.0877308475836735,1.0480740510758328
20161007,0.3687600343020333,0.704247563009699,0.9989905286242338,-0.9398653137970934,-0.0045782573856197615,0.8971358239020033
20161010,0.6938811116708304,1.0367634749253005,-0.06280374632999822,-0.48928398716796023,0.005042186683186225,-0.1561510731174442
20161011,0.46203116398189253,0.9555914006940006,-0.28363249729717327,0.5660809709199718,0.18170540251559966,1.2752860322429826
20161012,-0.8284172496503218,-0.0012098700445041283,0.882752587451004,-0.5857920814276314,0.3516381434032651,0.1387224424510302
20161013,-0.5477208495781617,-1.179925313689863,0.11383340165276412,-0.619145483218639,-0.11846098073104343,-0.759879583923751
20161014,0.6071071053333623,-0.8380088772049207,0.8698197193633884,1.346236517397786,0.8797440426699144,0.539164442976743
20161017,0.6096891355414507,-0.08095362259800655,1.3651205420972161,0.0009191467314767284,0.4253696643907475,1.5099425130652122
20161018,-0.02821481538670205,-0.425164739420963,-0.22740230271816791,0.34672621641625556,0.6830691870816077,0.3579461056950653
20161019,-0.684409290718908,-0.08654368470425403,0.42357148550065055,-0.6322561025246854,-0.14246644171655587,1.721672741300951
20161020,-0.855099623959356,-0.3703830364293165,0.25384934532501335,-0.04719716848422831,-0.5039104576793397,-1.1108114212990083
20161021,0.0004304634119501765,-1.4355522872361557,0.25607589745218495,0.25086799302984614,-0.2389648500016743,-0.8024816214538698
20161024,-0.2588827126954173,0.6552391551105091,0.6856506403225804,-0.17342240181870464,0.8583511701906589,0.8783031020785481
20161025,-0.8447737031867556,0.6579608096995636,1.9561054224840688,-0.6510618930575675,0.031804168675826694,-0.07344945043142447
20161026,-0.35062726489709306,0.2244318444568816,0.8620672246262615,-0.03896994962065192,0.4470808181506611,0.863535462474176
20161027,-0.3263928004211234,-0.28574226946773207,-0.9344687474955368,0.2537131114101364,0.5763336615280671,0.9598244959540672
20161028,0.05061627256400359,0.5486193130403529,-0.7207489302136878,-0.15643480066835722,-0.058371353546652835,-0.12756428342834905
20161031,-0.7730367141069568,0.29828724023525327,0.9043755971268089,0.027267390481210584,0.39675169653542486,0.5288558522238365
20161101,-0.2619067130678782,-0.18157472925473597,0.030810360573436106,-0.06339651503029631,-0.020698172764289712,1.4732938493910355
20161102,-0.9818387642121913,-0.3317493398520672,-0.20809310890063626,-0.08723332637745752,-0.5125493372169047,1.4304839154783873
20161103,-0.49239485906861935,-0.6212938958436551,-1.2187005115384424,-1.4093484916205974,-1.616937415819737,-1.928617323838002
20161104,0.04083132720360136,0.289083528135347,0.3359098397299596,0.5498238431457891,0.4516006535440463,2.384027012910132
20161107,0.5190411095714222,0.28971139002338875,0.12050993314727022,0.1443286596668761,0.9542603189292234,2.6370305299683166
20161108,-0.1469011478956796,0.9709782268438611,0.2250106008250732,1.7309350273290873,1.5441252538442907,0.7334599016171729
20161109,-0.37969469584884513,0.23456086948774793,-0.5093354188416457,-1.1266702832590243,-1.070247204850052,-0.8945954999083292
20161110,0.747605874134901,1.1014987143626425,1.4682531446613674,0.23083302479485324,1.0138490591433176,3.32349093374664
20161111,-0.28300248820744706,-1.2804436088649807,-2.111681409437301,-4.678479196427405,-3.309256998135974,-0.11604999767028121
20161114,-1.2757174762118884,-0.08572284975586175,-0.28916651163364815,-2.1639336669573317,-2.7642281665302013,-2.383222040741299
20161115,-0.11502107539974324,-0.34414702351892185,-2.217947808564662,-0.2420539401076786,-0.7117100256563271,-5.26880711686285
20161116,-1.1182663875395957,1.053799482665664,1.3020720505820225,1.7747066228077626,2.989992362421543,2.68378636151178
20161117,0.9526218683663561,-0.013817766776827825,0.12478226721970737,0.18773413364702937,0.08179998245106798,-0.935401192878639
20161118,0.32917426303559094,0.4907759482864438,-0.02148354887949164,-0.33185957719803233,-0.6850603024939528,-1.0186469229163169
20161121,0.01994845300538123,-0.34093427453393516,3.20966170251301,-0.42990238628645217,-0.974512379438566,0.6744413676596375
20161122,0.2487014520434606,-0.08003955457299906,2.613007506312668,0.8425420217840174,1.9171087923095365,3.9388369407698027
20161123,-0.12819107770649082,-0.04680681745305474,0.9663718925223975,0.08529970940289375,0.07862755420975288,0.9916593146265152
20161124,-0.44596946824387906,0.40957300240474237,0.04203053044401766,-1.922761696502938,-3.0228323125467487,-0.9591922141347565
20161125,-0.5226568717984521,1.2894693985031087,0.35122221085361355,0.11399584210654773,0.7443495250023777,0.13582993743665664
20161128,0.25048316582703,0.6058490841125639,1.1205899826027024,-0.2423835708441068,-0.6030357371689093,0.9170039784532494
20161129,-0.40631636402831744,0.3088219871529617,0.4762493950840602,0.2412998323875573,1.0722495018228,-0.5462659744285359
20161130,1.018392831972495,-0.8998957451812577,-0.2201775659282512,0.135313373895763,0.7655980489479886,-1.3800655111916948
20161201,0.163711676816998,0.23073802462305174,-0.13261341705949337,1.2445440212677665,0.7542054148041597,1.451882578796946
20161202,-0.15532045819698756,0.29555311582911703,0.8982719510346009,0.9632043010893521,0.866623027691546,0.9644260025418884
20161205,1.092304978434395,0.2351699711510024,1.5656612562118508,0.3612387505594758,0.4076055936939116,1.30417603115851
20161206,3.05407747761273,0.2752709380035191,0.6682078453669758,-0.04039698309187923,0.4984269379895355,-0.3187623213679827
20161207,1.6106693925555482,-0.5160087326797089,-1.0142712406534087,-0.40693675072584384,0.5756577250604568,-0.4451627584709267
20161208,-0.56733530158126,0.9199959148584682,-0.15855111346970058,0.8600294052000357,0.7547132586934605,-1.4111598102485645
20161209,1.8456190081085229,0.09513780733745116,0.6056257483967109,0.04923278590978341,0.04721620451351516,0.5374770488709376
20161213,0.6243979624386137,-0.14419802614386434,-0.14730998389839042,0.022561253236872476,-0.8533981346260824,-0.21611440853422523
20161214,0.30129454424111796,-0.5288986525262184,0.6785239699040605,-0.825619906825423,0.05858944523105498,-0.4769970875688016
20161215,-0.6311812776996548,0.5446322595078124,-0.7354094370262853,-0.15171703027375022,-0.17823955099514766,-0.10305797093188875
20161216,-0.7450306829106015,-0.2821628632382766,-0.3830396228891403,-0.45139026370118474,-0.22589826302810834,-0.4701247313736714
20161219,-1.803907802776424,-0.15865944899376297,-1.2959476274603308,-0.9319697143654456,-0.4358605523363949,-0.5118308813735529
20161220,0.2727819902770511,0.09141158837957443,0.736327669063872,-0.5552446751166065,-0.3817627832009392,-1.9500914357311099
20161221,0.03786726221424415,0.003758108439161761,-0.9638520304353495,-1.1953780676195036,-0.582256190211872,-0.931600837383687
20161222,-0.9860748781189428,-0.3032487036399831,-1.9003264265002737,-1.4248018294501787,-1.1714358802886662,-1.6424329070483492
20161223,0.9620352388352241,0.5249555769293188,0.8844773324690164,-0.5833666036826435,0.3842651669043765,-0.14952986269264004
20161227,0.8925039573310475,0.48640353879285514,1.6377286564433708,1.9661778652384463,0.9847718952138593,-0.06310966585461672
20161228,3.1948915975240944,0.7809174240939407,1.0105559590120183,2.2014516536139217,2.121223161238462,1.5356989547671789
20161229,0.9630495282615741,0.5006303069412592,-0.05536376365680366,1.9670814996846007,1.8874473185785163,1.2207397148828918
20161230,2.5977018677796457,0.7191758223212807,-1.0454412276249052,-0.17852039905350933,-0.1800004704772825,-0.28155686142431735
20170103,-2.935522425796678,-0.7933020642075523,0.004753529325172754,-0.07222850938349357,-1.3361325608197507,0.7109609029048284
20170104,-1.5152206939932793,-0.24310365115113364,0.36520980737484077,0.7143564319703042,0.09271303760575547,-0.5019678731301899
20170105,-0.4914217523195923,1.1317334477747456,-0.2089267008888022,0.5432978291003772,0.1743749651542517,-0.2611225254836657
20170106,0.6147925385038818,-0.5712400068845555,2.0465369653072827,0.2717543586512307,0.6433585336947222,1.46592500854785
20170109,-0.24825790319528274,-0.01743368676933488,1.8951394261993288,-0.7466061039293838,-0.7220437542434954,-0.11206123542112537
20170110,-1.4642227755990884,0.12711288018320202,0.13652246227681514,-0.2791056074928551,0.3831362711000463,-0.4209181531722183
20170111,1.426020562953995,1.0920945582311083,0.4628821430922741,-0.4869240433551172,0.028796006101691383,1.5796974967005155
20170112,0.8521054754849702,0.008812382633905198,1.9365504960549773,-0.15489109754235655,-0.40326971008966944,-0.5727204005484993
20170113,-0.5152454687434888,-0.6132610399558708,-0.06760925458928542,-0.21086219102576767,-0.6652062272526581,-1.6500486272132908
20170116,-0.09585028790582611,-0.23007973686730784,1.4648485720356248,0.10604044608605752,-0.9610749360904682,-0.03484197928672463
20170117,-0.11413355066603614,0.08192742040086626,1.508799831272567,-0.08756598333666471,-0.10154426013811166,-0.528650817046486
20170118,1.2699500734093916,0.01438516766839334,1.0349467155768017,0.47125547213882607,0.7979825348546113,1.1755102163049278
20170119,-0.9779584306861779,0.19476549488915124,1.188494846457588,0.051399243841609155,0.20574626934283177,-0.2808455270378698
20170120,-0.41204859975065367,-0.26061440417065507,1.2009733371184967,-1.001183982518948,-0.7365253503381913,-1.1248863208372013
20170123,-0.47491411862871474,-0.17301911751124677,0.5726240781046164,0.04185042860229966,-0.4895174815004674,0.07618393995602182
20170124,-0.2859472744536213,0.9938612950810836,0.9377921442207994,0.972603621562437,0.5950958694972941,-0.980415650935382
20170125,0.25665014450151935,-0.45291509157849086,0.7779287326177154,0.030435491850657068,-0.011591259528878803,0.2408178419997126
20170126,0.7917130769625614,-0.21708025521958935,1.2954594848510528,0.602396753166568,0.05412047402749646,0.743833126938472
20170127,-0.1619958956319608,0.0806759408736238,1.5210273202342066,-0.3985695890593387,0.3763039981683191,0.16519017097917624
20170130,-0.27082359238410153,0.07020625624917179,-0.15730388690667124,-0.42400190748982985,0.2061561904080866,0.7101863575923817
20170131,1.3631295114318704,-0.5841635555377197,-0.024557584368817765,-0.42835347313238786,-0.18641472685823826,0.41295405101221944
20170201,0.271688203608436,0.32776297647366537,-0.7303486549513657,0.7999637546156626,0.4187459533146817,1.5761645244021651
20170202,-0.5568918670625649,0.21968328621916577,0.24937045856938037,0.44198860321480643,0.22372253989049415,2.4556177569338495
20170203,-1.4713764551322865,0.010408484158909517,0.615760076396916,0.22353484146738542,0.46351831971191104,-0.438001180950817
20170206,1.3039781245256443,-0.15172111678147138,0.24926131006675847,0.5420348866327047,1.0848746273538261,0.4871582199628131
20170207,-0.5531278304594621,0.43208857406899426,0.33526744063729796,-0.34405230020103106,-0.30418260992359686,-0.7367745787717609
20170208,-1.1694228144154624,-0.22347237248114385,-0.768223655507381,-0.2883105070727197,-0.42426342610806417,-0.7427696055332947
20170209,-0.8655930363697636,-0.009010529450993789,0.1320160687337949,-0.055779518016542386,0.7481415228649418,0.6752959554140264
20170210,1.1914438703449846,0.031889542210223026,1.4790034553487705,-0.20182653992230964,-0.215508469556325,1.4503560748912092
20170213,1.213555519311723,0.7742641724259334,0.015183565219230826,0.6994094547683884,0.8680931656988352,0.8850996825470697
20170214,0.567218225120541,-0.14326850822929313,-0.5893987670558133,-0.6298015809967807,-0.14604892071819103,-0.7711170133592382
20170216,-0.7856589147439162,-0.32870534918520683,-1.096958521221872,0.14808360723949757,-0.09310937948314628,0.599560879885646
20170217,0.08786007141815808,0.3455155901373698,-3.2035050109356975,-0.7387946367603396,-0.2993995739960196,0.005426862035418758
20170220,0.4027374912384839,0.09184763958526752,0.5409934984049874,-0.10998899742028138,0.4766290986398687,0.8832818921709737
20170221,-0.9931343589475841,0.3312867762499623,-5.314282605249076,-0.1200527649856718,-0.22642217770202952,0.5091699454368979
20170222,-0.10374494815669828,-0.5234327099634254,2.0706383495153218,0.481013453895729,0.13394181655032436,-0.5638429736831916
20170223,0.3455651441251241,0.2645260856054201,1.2105157612256447,0.2718059648284929,0.23765085693269722,-0.12585051720727933
20170224,-1.099597144034727,0.1899013868496878,0.235996409787043,0.4820593039480658,0.056039839417206874,-1.0247697214415359
20170227,1.7793962711134543,0.6000162941133821,0.37047720544375273,0.07843415523076025,-0.4288266502731394,0.08243782592830765
20170228,-0.12458599830314962,-0.019143721466643452,0.05640687929847025,-0.1851164113300229,0.7633821598114816,0.2464681504287874
20170301,-0.37495168994582745,-0.6330805150424847,1.022221315976996,-0.15958558385448818,-0.7144712833988752,-0.17909243308864706
20170302,0.18021886335974657,-0.34019950501260326,-0.02823132917738196,0.9214602885438918,0.7183630353185935,1.1841688161468091
20170303,-0.8043009578886448,-0.5982361646519981,0.9231014162543911,-0.6152871424660872,0.1930145755628834,-0.5533310304429258
20170306,0.4019189265416044,-0.2581580455007512,-0.2141510988947723,0.4110040811010316,0.17293630138437763,0.23603292194396558
20170307,-0.8944722025222497,0.378604974332608,0.45831696049206505,-0.14240852014838457,-0.12381607615298505,0.26668959270326803
20170308,0.5396292190307075,-0.04540495470488382,-0.6049315257710505,-0.15495167188252587,-0.04699440019931433,-0.30836358425766974
20170309,-0.10561025184897667,0.38446139625915143,-0.1370736814760636,0.14363305380149777,0.2748264700938501,-0.8607075050363798
20170310,0.3344969440864984,0.9534181371397074,-0.6179322373085864,-0.1834008447936934,-0.044829181324868385,-2.2023609659396257
20170313,0.3246707135248138,0.4301402633687443,0.8090568461066507,0.2712429156484933,0.302487356425186,0.46447428535562557
20170314,1.4188795590129144,0.723519172997447,-0.028434789229825695,0.3191385915591509,0.7884063124354341,0.36008997198672205
20170315,0.37657519166322906,0.5178632039295938,0.5857701743425983,-0.133460192585219,0.283984634012063,0.3389625476698093
20170316,-0.08018451071373912,0.7844125884792172,1.5087040088936368,2.2111675686087806,0.6524074033797371,1.0268175272426716
20170317,0.49419775866330495,-0.5099080052522295,1.2079270396150916,0.3464550188218621,0.26272294741871555,0.7489609241832964
20170320,-0.16580867626076032,0.26040710590278815,0.42715640592059156,-0.13434107068884463,0.04951016161539309,0.11369977435859382
20170321,0.7723552320028396,-0.5090955836548513,2.0513517514908792,0.05012925469689697,0.2666558528738372,1.000967710551123
20170322,-0.17289446531369757,0.9980078373291257,0.18240513195463615,-0.25279418431453154,0.6461547111728538,-0.6035032235023874
20170323,0.304411651112636,0.3674311113006506,1.3977850304184418,0.6908399837020661,0.4183780398753963,0.7420733856027023
20170324,-0.2099394771091664,-0.05065099455361979,-0.8030945418342527,0.11812521786367704,0.21931561149820086,1.0066382665790277
20170327,-0.06033623343953987,-0.52829568560686,-0.03334957394883277,-0.2738693162515402,-0.8678068571937925,0.3180138819275121
20170329,0.08679534824809672,1.3249567908135813,0.6414531148056896,0.7569987999758816,1.2253480833312493,1.3779382823226174
20170330,0.2126221386283354,1.26647525458318,0.45052984182673905,0.12232138430510947,0.23326624035476545,-0.5184565300783696
20170331,1.5609894485661402,0.968878561795535,0.6479992981372852,-0.8451516589202297,-0.30266573918902084,0.43333317605728555
20170403,-0.48856343348283826,0.24297375270226407,0.16239986779455487,0.8155478661726654,0.8041910790444997,1.3567067622568296
20170404,-0.297523801768697,0.22927542256620517,1.7599883486960808,0.7948335409580345,0.6805417605014414,2.1027260760894713
20170405,-0.8480089957474242,0.5779648887980169,0.8519182316618105,0.332378286077608,0.7292454154185449,0.4861648200242986
20170406,-0.08087340770183873,0.29621785980467863,-0.5549193168140482,-0.2723951639350378,1.2696098616368778,0.26343293743923757
20170407,-1.0840072847002196,-0.05112222134765847,-0.6703809369749192,-0.39399487864313737,-0.8853023797815561,0.4900867973958112
20170410,-0.4643263407647087,-0.19327259893932308,1.4960610775546088,-0.1716171621257875,-0.2913092899717003,0.3299586357677845
20170411,0.3386792520690375,0.038755393476241566,1.5095477820017549,-0.2943053860156497,-0.36220619531574766,-0.40059914421173864
20170412,2.154678075136636,0.14131947139419987,-0.08860843143564756,0.43634937092085796,-0.2379531158486907,0.45691963312317296
20170413,2.748615518976944,-0.017940059357367644,-0.6882251912858348,-0.568270554298485,-0.29344655991690344,-0.15364911059363504
20170417,-1.2649410200115687,-0.23563591819873603,0.7448779660152482,-0.7240671739135118,-0.5472626399270037,-0.7518493340537776
20170418,-1.5667586149489507,-0.42120370365861587,-0.04983592865643218,0.6383063506776251,0.3907689079947516,-0.8849195864883327
20170420,-0.5714081240237718,0.7716724817928646,0.47669805450462344,0.11464560957673649,-0.8528950507672958,-0.9585137447551489
20170421,1.0189383254011724,0.4303312115808016,-0.10977062313440099,2.100993743314927,-0.06961778519394525,-1.0249306444139936
20170425,0.20525653459289528,-0.24194864099401978,-0.0831741202022826,0.16520894568083666,0.6465904690560835,0.5268234492819558
20170426,1.2199149585676825,-0.41742546923305635,0.36574988936340463,0.7755787658548858,1.233423991655385,-0.25626764018319603
20170427,-0.6289743373042133,1.2699320189546854,1.2326845994698208,-0.6121815798334932,-0.32444365945771947,-0.005815319567001647
20170428,-0.9860734779215573,0.11754389615851014,1.366511070342782,-0.4898064874241652,-0.5047398008056483,-0.1925213572374123
20170502,-0.01991546891201541,1.6378140681488944,-1.6423859081127097,0.3178137666703774,-0.7087424129239215,-1.1719793138069767
20170503,-0.7608307191395014,-0.2541424023559555,-1.2322786604171676,-0.06077967001379908,-0.5104035313220301,-2.379812111201822
20170504,-0.2623909891513956,-1.0151792616811592,-0.682966522005147,0.47441947226978437,0.22778145244236056,-0.00877803996092156
20170505,0.040508379534371634,-0.12073296637327566,-0.9521254800630127,0.19007646314670332,0.8968742422256599,-0.4765079645331664
20170508,0.3180404542295933,0.6118355861506027,1.7798209440664625,0.44236436742581514,1.0276581522389387,1.6759923065483568
20170509,-1.9581322835952775,1.2271379174650592,0.5573084040555196,0.1415120495297966,-0.7215064610265028,-1.6987512146084263
20170510,2.4935509222719263,-0.6393325619520042,-1.5671461384675833,-0.3992089612177561,-0.9914678686171845,-4.229350275934893
20170512,0.3089965525430454,0.26752404447355543,2.0669318630689966,0.5505542545960277,-0.01746164161112131,-0.42813707113541777
20170515,-1.5371630313276785,-0.5262584617468268,0.14724467666848082,0.5741435701945956,0.22371803448880911,-0.6751105329714622
20170516,-0.6614107329306357,0.6291385163622903,-0.001801805216243281,-1.0967805578800003,-0.7494062624463177,1.8917370354994023
20170517,0.26669127054015174,-0.3827742234172848,0.6005457853120845,-0.6252512747388915,-0.4062538824156656,-1.827931790101215
20170518,0.21718399745782904,0.5247396485065252,1.5702389845128832,0.6913221862679327,0.271823952818201,0.409212564112283
20170519,0.44001430951712994,0.8989476136235469,3.8108614002769388,2.5722307577026693,3.1447876876153913,2.375871077694254
20170522,0.810084707599979,-0.6347810854381081,-0.860594036196606,-1.1443786759305201,-0.4841434689026884,-0.24532066646463135
20170523,-0.027508949378919227,-0.508941117617041,0.2751071262976068,-0.10408819919858187,-0.834718129453674,-0.28161398540239585
20170524,-0.26082357075569274,0.33325458659814305,-0.46607940424019717,-0.6279444793489501,0.08397729487483635,0.0028485389604291866
20170526,0.7703335514337798,-0.11482088546179733,-1.3621169445657404,0.36458368007984343,0.0883144066989102,0.3751011190730687
20170529,-1.0562126077534593,0.26987624383078507,-1.9652793432357631,-0.3728453307296004,0.8991953083312687,0.18408939419676273
20170530,1.1127673524968689,0.39473973014491615,0.11724445161893154,-0.55053292025784,-0.028853416086397413,-0.22004666128510775
20170531,0.294217417702329,0.1555375012534101,0.2616825490097091,0.7714690575849815,0.7597997193409002,2.932703497602107
20170602,-0.13712863122346036,0.607095409328277,0.6530054976301533,0.5212279493652263,-0.9144300867237655,-0.6444036386991383
20170605,-0.04288077147021656,-0.46598748576186466,-0.24880656969389386,0.37350879450546465,-0.041375716553548054,0.07872371851620273
20170606,-0.6126317871472696,-1.552401651901243,-0.9344650748033756,-0.9109886702247809,-0.5341483811890078,0.9138846236652797
20170607,-1.1664569454553588,-0.06648780966850441,0.41090227543614355,0.3171166613331241,0.10484386470819247,0.3583147847769092
20170608,0.5477082161016722,0.07544747584593857,-0.25779954932000454,-0.16802453410488355,-0.4652296819203773,-0.6314057792924276
20170609,0.02091601717248624,-0.5564480240301036,-0.6210864592633689,-0.4289764640628606,-0.739151468461585,-0.8037519059264305
20170612,0.41641564388493246,0.20988792932406386,-1.3263218727640869,0.5262899495090254,0.31656066842514774,-0.944621643278385
20170613,0.34610561272597573,-0.5927663820839676,0.2625879162197586,0.32804390199985467,0.041727015436763173,1.7318531706872982
20170614,-0.6506192279487568,0.7519924982104064,1.8526382812857498,1.5371439979728356,1.3693526735015784,1.553396956761306
20170615,-0.001656101458575121,-0.6148411715619142,2.1777675774712355,-0.33431014783728447,-0.25722971083130025,-0.8018732892599646
20170616,0.08413451455801375,0.39842085898724006,-1.0095093444185763,-0.9633358746843514,-0.7762177777100276,-2.0127398984015956
20170619,-0.023159849349096175,-0.27302853565677804,-1.272333197947332,0.7022850622394516,-0.36636601579332406,-1.5070119407452915
20170620,0.8127234984663142,0.281373462292903,1.562026085664892,0.9370002661988863,0.4939638321001069,1.00720204848548
20170621,-0.14436314175961196,-0.42170073115956747,-0.8543927624052658,0.5612394917814363,0.6047839245167097,-1.0358015726703114
20170622,1.9477231630675003,0.45710675497634307,-0.0422204231872112,0.06333183680683745,0.5730212961395664,-0.07236051153369766
20170703,-0.71850264109484,0.2948482791842214,-0.4868979874548335,1.287535218867635,2.198935252297587,0.5619667209187199
20170704,-0.8004418952303731,-0.37158103689224053,-0.8392025442898209,-0.8056618409182614,-0.4364524333442026,0.31138515693513513
20170705,0.4315765735629139,0.18150413508136637,0.2770654391878474,-0.9047835082274432,-0.6258461305236346,0.2144393884747437
20170706,-0.48773501588076457,-0.5359476083609357,-0.3156324862289717,0.5178046294030737,0.09400580437333081,1.333404409124319
20170707,-0.49522893094142045,-0.9532206223883251,-0.8332156010825884,-0.44483205785273133,-0.7776921432403527,-1.100889667435016
20170710,-0.11346123112327657,-0.4478451293564935,-0.7109180939283939,-0.74754486306361,-0.9241659080022755,-0.958468037022908
20170711,0.3525445730647143,0.02245451130056579,0.7713304616655062,0.03529354327844836,-0.3382410649282487,2.1187287813972158
20170712,0.9917983495361679,0.1110358585673093,0.490513339782639,0.740214415699627,1.0164228503997266,0.18739399772585688
20170713,-0.30186274852885187,0.3229186034234002,0.26913084589380976,0.21298330103533916,0.21340412028727973,-0.9155757417351827
20170714,-0.27135258319278316,0.09066871880164337,0.14627305717765005,-0.14213324130128663,0.20837104416747257,0.2509718423480491
20170717,0.84408981784296,-0.5084510471122079,-0.025020035451277314,0.006187796815420745,0.36415597772228525,1.1786149219970599
20170718,-0.33219259467493767,0.20259163655726922,0.23499052965571923,-0.38524777941097366,-0.43610298707723366,-0.1562005934309804
20170719,0.0945722357805262,0.002821937062230258,-0.12163139202076204,-0.38484811497203536,-0.27741622602104365,0.2941681003807975
20170720,-0.4608237807437209,0.17807707289271787,1.044010652354449,0.2552559724421647,0.6714635093585763,-0.24996890787098605
20170721,-2.2346990507242133,0.1993648898119781,0.34800247311566956,-1.1529916811500727,-1.1586381040712337,-1.287408222369223
20170724,0.05045623895706825,-0.7210533444428744,-1.360458317319639,0.8779040572508189,0.24468769640979424,-0.5859091050441685
20170725,-0.24709840885569645,0.1570079464789006,-0.8771539906902704,0.10966373642156167,0.4129016730554565,-0.000404074510253015
20170726,0.6706262705758511,-0.5118712896881661,-0.19981087226354938,-0.40423981262693387,-0.052879341463049685,0.7376867880138224
20170727,-0.5964061681152526,0.26708324770929004,0.1620515524460837,0.4379104395660088,0.05577873284809128,0.39356260609113003
20170728,-0.7277482694804427,-0.11144658260056829,-0.3080101503953125,0.19590224452093002,0.08520701042601093,0.1556823437948992
20170731,1.1513120201120814,-0.15675305832246506,0.49436837485937773,-0.331808207200894,0.8241167987241603,-0.37070528552194343
20170801,-0.8376373688470409,0.28533235431812637,-0.18075993191757742,-0.7037572696076579,-0.20899633986216898,0.1659709138473459
20170802,-0.41451979321875837,-0.019021299061323778,-0.2780436666655302,0.24954292717409587,0.9786317912874755,-0.6712604304385432
20170803,0.5039445604959957,-0.06883361088350633,-0.5922074507464682,-0.8386966707119068,-0.8877118647590408,-0.5248181293189441
20170804,1.5425554407523598,-0.11838490329913352,0.11386872362981351,-0.2712293653352593,0.0009502712177762833,-0.27509031368136777
20170807,-0.0835321738255236,-0.6487753690880822,-0.410966810055675,-0.6549410994560853,-0.24004668384513922,-0.1411530775187737
20170808,0.7457266910091823,-0.11284815529295192,-0.4480665286371839,1.4401232152651944,0.860134856429656,0.22164073801639608
20170809,-1.2315169473364154,0.32900211103903937,-0.44137267301962635,-0.019172010250313534,0.6753852726285352,1.050048507561238
20170810,0.14417957926011093,0.394653201249813,0.42701114336830487,-0.02906361971777967,0.0409950422834298,1.1118549097102528
20170811,-0.08178208349051454,-0.25609330942889247,-0.8014675621417127,-1.0500461752865444,-1.2172274487471075,-0.3141073923738392
20170814,0.607341707560379,0.35884162299524347,0.0841443143038865,0.4899596056675538,0.7003972171488648,1.423949870669621
20170815,0.378998588222222,0.30250279277260633,0.14057459957209015,0.5850135027855976,0.3424558758317593,0.6435407651947236
20170816,0.427967372086991,0.4872360675066507,0.3492075074525035,1.441128959170077,0.5475416961227456,-0.36427548486895106
20170818,1.053679538262934,0.5551489476844776,0.1360042753245948,0.2673653913819023,-0.37625712688147467,0.19484884259429097
20170821,0.01757842056574947,-0.43797824933170587,-0.46811374738551637,-0.9083873156389353,0.17637221478111156,-0.3594359619791648
20170822,0.1458207761631469,-0.35790635436920704,0.13263261762804707,0.2131668979046928,0.5164763677539657,0.22546732709487716
20170823,0.9653230361875211,0.46681869228082634,-0.04773595689263631,0.7942423083810528,0.17416566137560388,0.9327364588248434
20170824,0.12852994843111698,-0.3495660706040004,0.853542706511871,-0.47088244275773244,-0.22584016037134647,0.17430110351431935
20170825,0.041105312993607,0.1183440186245117,0.10859443457287052,0.6490276135946464,0.01195663418389511,-0.15526838882925184
20170828,-0.21465675184910893,-0.6093412421295533,-0.24476822064376638,-0.21710438157051729,-0.28106256605880486,0.45914835006557436
20170829,-0.25206444781075776,-0.15457333209741644,-0.21376069553007995,-0.20025806015092829,-0.5980867172690025,-0.21230294210096098
20170830,0.5625103776330356,-0.11008633056208032,-0.39334113779096014,-0.5662864863537136,0.12903573569934243,0.43706775057518343
20170831,0.9398894327384346,-0.2607682582835165,-1.0398062280724045,-0.1281809088738625,-0.05479620399325599,-0.05734185838103497
20170904,-0.7451206242694313,-0.09507798451453586,-0.5542661537848463,-0.5890050841437251,-1.3166465969445675,-0.5857422516457558
20170905,-0.0903568937721759,0.12517715090459408,-0.2623452579824013,0.3955114920735061,0.18327513175268254,-0.35215800275846143
20170906,-0.38756430911258677,-0.7288726810693748,0.5359990067335113,0.09285869807724373,-0.375025509667794,0.8991264290338833
20170907,0.13869906731711767,0.28494152251020355,0.4205900577712326,-0.18773642625096673,0.5932661321931382,1.4782206464255314
20170908,0.7233843277689933,-0.37651823614452934,0.3389423856717614,0.4671499500798921,0.6340459531715392,0.8083883459109882
20170911,0.5468676645983511,-0.135727211765649,1.2440672407558955,0.22771814318092906,0.10455016859241276,1.3415553241986533
20170912,-0.7124611929947953,-0.09599201580717501,-0.7852027248020015,0.21425829134063729,-0.2552233497108093,-0.2923414539149583
20170913,-1.7760903034802311,1.0783265231572732,-0.3702056935167907,-0.38132195061439184,-0.7453137694441024,-0.7897033710111125
20170914,0.2321380938945737,-0.34496777333453993,0.9684764304555962,0.2577599090408428,-0.19415634198524642,0.9830270506964257
20170915,0.263142282811322,-0.1841363196380335,-0.1769934912204436,0.2205332008661952,0.5328279610684032,1.1514290771003755
20170918,0.0029225926578201845,-0.3860886617843355,0.3749660251840678,0.2574472159022108,0.11248769227488248,1.0822456896210904
20170919,-0.03237629240199813,0.5760711950098663,0.6292181194722292,0.14272293394231705,0.21186214817264787,1.7314072811807284
20170920,0.019011453207817806,0.22616698025734885,0.29153089149399103,-0.01143911420501973,0.25857698507331944,1.7061263718486621
20170922,0.07609612723448432,-0.23503668271733497,0.4989491855375643,-0.0770549448959812,0.2547074531246554,2.225811126375623
20170925,0.0725811173983934,-0.018881788460887804,-0.5128591616123527,-0.12827903947611488,-0.49179170145589934,-2.196145372516886
20170926,-0.21101009978364668,-0.5210049872519241,-1.5277207723251125,-0.38223737385188306,-0.34868865398132853,-1.466658964206301
20170927,0.6876094516032131,-0.22007201372117097,-0.3084181073870126,0.4675585214944578,-0.9148253637897015,-0.33435737918212194
20170928,0.1022380025883823,0.03192868302918229,-0.19841462325214937,-0.34407532016672326,-0.5984612689710743,0.029850842926347595
20170929,0.33050089768932245,1.0267960358511425,0.24403474303530495,0.6012522034233377,1.9541222781989047,1.4435840611452118
20171002,-0.4349401954339023,-0.6435278309136584,-0.03901504452903517,0.4892403182533877,-0.18802406223988208,0.529433514002405
20171003,-0.36143335180009484,-0.0404021083934275,0.022684900865963326,0.4904909579412785,0.09961018246585646,0.8856183327081564
20171004,0.17159578015503715,0.506284085797863,0.5348621773816965,0.04397913048537768,0.5557877392266426,0.648430284442271
20171005,-0.06640474764832759,0.005444626933955145,0.25602693698005236,-0.9052648224964077,-0.760593840392041,-0.4823693342709932
20171006,-0.30483039808664164,-0.23773745798238954,-0.07902510519744754,-0.019581155605115058,0.4637694027084801,-0.4581846426410253
20171009,0.33731970127950617,-0.6357984839312156,-0.03205215955293819,0.1787728857901986,0.14436493848123627,-0.385879645851542
20171010,0.2835165637949067,0.4832965953636377,-0.14375306651291342,-0.42925875877373604,0.39944071985658247,-0.12924891238463
20171011,-0.48170677867667244,0.2467351374408081,0.362198767895242,-0.5871185971034193,-0.303871976557701,1.3089024828368565
20171012,0.018088784724641618,0.48399207533439254,0.10357687867416566,0.4491645010300211,1.2481783406617266,0.9367144203862927
20171013,0.31538780488288454,0.6104718678544443,-0.4716669547712094,0.010154122078474272,-0.19515912398103666,-0.22738086423031295
20171016,-0.036296563275537826,0.3701337814914989,0.6261166595285489,0.36292035271048007,0.6301680598826985,1.3642744740669337
20171017,-0.32059143891812353,-0.4971687755294644,0.21554848345381591,-0.10272765373006448,0.14193112112249442,-0.511067060621724
20171018,-1.9083645508820448,0.3519609970935782,0.707514671600105,-0.7008793184696068,0.2001004893799607,0.9508383902098352
20171019,1.5091136522040731,0.0053437746324033805,-0.2518284738711745,-0.5961896963608199,-0.16933591292504813,-0.31711155272591235
20171020,0.3720868446915189,0.14992901388633026,-0.4817818880377815,0.31470267678997477,0.4240211140464139,0.047407115815011454
20171023,-0.7615301006428974,-0.022423954018447382,-0.1482200312801988,0.7077498011425466,-0.4405753867070984,0.7584956338458892
20171024,0.7860155989451642,0.08323999020530261,-0.008347418382194152,0.21044883059832412,-0.5778751969090768,0.8456494147282487
20171025,0.3582059269982375,0.3475995147299707,0.5459250785726798,0.9300910524939893,2.0954335345702026,1.2635322466753078
20171026,-0.9296505605957897,-0.723801475867036,-0.03300214010605468,-0.5178957355634622,-0.7585753146420836,-0.024111242748091934
20171027,0.9696743324475957,1.197395308223353,-0.21636236986209872,-0.44058176240134445,-0.5301227976025513,0.5653136535319125
20171030,-0.015772181003814768,-0.2387362712774877,0.5816053305844161,-0.4473868161826968,0.9291943567723125,-0.15890836858295904
20171031,0.16800237732923173,0.3466327058606794,0.31302808557786066,0.7607633710506003,0.3653612413139681,-0.2992193794041253
20171101,0.3637136996897532,-0.7551200111944836,-0.42361399026491514,0.28594744259291066,0.8930977110193071,1.1669822499540283
20171102,0.8186058990843995,0.002925699214967731,0.19150688387936352,-0.20589517657135054,0.4943788169070192,-0.35172968548220307
20171103,-0.010727411140008223,-0.5474716403150389,-0.9580635508672407,0.40168405535516677,-0.0038390911759465106,0.6831548943970884
20171106,-0.21712461447340536,0.939813602966142,0.275168860355544,0.056561737267474745,0.5516012364012718,1.3192458967794707
20171107,-0.2801718811774147,-0.26064445406417086,-0.2387992774553312,0.1977231048369716,-0.14155062144574457,0.4966464211078162
20171108,0.6609430579790935,0.43597827537770384,-0.6212509011330709,-0.1205206545726501,-0.20513096518063814,1.993584465523424
20171109,0.08240271923136092,0.5324804973134315,0.013834497323752791,-0.14919957724339203,-0.7066400206926324,0.09875690581144776
20171110,-0.39380911475775054,0.29157564470780944,0.9109157521658976,-0.13256964992243764,-0.8915148170388406,-0.058491056017300334
20171113,0.15814055983172617,0.04552851048178712,0.5705641201502023,0.12735384053594825,-0.28005965165240776,-0.035823740573073165
20171114,-0.27411212821301967,-0.6498275474389884,-0.4888175912877783,-0.47144853807904347,-1.015231045678335,-0.19498571411698443
20171115,0.2271632752568591,0.0984339525824029,0.028348381025145454,0.06429496280897018,-0.7461848701134531,-0.5515269630222626
20171116,0.2892383530230723,0.7000461816202126,0.8093830510825464,1.2463996841361675,0.9566540469786284,0.7752437941896781
20171117,0.0425236455512358,-0.5522818815726668,-0.04974382343292982,-0.3377662531669201,1.23467246838035,-0.34864109829813633
20171120,0.24216399143710457,0.6725820396681457,-0.40990210029932805,0.006281294293406855,0.2656517054481771,0.5477948004384469
20171121,-0.6156483611424032,0.032826849045154184,0.419613104436644,-0.15765784579164702,-0.85947753216301,-0.2546362865945051
20171122,-0.07997434120651845,-0.23389877713176507,0.6463281133168526,0.3235270753527115,1.0660576697341038,-0.48790462079583446
20171123,-0.12463791718374524,-0.706060410263527,0.40523172435740984,-0.033580379024016345,-0.13823595424335813,0.10814064643792334
20171124,0.6298508673770811,0.3765253976159485,-0.542612388296081,0.41689625902154015,-0.42863171997894917,0.09539456066275283
20171127,-0.46654575505802953,0.7630205890554063,-0.8377790123999838,0.5600832675973263,-0.7130593352980544,-3.172758839336641
20171128,0.28535661027442594,-0.7401449236891077,-1.1729864658350126,-0.024970061711305613,0.5986868691218208,-0.5230284430322193
20171129,-0.03839610655319939,0.2626812363097904,0.11936048772627436,-0.32694777004203185,-0.2217077822669169,1.057697028648931
20171130,0.2405055142427623,-0.42260813204529835,-0.014820504800487903,-2.4491048925158165,-0.9924130124285304,1.6297948944164136
20171204,-0.333383639224697,-0.8406157397843866,-0.882771799307568,1.4935052684005277,0.33662216310585735,-2.8505612807774185
20171205,0.30133367801375927,-0.2768667632477042,-2.090133842775118,0.3645200089981281,-0.09859339716673957,-2.2097771941929434
20171206,0.7533947302724322,0.06329975802124779,-1.4138967378932656,0.6502052877975639,0.5155267852397354,-0.7045522620805514
20171207,-0.3100955868979808,-1.1281290935346857,0.08494525476320378,-0.41636308584103154,-0.7366731537820409,-0.600821327337183
20171208,0.8624664358113104,-0.1508418893326764,0.6507217418916564,0.4268754793390359,0.32323983882068724,-0.21880418218208475
20171211,-0.41104674788780315,-0.44071829461187806,-0.6570408700712225,0.08502541455457223,-0.07359253691527498,-1.3302349340156627
20171212,-0.2328250843504054,-0.5087775603367961,-0.2410168970139122,0.14331219750312021,0.2505466221455184,0.9925877656934143
20171213,-0.0939102171154187,-0.16286984942873578,1.179977831305007,-0.05002742853700384,0.6071916951119801,2.1476668859983112
20171214,-0.08459127791078272,-0.02861992647541206,-0.336223298749092,0.9959845179198736,0.8560675789391647,0.4838147146641469
20171215,0.3755260461447631,0.32404684427335295,-0.05115598611291616,0.3573376975549534,-0.5379228707915282,-0.1757593026194879
20171218,-0.5081375823361693,-0.3312422507370882,-0.2416668983436663,0.13411160784060794,0.045023900192395355,0.09970958699797283
20171219,-0.5443363322669736,0.3986516749843658,-0.08720675659326194,0.4523005888142464,0.40016835932032735,0.9908144555566538
20171220,0.256221954142823,-0.4121558143583434,-0.6836867761851092,-1.1734266964382378,-1.3866962644661833,-0.7570971926054252
20171221,0.36681701858148236,1.5802174060517142,0.943063440606708,1.3066267253631125,1.1465120275924987,0.06387096586533575
20171222,0.7582953715815279,0.14976429527263926,-0.8030975844119566,0.8758444574961005,0.693121059199804,-0.1952364130741907
20171227,1.0088067267205059,1.8131807501464596,0.5605863564433649,0.4092069650041649,1.7893318087548182,0.5272076789760888
20171228,-1.0001078086161754,-0.5338947823309048,0.18663513915351132,0.48398584803658284,0.7476364304917732,0.17200064671283724
20180102,-0.8576925952478189,-1.480671229991902,0.6949329664611524,-0.1645624943862707,-0.3831746550796896,1.2596372993792402
20180103,-1.193524776748674,0.24060564920609676,1.100398007637771,-1.7799215283345444,-0.9550018674333962,-0.18125815894168398
20180104,-0.09367029063711721,-0.19554296912693805,0.8495642575123027,0.7776660310090061,0.472253518455938,1.2577616212706246
20180105,1.4742030519560945,-0.10264244189210603,0.9884618984951681,1.1533607894037508,1.0094892699101699,0.996263626063585
20180108,-1.3028321139414232,1.0628821099047228,0.3497927751798725,0.16314208257246,1.276510808010622,-0.108056704814395
20180109,-0.3711417944995053,-0.5066165211525708,-0.025346012283190295,-0.4492438755832993,0.0789657777235193,-0.0412106946480401
20180110,-0.2759538956726305,0.9022189618741809,0.7579902316868802,-0.21254080416919863,-0.03005291506059281,1.2624513091384992
20180111,-0.0223650214983566,-0.18163032447292968,0.45414883292190045,0.19247504742968452,0.30172541781281503,1.6940648559966989
20180112,-0.3146649797311857,-0.4787166600027243,-0.8350463742284588,-0.3110967659808814,-0.036262649112254755,0.1346663905067476
20180115,0.2525560844982149,0.15791441140524154,0.39141095414681687,-0.17829246106308977,0.6323581570714392,0.4382747283834589
20180116,0.0857902684751739,0.5911971771056221,0.4150437265397473,0.580908471954966,0.9044543838643759,3.094655494289123
20180117,0.5815790879933656,0.08382952047799525,0.38226390684806233,-0.3229469205964713,1.0225971113851045,1.9630428212020865
20180118,0.01324485053656684,0.5594685147602337,-0.06723443726501657,0.9590602060378431,-0.3915189845200142,-0.04539681636659319
20180119,-1.0391272147070723,0.6279512986452576,0.7214204246187241,0.3072323588338195,0.03777901823865511,1.881953835420775
20180122,0.9126187869952836,0.05503677857921182,1.4345030265823668,-0.0029791613441942037,0.4596805536852655,1.2663193310708358
20180123,-0.27894448798405963,0.5936747797250939,0.45154490845593515,1.9072334422483783,2.97979755063107,1.3667427594678336
20180124,-1.3525801884707214,0.01340096202930363,0.08590781017404178,-0.7699098809051426,0.013018629594375337,0.5592772061220022
20180125,1.5947676091837246,-0.23425705582151612,0.7373932814891409,-0.11734917638328542,-0.24053765711501657,3.1968696667433836
20180126,0.02625503135816405,0.42188364966652714,0.8066621774805314,0.4245457606783894,1.1762263406851257,2.74118833264247
20180129,-0.19942786465169884,1.2064938971972745,1.9149278671605146,0.07597078489235781,0.4404549440947533,1.2349403362606244
20180130,-0.11464532649910235,-0.7282026051454847,-1.0749754082287557,-1.4869321365720354,-1.804167416297451,-0.7549965226450345
20180131,1.027400419136406,-0.39622452153421406,0.8503337862484763,0.010255396437420653,0.7211431305939224,2.861173541925441
20180201,0.5982874101441726,0.5492576005368894,0.34255942728324207,-0.12197842959042447,-0.05806935909754416,-1.0808952448209648
20180202,0.036936427651723884,-0.27138974156947615,0.7159582997329421,0.8807311341900366,0.021012650885848465,0.40039395235490105
20180205,-0.29703898349598756,-0.49155160920465985,0.35069431389249506,-0.5210032825143459,-0.48050011298137035,-2.03229566178164
20180206,-1.5774539156265341,-0.7709591732311699,-1.9151565649519042,-1.1850939336592674,-2.1915014092143714,-3.9452300648321614
20180207,1.4240594124736556,1.2873790376877823,2.1028955452648086,0.7262466060797919,0.8109766136889369,0.449551866475568
20180208,-0.0805895164372448,0.3108993638356504,0.24710632933165463,-0.08606544978149781,0.5004017283167241,-0.054562783399244856
20180209,-0.3595389669403921,-0.48872973011440823,-0.16448445906703907,-0.37044953729764296,-0.6713278299735379,-2.6259250574782076
20180212,0.24183982557115452,1.6073944813875838,0.8511233193459167,-0.425646196124143,0.6881392878006121,2.898462174825168
20180213,1.116124664612288,1.3845721051498472,0.1983897290011572,0.7450235628529223,1.0667463643319361,0.5564959389653598
20180214,0.13491265111812983,-0.06512565307858845,1.4433429356521927,0.19553182939126965,0.425335386796404,0.8117290329684544
20180215,0.06916068572863739,-0.09804571464655625,0.18574614912043708,-0.2208982600224246,0.1659906599009734,0.742866322964982
20180219,0.22846604280034327,1.2758847588486144,1.7074424018146301,1.4281955306003853,1.259027627383718,2.617416305894245
20180220,0.15871975835328356,-0.5676975360250134,1.40232748977165,-0.9472767476991544,0.46718687501318185,0.223589473992437
20180221,-0.7245135298865653,-0.5778923901328735,1.4447339441498586,-0.4343402369276545,-0.21968487644809823,0.7749371652122018
20180222,-0.8995347753924462,1.1579327164163957,0.9756279482995333,-0.6851517492598485,-0.9707308815272807,0.8999821983511781
20180223,0.14130618320223387,0.9374928274493697,0.11638367456841986,0.6078016186412467,0.10109197444612124,0.17639499020052604
20180226,-0.21174270791263933,0.4194234498250976,-1.546480372745159,-1.2206308928028131,-1.078884678834886,0.0663647314373213
20180227,-0.20097538967580558,0.545015330373749,-0.016779276057023236,0.7117493698553135,0.9436678946914658,0.14012798501667723
20180228,-0.10318238325993671,-0.11725260723002542,0.5656464474565018,-0.2087437825760816,-0.2186725740039011,3.8352608721391404
20180301,-1.15212655004519,-0.7141776917382985,-0.010481435183792112,0.1463790277224977,0.29617081021722286,0.9910527502340973
20180302,0.0058055471982558305,0.4591272488167576,-0.44180907005729064,-0.3142789365009675,-0.42735468858097325,-0.4252813753897285
20180305,0.8737592188251548,-0.01835595890769036,0.5360581285012058,-0.32381426772431926,-1.1556813541776736,0.5731219167152091
20180306,-0.6787347821518854,0.10924470946221554,2.0543477836433364,-0.8534939038665222,-0.7811777371145397,0.010614068509030461
20180307,0.19023790341928323,-1.2683798891704203,-3.3758273502035077,-1.9441019020994321,-2.1961383068304667,-3.3565792369646954
20180308,0.9500651515945254,0.14688422853048927,0.47927962153244913,1.076731383060785,1.447072449135661,1.9816352161080821
20180309,0.3048150477932592,0.011863852146368445,0.2709741061170359,-0.2017414791789158,-0.4842364592396601,0.2759523899886965
20180312,0.8026542535789416,1.376146373869835,0.5691559007998691,0.8290647518686904,1.7762203273492698,1.1253210877077167
20180313,-2.2150906573225844,1.040319021897332,-0.7167065657881766,-1.646307510447615,-1.1652043138795591,-1.8212982142136613
20180314,0.045609002497869526,-0.1673434031286222,0.029012418908185598,-0.30246763345999,-0.8815747189205091,-1.4420071030875392
20180315,0.4721323509384,0.31762893796994146,-1.008799962188855,-0.6946907122540379,-1.6164438442378513,-2.0356391414665396
20180316,-1.0212358829558064,-0.036868488624733846,-0.4238482907028863,-0.15734525111197636,-0.4332365185075234,-0.5359650063157304
20180319,0.1206982709481869,-0.3386893399411873,-0.9660222992906167,-0.3280391709559762,-0.06689680952615956,-1.2189997496015152
20180320,0.05444119820700262,-0.39457269538664175,0.14966734122300748,-1.0589486737785732,-0.01628363839900125,-0.29015257236464614
20180321,1.2237372766549732,-0.33131567234042936,1.7496564863861062,0.9944619262658834,1.3551195180397668,2.1984975446832267
20180322,0.600269201226104,0.4310187131109154,-0.648586462935737,-0.5374792368972899,-1.7311774208722257,-0.08388246681778905
20180323,0.5237633005969422,-1.047798465465073,-0.6167707188816419,-0.3920560700514665,-1.0923197912510683,-0.7950596679536857
20180326,-0.0717817568807067,0.5646868175144736,1.4459839954248024,-0.8118719599724744,0.4431006051266583,1.2291251730075619
20180327,0.6802197650706021,0.1271863314140964,0.3689855825395957,0.35856029873818257,-0.3429914520763366,0.41606645117307045
20180328,-1.7794908182558757,-0.30458321822559653,-0.48504469171663084,-0.8828769727266409,-1.3772034125751111,-0.8274430405720554
20180329,-0.498340836780385,0.8665141376198974,0.022563726057761396,0.8966037578552731,1.206308904279564,-0.9267692283231023
20180402,0.4625471410172437,1.5669844834867133,1.0417180131321782,0.9704920695982105,1.3338838850044408,1.738591069581589
20180403,0.9154150289896303,1.980170264149521,1.0281196147174836,-0.30862879498007284,0.1336884585553636,-0.841952272135905
20180404,-0.29660796905449144,-1.493173491085671,-1.306547242253468,-0.7408358293693433,-1.7579022077959015,-1.720720094379566
20180405,0.16163505943350645,0.1653236862119686,1.3799209289446577,0.32348168316060194,0.6730078784448013,1.2777600973867527
20180406,-0.5644337345658067,1.6564527630126447,-0.3388893077869445,-0.22143702757714454,-0.218544844738747,-0.34369884725372674
20180409,-0.06163002141678787,-0.7091318727279795,-0.20306259811870378,1.0528215635297962,1.5576540770935081,1.483092161664198
20180410,-0.27324583949296155,0.2819388635074629,0.5972432555212562,1.3753377530983923,1.582187776242517,0.32479561584552397
20180411,-0.009845607476786752,-0.37722944363227956,-0.124808177709406,0.4203569990733982,1.1161954642446135,0.5030518521581779
20180412,-0.3508666244019239,0.1557310457216854,-0.19506263622545827,-1.1361902733724145,-0.8996550695491727,1.3277216876660243
20180413,0.02075473308676671,0.6765487799129936,-0.3993350240385843,-0.8700957481166915,-0.24713252716503292,0.22093505280307235
20180416,-0.5401948779981816,0.47637605919488507,0.444463451725056,0.55588098890647,-0.049862943223977406,-1.3725239718585298
20180417,-0.24966741137735443,0.7007563041670128,0.221208221098229,-0.08654048886866289,0.04212832791128055,0.38654182615483784
20180418,-0.06497895463912305,-0.009633259893654654,0.20755775931225734,0.5092555335005953,0.8739808645315634,2.716685430452468
20180419,0.41358301351059124,-0.1137029877888206,0.4602583436423723,0.7033072870067588,0.47586156197621876,2.3050459624249755
20180420,-0.9786090766933495,0.29213102589002166,0.15656785846527035,-0.7300831541843398,0.27183242948131037,0.5693979610031636
20180423,-0.3693943623200392,-0.5576877381926458,1.4122011868846207,-0.6466689600069949,-0.4686324343274523,1.1003825164312064
20180424,0.4174497687624697,-0.725957579166089,-0.18195431752092275,-1.0579055630912482,-1.634057921303688,-0.36662939909471043
20180425,-1.2388317847956036,-0.665621588210182,-1.1277940167445881,-2.130010669984192,-3.6542688794213776,-1.477985562042968
20180426,-0.4111313929948966,-0.8792586859980908,-2.8303021577465524,-2.347790671103033,-4.136377658900902,-2.8579818496231995
20180427,-0.07833132575368325,-0.4810636279100112,0.08977708725742774,0.3545147916697154,-0.4086969187771558,0.3428775325125017
20180430,0.04228000835258493,0.23716784213299769,2.049030268874329,1.6015229904899917,1.164515715953153,0.930494770097288
20180502,-0.46032562331298,-0.31278454690356045,0.35603108669225,0.6055088619885962,0.03478536783754852,2.2308893252668267
20180503,-1.4046748992702252,-1.2890211249882182,-2.0893827467639148,-2.5315269767328665,-3.0236797508723754,-1.2576447119767515
20180504,-0.20778089870557978,-0.3496476493346573,0.18390250928325336,-0.570867025495263,-2.2362917171499017,-0.7918393054610393
20180507,0.8615556545939336,0.48113671867395386,1.7214410145712233,2.2024920184459686,1.0931103450561699,0.8619691621054658
20180508,0.973608972772619,-0.680006849944427,-1.693406757279648,-1.6035030068715528,-1.1142616662471767,-2.0439252212079193
20180509,0.5022344381725687,0.2970085821571085,0.27118073652899566,2.3039648875850527,3.1616858396048304,0.5854843719630849
20180511,-0.43818258750753525,0.4106166430849937,0.7460361835943072,0.36991416340098365,1.3936363275936827,1.319563449609758
20180514,-0.4435234225290654,-0.3339822020663201,-0.5157810812710648,-0.07784209987969269,0.1862163841016752,-1.328795671498656
20180515,-0.2641119748556746,-0.5649765927163429,0.8512603238214629,-2.307805571788855,-2.456634083903767,2.4116510283538988
20180516,-0.30342956617904593,-0.024732364587465448,0.7436342621873958,-0.018370623213507676,0.13128121495137687,1.245212399025889
20180517,-0.07638017816696016,-0.03493504623399752,1.3227077354726526,-0.8168431745546542,-0.2939450392576453,1.243045308505648
20180518,-0.4707916177413712,-0.5490831961247693,-0.5363244507398947,-0.7404336907756194,-0.1561542631717803,0.8630344925356581
20180521,1.1317201202371807,-0.2855324194194611,0.8008873391615776,-0.46633310412641976,-1.7375359777649781,-0.6692178645323376
20180522,0.6308868718034906,0.7186749659718519,0.07827648286948272,1.0280117320538997,-0.9623987836237363,0.567678294198086
20180523,-0.011446492038326055,-0.7506931406416033,1.3153833845197713,0.19309585477128097,1.957035884892364,1.4359142904117117
20180524,-0.47486364686007143,1.3471173126835985,1.2175779586544535,2.528885886810665,3.4588548240437373,0.823096527185284
20180525,0.16338484275727183,-0.24843667102424716,-0.22499017338285474,0.25484460240613593,0.7550654323808882,1.0133496017160752
20180528,0.2528645570522244,0.2563304787821599,-0.36643086823857174,1.274573178318018,2.123552057123082,1.5398273460007759
20180530,-0.3197145359120802,-0.22462170503021803,-1.0679027292566206,-0.8449328279193316,-1.4768370165099773,-0.2464293125685991
20180531,0.15145272823978187,2.000459350943816,0.3475829297543927,-0.46155217144224203,-1.1004479477311269,3.8090753083936404
20180604,0.3683336047127445,1.2057488647360766,1.1106392738594488,0.18961144591320328,1.7301247180580812,1.4692554122876567
20180605,-0.07482067587564029,1.2804206582256017,-0.46021558723102435,1.487703327146024,0.6622547438314621,5.051644501465444
20180606,0.8200563641088484,-0.39130893115678167,0.987927328979054,-0.49314824272637764,-0.0111191778076879,-1.0630480688487678
20180607,-0.42963587341315124,0.07939219594078303,1.6050373343519164,0.2295243075947854,1.2460501810261773,1.96240764142834
20180608,-0.6820084186574076,0.16437260447576207,0.6686498082712452,-1.5902639907424982,-2.9166368082406406,-0.8015708954478075
20180620,0.8592180853872003,0.39743959585866784,-0.21452447419015896,-1.2848375139953652,-3.2655306425236015,1.0710654929907182
20180621,0.8400082847458067,-0.800176456633122,-0.266409685410931,-1.6473640851014568,-0.8674234784914967,1.6456137259533605
20180622,-0.8458614691246154,0.39831062945826423,2.4529333944709,0.15283528656956066,-0.2097650942368381,-0.9411965742467866
20180625,0.20231559976919897,-0.6823339995116242,-1.6836355393912417,1.663693619339432,-0.6070073954443294,0.10045847061071166
20180626,0.7525908295074163,-0.3088499508270122,-2.305613341794852,-0.09375445423839752,-1.2659798196330263,-0.5869630384190095
20180627,0.4406780558839876,-0.6078439624587034,0.33145627866979016,-0.7800243910233918,-0.7370080916759043,-0.22230699188550665
20180628,0.5085646815077256,-2.029788445438824,-3.473586183927867,-1.3233026146018998,-2.8146038611811868,-6.549245226436347
20180629,1.022274968887387,-0.45777596803630016,-1.349999107999394,2.4646784657900236,2.978637312047652,1.2054188124219494
20180702,1.012611636184211,0.6218807626464405,-0.6256814566729585,-0.5411876596791195,-1.930987309666419,-2.4692383203606885
20180703,0.21230462029833366,-2.4411552957580858,-2.0763573114192053,-1.6065605370933065,-2.051599647720879,-5.856879614944542
20180704,-2.425558882114238,-0.006895166036486663,-0.46870832960588354,2.510946608320893,1.5569971064429642,-0.5598199616523769
20180705,-0.7334254634732966,0.39705317946177043,-0.1898184313490511,0.11509264043458435,-0.3034365531070073,0.5040906098036124
20180706,-0.5403576029705462,-0.5986380883833413,0.262683212224161,-0.680156358290225,-1.2085017638582571,-1.3578528765235691
20180709,-1.2823510967863838,0.28616186556041195,1.0125593275517106,1.9436459763250862,2.107706135022107,3.262758566580303
20180710,-1.1217992224070126,0.589873392884394,0.4319711282155406,1.3970139357010998,0.896989194691144,2.1114812380857955
20180711,0.14340635215453842,0.8859101275661674,0.3347632508669437,0.293063725196673,-0.24759881441824222,1.1580653390680438
20180712,0.9504400684941232,-0.07376799997593324,0.5745471888864941,0.11571933983284413,0.4891875593568357,0.9248586817367975
20180713,0.9993095051533668,0.4256312897303746,0.5056836278118169,0.4218380533214762,0.8845736178974011,1.0978807768101617
20180716,-0.28477491106717534,-0.5584915365223421,-0.4931663126803415,-0.6478598463788039,-0.8348286073350277,-1.8191384386482115
20180717,0.0845523923107792,-0.287608265292169,-0.29526827957372753,-1.079151152436608,-0.6027037018601195,0.6160317585017455
20180718,-0.5269742002258314,-0.444895968863039,-0.23051501035698246,0.6147274290684837,0.8637920583146732,1.6019631290124274
20180719,0.023724988755964994,0.34349401800044027,0.018894113972510583,-0.36955510998987684,-0.1436535846450638,0.35393693872397675
20180720,-0.7750995644467922,-0.3525308631178972,0.0697570869133381,0.5123598782590711,-0.4506619628055159,-1.0298285909982126
20180723,-0.5714791978888093,0.2511831318704712,-0.263899144430342,1.1987991210893467,0.8218507316208508,-2.7814180494035647
20180724,1.3189842836163574,0.10250594825260664,1.3178734284769338,0.022655138786998007,1.0918025827970237,-0.7738091438763661
20180725,1.1109045828004123,1.3647085939519856,0.37062545198413427,-0.36749750057948316,0.14638147165033139,1.803321387890926
20180726,0.4893773420057593,-0.30003947672856146,-0.17902192937844752,0.1756745393255672,0.27733036914795783,0.6573156338561408
20180727,0.5866761244033741,0.9501671306286695,0.14125483917928447,0.7446015232624437,1.045913445098134,0.941027385899441
20180730,0.8748391434966668,0.224025413850664,0.4845920749774973,0.4471521818912196,1.167723850976375,1.1175773046538953
20180731,-0.3637811515074391,-0.19640552993806193,-0.5191828785735935,-1.502029751576782,-2.171981982918002,-1.816031817769565
20180801,-0.07280308010070917,-0.10649900486118581,1.282040282843237,1.3686448915799125,2.8866459753624034,1.0748650564131947
20180802,0.14517245932752032,-0.21167336592765865,-0.3594395939286178,-0.31787967710184384,-0.5265494921490148,-1.0591590149078631
20180803,-0.34290688448943474,0.3555585637309774,-0.48945543195667246,-0.12772439735158167,0.6225575567906063,-0.6680186850002399
20180806,1.1014659772296471,0.23466596048272978,0.2851512148450937,1.6963973288404706,1.359000701843894,1.1291241702766497
20180807,0.7441877443751751,1.1773786743435333,-0.10347218083010572,-0.3570863003941022,0.5312745484792057,0.24442186590046774
20180808,0.880992515473276,-0.35808576864380803,0.975492351225846,-0.29763101590792695,0.10235119401547933,2.3383326668496496
20180809,1.297423741093238,0.48146938876434797,-0.4987931419695218,-0.36079004118676355,-0.6299128238044568,-0.46249473947344316
20180810,0.11736826033816204,0.19191296475647837,-0.5115320967853358,0.18183960826054674,0.198556811764676,-0.45993269116376106
20180813,-1.6022256881797772,-1.6321345003477274,-2.3166488126028417,-3.4657556293671696,-3.7822355692052003,-4.073875252627909
20180814,-0.7506616338375677,-0.10862253356510565,-0.6032252385883154,-1.4393694535158787,-2.6382134168090885,-1.1149409517234992
20180815,0.8650107406877312,-0.0015486796641128407,-0.16998732912863898,0.9331755949933667,1.2627710316626426,-0.7266146435350033
20180816,-0.923038711888023,0.1472379743789951,0.08252233358461347,-0.22210778164922398,-1.1607491051097005,-1.834450684848875
20180820,0.3581277522380011,1.525503589161043,0.565036504825382,1.9533724019501018,1.6327003329544514,2.4307255522295965
20180821,0.3624745777019484,0.5186605473599111,0.3144216205975353,0.8059958127105671,0.49833006757922904,2.8622216454034484
20180823,-0.5262838449791563,-0.8280955066301382,-0.6694062419758092,0.7286098611962621,1.0261303254558551,1.0191330088194195
20180824,1.0637859822108628,0.1826837547386248,-0.21518362598123597,-0.16972088750249156,-0.45358767596912475,-0.7844225654277435
20180827,0.7855478909234104,0.20195619088224365,0.43917194503237994,0.7367987047150469,1.1251912462089646,1.5723948294889798
20180828,-0.7517316945806379,0.22548059077894916,0.43106844098408437,0.32283288691987894,0.11833735684992905,-0.5396657481124285
20180829,-0.12100934077246767,-0.09168111403998716,0.20703079220698647,0.38206739567636766,0.35978429069929957,0.5362030228218777
20180830,0.16697575150218263,0.34174026370403754,-0.4497963175784626,-0.709415373711843,-0.9595042286302686,-1.5896223993530332
20180831,0.5852206887427729,0.29604268417713,-0.0719982820344547,-0.14764598574655133,-0.05743364955543112,1.1311856476764308
20180903,-0.26738352929420917,0.4681209374240094,0.1283466886945536,-0.7217819859939204,-1.3447617356518837,-2.1366204196398613
20180904,-0.5049459565893238,-0.5767905728175128,-1.5199450086815396,-0.685932531093449,-1.7207802319432648,-1.3272925680261103
20180905,-2.060722641081027,-1.402089587534749,-3.269968529137843,-3.653822794989714,-4.164343807141524,-4.853960804713756
20180906,1.1180499063764104,0.12256423963304867,0.8321099770842342,1.8847561243406603,1.2710531580479345,2.4377925959573057
20180907,1.6204345395799697,-0.20269584215200503,1.7079291561599548,1.8022185921855245,0.7490971514530719,-0.09924652942102585
20180910,-1.4904276004842008,-0.21391710293945213,0.3119717370476576,-0.4115224605881265,-0.2673051775541999,-0.4296127917189181
20180912,0.09567484564679023,0.9718630775420025,-0.4816969728785911,-0.9071876279851679,-0.11724744319459653,-0.025262534142484073
20180913,0.6459385573153773,-0.699219211301686,0.6607935712996876,0.88345496445518,1.410541469136495,1.5810183176386778
20180914,1.5085184429652267,0.7790777171075569,0.3814965020963933,1.3275636103048594,1.232986610605404,1.152403151371173
20180917,-0.18726739275395596,0.18298657143189784,-0.0757281853256415,-1.8612437128458565,-2.0806248883788645,-1.8514676115878717
20180918,-0.9774923355721477,-0.5192353859796316,-0.16134985350474482,-0.16087644740229232,-0.4586783723483528,0.3931434668156501
20180919,0.5695048073165714,-0.43941947313619284,0.8477898298319483,1.2802250890972466,0.5749688511977733,1.4927935016130074
20180920,0.2976252238150035,0.20308543029204051,0.06828604550776125,1.0023631369100476,1.6750970300465462,0.5082735027552302
20180921,0.3800297477176665,0.3328738401400058,-0.14018528931789848,0.04601875035764052,1.2757512415998267,0.7617846579135499
20180924,-1.0124140937666708,-0.5007364990009366,-0.713774078170133,-1.1053735728312764,-1.4880967896065034,-1.5265058174099704
20180925,0.4844616559958312,0.5665735547064812,0.2139667887190145,0.01847792745456726,-0.539486173769043,-0.6988554379228127
20180926,0.5793337469941812,0.0389667836488375,-0.11440465793329639,-0.08311446789402484,-0.011434929719701897,0.21801230324206547
20180927,0.19042668034551424,-0.039744565369388515,-0.11034099277484348,1.1973890453951879,0.6117575551134576,1.2460541337768938
20180928,-0.20334680209907358,0.2944741833438637,-0.09452556465823499,0.8683741400369449,0.9093212731600483,0.831918203825727
20181001,-0.44399467808620013,-0.2837918486642892,0.5507508583413874,-0.7838775205167476,-0.2447365708417641,-0.8444716283716189
20181002,-0.9719468431886804,-0.7387029781081784,-0.43530005964786567,-0.9239630891743749,-1.9317825677596747,-1.630936763820429
20181003,0.3736659250076215,-0.6044508679599065,-0.023336096597788878,-0.399247905792606,0.37195364880994025,1.360987967991458
20181004,-0.4992878368656627,-1.3734073585616975,-0.49908122829273255,-1.569038752196782,-2.302815324424527,-4.162580794551927
20181005,-0.1747864856527575,0.6530024961661569,-0.5259976063350682,-0.7243139897864685,0.22257854439487051,-0.4596055821630301
20181008,0.20734598190410908,-0.22186655729121837,0.14985948333196386,0.8248768898084344,-0.4248716552804871,0.614913192178139
20181009,0.4392210306775276,-0.16059434759599453,-0.936550851051378,0.7238141408707748,0.5425397078341624,0.5125564482917498
20181010,-0.43055709969340744,0.819331323789666,0.1592756504357954,0.0679041986309133,1.042909620736986,0.2309958266966246
20181011,-1.6194131053733387,-0.9135682727190613,-1.0884337761221448,-1.8509818512509897,-2.191837636665757,-4.282604834410565
20181012,-0.15472244178354175,0.24678290859711746,0.29359945485975963,0.86213781543551,0.9871539100400759,0.457588572786525
20181015,-0.5671240655837914,-1.0439898521389586,-0.5196190293642514,0.14397284573004815,-0.700564309613184,-6.218926981818676
20181016,0.5240598745691616,0.10361757913580477,-0.30639947150075225,1.5576202321654788,0.5907315289558208,2.1447185353584026
20181017,0.09327950110263508,1.325846980012883,1.0652667279478338,0.8221524025743061,1.3108646209430288,3.8353762858610008
20181018,-0.458266141554312,0.2705494612917865,-0.453795617248222,-0.6654842782035145,-0.09542407358310567,0.2976115962339007
20181019,-0.30733668935659486,0.08281461013450925,0.2051665652450246,-0.15599377175306658,-0.7257783515503425,-0.13817646171662007
20181022,1.0438902692035854,-0.1276598672447251,1.0981082828303956,-0.02928867476939756,0.4553421846084717,1.343428695434309
20181023,-0.8266471573613234,-0.2619260087429206,-0.6065883659500058,-0.5359183398993521,-0.9638125714241451,-1.3833611081140806
20181024,-1.1169226806560564,-0.48300799395580324,-0.23483022959383235,-1.6217507275497902,-1.216967149819478,-5.069627318836852
20181025,-0.38037924537576123,0.022611990384885282,-0.5212257735537437,0.973899957390126,0.656338981329583,0.5370869888308386
20181026,0.9964614968978337,-0.6970669583028735,0.24660846570695324,1.0208915298200276,-0.35831457850508003,-1.8076747191128881
20181029,-0.3362477245146177,0.20573660015929268,-0.3646235429722454,-0.3679947569782108,-1.3748720765158702,0.17741553031123722
20181030,0.7863868727555462,-0.04540893214963631,-0.3400326401233456,0.7834662145507229,0.553343366913649,0.705555381237833
20181031,-0.21450266077203475,0.0977727728258119,0.6617948481164186,0.3060488048475437,2.175908681755787,1.0614967327620648
20181101,0.901125207113833,0.5438141095083239,-0.18588902426511283,0.005243096341723958,1.099218350608993,-2.0684121120994137
20181102,-0.5026083052960177,0.15863626782078213,0.030964250955421355,1.5388642965937445,1.3972182208341546,-1.455779838873612
20181105,0.1921732544179802,-0.09770797835706485,-0.03948206441972082,0.5413269455729066,-0.04066888631948661,-1.3913223281533424
20181106,0.9249863339926825,-0.13781297980932672,0.27653459887973814,-0.09276680438933912,0.42359614078883123,0.42881720404931545
20181107,-0.04152526200351936,-0.12859847128632187,0.24078744636160843,0.16557818234139918,0.3170317674789009,0.7553218357483669
20181108,-0.5170499638530441,0.5491031180195195,0.48684615261739134,0.36112534676732017,1.1341185118541635,2.1345607722477284
20181109,-0.40666506205703146,-0.44872265406118467,-0.601138292766872,-2.194692282409155,-1.8631541608693343,-0.47316107953359426
20181112,-0.6199032949830846,0.5573280062114737,-0.48338061690860257,-1.7768657323186265,-2.1712568424507603,-1.1529245750635817
20181113,0.8877266064945865,0.4697176860692121,-0.44147959529731007,1.0898240364156202,0.9872439514405154,-0.07166040662493406
20181114,-0.48645612796903387,0.05626940221253409,0.19735665559050936,0.40366782899219567,0.22450976691505437,1.4155080599643943
20181115,0.591225940561202,0.4939267449216682,-0.25809275608050536,1.928379495534227,1.6636904268482293,0.15749502526774634
20181116,-0.16957699735809892,-0.3265311030299375,1.2168105856133007,1.138143667943724,1.2278879246630605,0.968023266710066
20181119,-0.6431243857787106,-0.5220413664147526,0.29952706001130397,-0.169113215313532,-0.256816025090618,-0.3737571657816612
20181121,0.10210014965690414,-0.3646095655211994,-0.8548275923640128,-0.6709476634390263,-2.0538561224320997,-0.5162014441000966
20181122,-0.8423651765286186,-0.4945446626313877,-0.38893643662304017,0.7990867845602333,0.839005104300152,1.1461602752590423
20181123,0.6127593672971212,-0.05625089360996436,0.25664077192817675,0.18465039477801462,0.04363743093653529,2.6151522144749384
20181126,0.4915757787246101,0.01058401499467159,-0.0005989545850626396,0.3426745296398866,-0.09151472262549848,1.0451771346327652
20181127,-0.8553698951308241,0.8098576183101808,-0.3589481723973679,0.001953994624926129,-0.21305520971464414,-3.2969929416248642
20181128,0.8872845705653066,-0.17297124952411747,0.6778874458734507,-0.3584228051979007,-0.29987033371240057,-1.889631997216782
20181129,0.7898931365402894,0.3411981874116248,-0.5175363787302972,1.9563822488615084,2.9025381037206124,0.9390098790750753
20181130,-0.18137971346412488,-0.3482278777712303,-0.24827461467527953,-0.7332156015611135,-0.8013889050901817,-1.7496919662584456
20181203,0.017612182791736743,0.19228538269967527,0.5421676154413577,0.7856596715781089,1.7015041308230314,1.6033244564137101
20181204,-0.9378497307520871,0.3262346580138057,1.2400516424693955,0.5804427794329436,-0.01632341648949747,2.942716150433526
20181205,-0.4353050160096182,0.058762460594276256,-0.49390532458716385,-0.3015639859667292,-0.2649505659315802,-0.6912704197103751
20181206,-0.13832758840023235,-0.809536245339449,-0.479548812479904,-0.02779681678467233,-0.5998526091403109,-0.6448829775950644
20181207,-0.12857716768458977,-0.09787194321056408,0.2870038860134496,0.1574615771417951,0.48220499965518665,-0.3452017084275355
20181210,0.2390480758541104,1.0151045489984378,0.16099201059463988,-0.15397067911547463,-0.5821706816016139,-1.0672045461272812
20181211,-0.04778570608368424,-0.5013388883184892,0.014934807279804618,-0.7593623954421985,0.21292462066809528,-0.9575094309693679
20181212,0.11281372241393041,0.2924415944504594,-0.06801646812667743,0.5845090137091722,0.48624189585184185,2.413081140357333
20181213,1.206778861488445,0.6057719019854583,-0.18659966711435444,0.9715141294488701,1.408916265297553,1.375269767990216
20181214,0.5214916667195227,-0.689312894293988,0.031551897741303216,0.15815097071155196,-0.7877941512501319,-1.7387611033330264
20181217,-0.15680360041814237,-0.2501961632966993,0.002944635498657257,-1.408948728996677,-1.4359769822181576,-1.9195412838914028
20181218,-0.10075629676792922,0.24423354232877437,-0.4844476525280292,-0.20091272843421518,-0.23138242541482787,1.270535761754764
20181219,0.5982111724211078,0.721549469346134,0.12209677156611187,1.9958696431008265,1.3506083629417485,0.26536199806067334
20181220,0.11030683629754676,-0.44171847130615854,0.2585583038666838,-0.4801846138605445,-0.49960036454506856,-0.208618081023698
20181221,-0.16755491750289253,-0.07287767326168221,1.2914992371851255,0.4930794326414166,-0.36854522315361876,0.08919272646074386
20181226,-1.0844002571960174,0.5096373205413481,0.33204436010039595,-0.5852178332764443,-0.7674626051922403,-0.943503741401087
20181227,-0.146283902374658,0.8474664888361396,0.4233040630632041,0.8722351260026737,1.1595651964960885,1.2605571690125712
20181228,0.0666904137743588,2.818028309962827,1.5332599561664622,-0.4305899373277834,0.8058166222134452,0.4403122480291369
20190102,-1.4042692209126064,-1.3141568450628345,-0.415221627998989,-0.08825774983632187,-0.3998185754531039,-0.09925704896022434
20190103,-0.30720971952783016,-0.026165724305886855,-1.1275980639043912,0.8375227526885289,0.13416229379399816,0.21847207270078015
20190104,-0.39649858716427744,0.08290944528598584,1.0430533548902954,0.6648621917362443,2.1594801630932867,0.7692844527238183
20190107,0.3979948909979709,0.6767919609397798,0.6873720363021115,-0.0376884628034658,0.39278253558219123,0.8722342897685478
20190108,-0.1154259388219949,0.16343153646512318,0.8520926737544464,-0.6085728523351676,-0.33029753169117343,0.3571146169467243
20190109,0.39591654557911815,0.10609774720842322,-0.015134229755040108,-0.24578506162088062,1.2783797515479756,1.2739358638105267
20190110,-0.27606978435710683,-0.47551300083771303,-0.1227132109362957,0.9132007639441657,1.0430352198883281,2.679178290028926
20190111,0.27934213178574263,-0.603946045969123,0.9117619128582284,0.5076894982595961,0.09540458382128877,1.4413915294301904
20190114,-1.5154264266634507,0.19884444538358637,0.9566189461522702,-0.5439228039978529,-0.23218064999016358,-0.16263727262895447
20190115,0.7475306384830142,0.3696375641868578,0.3913845760681987,1.022922670057326,1.25292571600068,2.6995207138297457
20190116,-0.19965252234706551,1.079268872430462,0.7249670738626275,-0.15554383950497297,0.25694152368237433,0.6683171673219345
20190117,0.08320982618640048,0.1728720455612981,0.17734822934318817,0.3532467923766775,0.3151318452434188,-0.7023842200950094
20190118,-0.6522422126736306,0.1931432251267412,0.8694145197735685,0.2959376098558092,0.5244904319711965,0.15127155137965173
20190121,0.03298911205590809,0.202108937799195,0.5530406336026621,0.02413575871157742,-0.005376467541897167,-0.04105014681828004
20190122,-0.32469984230303417,0.07695626589962186,0.3273853519130576,0.17276588613465085,0.016960221467050965,0.11929166536158743
20190123,-0.5547445124030668,0.9885251737865931,0.920990171924061,-0.6223020503775497,-0.3687938181103936,2.1639086656962863
20190124,-0.0688761615503921,-0.18443088216643982,0.32348726052074006,0.19292725625764837,0.35057692846765987,0.7912002587363026
20190125,-0.038077721018899585,1.1785765289900931,0.07113049356856077,0.2273614390323549,0.19638400162583827,0.39681185445943196
20190128,-0.3545596149261654,-0.965964169696488,-0.20474906408400728,-0.42245928452668324,-0.7970418979135218,1.0797932024102956
20190129,-0.007377357589882113,-0.2059180620087744,0.5713780531963406,-0.1633102854868068,-0.8578029554577244,-0.5304204922530172
20190130,0.017055686892872356,-0.643809030635553,0.14578925733664258,0.3245960212476234,0.7146011953592001,2.0041801405321173
20190131,1.1989007548759973,0.33681488184310016,0.23147063018471373,1.106004127260698,1.336361850974606,0.48102062052636524
20190201,-0.7443218178131428,0.052501507284385004,0.8480001476163802,0.1032935419366285,0.5564183077730631,-0.8310432813894079
20190204,0.23231617988236056,0.6395562800040447,0.5665976635343343,-1.1377439827324587,-1.4311604127123296,-0.106740817915097
20190206,-0.05992248799724306,0.24463084576306018,0.3889991883165896,0.7195739581562045,1.4932011768275533,1.958745072492422
20190207,0.09584811940463454,0.33050386245452157,-0.1481060836900383,-0.14636158903450225,-0.29750667332173775,-0.7352321187139368
20190208,0.27004078757698463,0.14716108127693245,0.8777401096132046,-0.3313348141303915,-0.2079983366690821,-1.19401643411749
20190211,-0.2063537980000168,-0.030219040830952868,0.2107499631739793,-0.4350399487323683,-0.6163490867928032,-0.9118628214618426
20190212,0.11089055364846652,-0.6037665627415947,-1.0433525652755935,-0.8892674034435555,-1.7035452097315007,-1.462800309700245
20190213,0.08156537235375554,0.8052208289612836,0.13362575929870624,-0.101395521644496,0.003422419450061295,1.2357164389467457
20190214,0.47154072231599814,-0.17031235411419918,0.3751663511363199,-0.0655127943390257,-0.2773432488768308,-1.117980034098366
20190215,0.19615177359715666,-0.47177596786073034,-1.7784995038519067,-0.47970005908070334,-0.785267986322059,-1.167309563351655
20190218,0.5666339494358498,1.020897394104051,1.101412276149681,1.8963007008901789,1.2290599998592933,2.7186922546559944
20190219,0.5546621551501303,0.32784476329948536,0.8099229705752614,-0.35174577127365775,0.183921904228561,0.3718812618396276
20190220,0.34590805768022054,-0.3832357563464554,0.6191268060490476,0.4454871595320678,0.165706204226904,1.317969738313823
20190221,0.6223906296305451,0.4497551621456993,-0.1845511909478245,0.03992272170794684,1.624575610401758,0.6911932014770661
20190222,0.47299183297259734,0.7668340873840672,-0.06361744474652717,-0.528905726953912,-1.154858572668609,0.3759113490438581
20190225,0.7811064692609542,1.2581830258761377,0.26166810781387523,0.28362881595451356,0.9053656376584989,-0.19411851062555646
20190226,-0.45667060706094537,-1.0011451100642776,0.43845882521370266,0.5749768254997737,-0.46988423925384426,0.3465913547367374
20190227,-0.3128096173453181,-0.1942351115063729,-0.2694416132499118,-0.22164419269131938,-0.44453850388328486,-1.078681326800786
20190228,-0.6664172369097108,-0.6175270844746,-0.9319927590072592,-1.2306812278860702,-1.3726333101472081,-1.5148090801030547
20190301,0.11080428035286954,-0.5367520042876711,0.6719762284625335,1.0761471206214002,0.618537065953487,0.32946935489042267
20190304,-1.10517486457266,-0.4652970873457912,0.15381433531687405,-0.10146546925549661,0.11598418630797035,-0.6141982081082906
20190305,-0.06828134158494957,-0.62996255295691,-0.7003429419260587,-0.5428278027250686,-0.629052177354127,-1.7332116592047242
20190306,0.36393562598143114,0.8684128749873973,0.353676902167097,0.07277043794336821,0.5822029090213396,0.07299859733289328
20190308,0.29139030906932206,-0.3434143115988359,-0.7237664182966743,-1.0631386232215112,-1.1317321349097056,-1.1385807817126221
20190311,-0.5939433509467325,0.08840524423403782,-0.7285958722503031,0.20502190751963972,-0.6519866669632289,-1.3192721367352997
20190312,1.9984109824486007,-0.595118908081285,-0.6755101768752383,0.2053148362900146,-0.8281670770518412,-2.5005952268948883
20190313,1.8725696747775153,0.168844798292574,-0.15205143241880198,0.14714636810976278,1.100749522643126,-0.45452463035448953
20190314,0.5218323873571544,0.2208958260732461,0.8221087789581107,0.33779829490169394,1.0115298996281499,1.250814062097948
20190315,-0.07983322845386674,0.538947183135457,0.3814123077972002,0.6439463294566927,1.0072185637786988,1.4499802890948397
20190318,-0.03947174990390111,0.0989724992017274,1.0722206127626348,0.799271987876758,0.4870114843316165,0.8700137321778538
20190319,0.4183706182209212,0.793589884677359,-0.2815771914685636,-0.9255578800964648,0.8542312364055518,-0.2400227871920782
20190320,-0.8770925227903271,-0.5797805706648517,0.03366481209653818,0.0750433497480203,0.1867374139647382,-0.393492671363321
20190321,0.28034683742062333,1.0201568798253002,-0.09463130759820598,0.12909499203053879,0.9594261667715549,0.21053872527213185
20190322,-0.6278526267605189,-0.3128078400269614,0.34482946044697477,0.4610885076517639,-0.1239414435544511,-0.4232218932767435
20190325,-0.815002162836345,-0.3638930545370527,-0.47699829765044927,-1.6401609567113598,-2.3009381129298854,-2.8078649558303406
20190326,-0.3423179488298624,-0.16726057390098584,0.5408305708161963,1.05956323555801,1.3495551174079796,-0.2670400895051446
20190327,0.6339793469024608,-0.6307905614717607,-0.36647422011093245,-0.27623791835860406,-1.0094054061305089,-0.49148223002158453
20190328,-0.5797670885573435,-0.26135766602764154,-0.06588314105884514,0.581055542388312,0.9195401235047655,-0.147855573266588
20190329,0.004712079863627327,-1.377458934413622,-1.2567378821338713,0.01912704956625583,-0.14401882904801333,-1.1316490062874847
20190401,-0.09753465947137883,-1.0219693358661892,-0.7257348280617648,-0.27105013654238513,0.22698073783020975,-0.9772349938913344
20190402,-0.07278088238884246,0.24266749678378804,1.173447748456802,0.5038393227111981,-0.04926027110994887,-0.34974909350464567
20190404,-1.0230810558565557,0.30277668504925925,-0.08713969247440659,0.31217534355449217,1.3118906306806295,-1.6561309982515777
20190405,-0.45434042683068404,0.07895439837386659,-0.27740175675167406,-0.26185424100153226,-0.46812631220327006,0.63826566938433
20190408,0.2067041471806342,0.009341457459963644,-0.22615940294552161,-0.703547269403947,-0.4675613109470296,-1.1734643828150526
20190409,0.42102908130053995,0.07628018326502337,0.14929605023440087,0.672364327747876,1.2360847378592474,1.668690793828311
20190410,-0.33570015868439385,-0.3438766375371668,0.012514800952709485,-0.1410503630779338,0.07778396373074062,-0.3745723576868277
20190411,-0.054899561719901804,-0.041556120929489335,-0.6378459090164699,-1.1399707093622848,-1.3849830672011785,-1.776486174110289
20190412,-1.022963623949683,-0.643283113937258,-1.0110158813966894,0.04407501558529671,-0.01367988435529413,-0.558404676039295
20190415,-0.4688043063601118,0.0549296940671577,-0.08018144591365405,0.554284131488205,0.28871799623859573,0.023346468767662932
20190416,0.5328575054216722,0.5122700942014838,0.9757148827443329,0.6124881628923129,1.349080787832529,1.3425725501365913
20190418,-0.8141416589203884,0.014236794785100029,-0.23856075754189604,0.23396649866337776,1.1352330808929194,-0.3772777601796297
20190422,-0.6329344029533043,-0.4645351517365239,-0.2259125140498956,-1.6274380236742547,-1.012025947332098,-1.393280229685253
20190423,-0.5691396394125906,-0.04403270549032345,0.49957443968391263,0.7331328326210063,0.7556004102248853,2.233867955264989
20190424,0.002960881193349981,-0.2489901042120689,0.45198269139720443,0.018500096832090345,-0.5455844519395655,-0.5392806580111096
20190425,-1.2299726737269665,-0.5243772801644693,-0.5066637249819551,-1.3142549191094388,-1.221536025912023,-1.737974187786693
20190426,1.1855387869252394,-0.24880596282538225,0.15871810502146555,0.31655702453886075,0.7600876032118838,0.02565864216836018
20190429,0.36158123970349537,0.8059962104446085,0.0011139965953094945,0.40487410280984626,0.263884640150298,0.6292040450946627
20190430,0.7598846196539559,-0.4370712536956419,0.1479983666117192,0.8477676251627052,-0.02371104263155694,0.4195403066366195
20190502,-0.7035066642265184,-0.06769807543702785,-1.2221838491303305,-0.9401168017139475,-0.9705569274638398,-2.86946674767134
20190503,-1.0838511327959934,-0.34725617026352557,-0.5056578811620849,-0.43097136990605567,-1.1859246761903042,-1.706802991587325
20190506,-1.0849592132349901,-1.0031165744005324,-1.061931426968304,-0.5783612053090891,-1.9278935333050238,-0.8680898482198881
20190507,-0.10268418349802588,0.7652110123371292,0.42894509125937985,0.7448104954893653,1.4408709499641832,0.1125409198443639
20190508,0.09980453174768202,-0.7728397013125654,-0.46566498870426,-0.03276563143517812,-1.205246758342325,-0.2778154482759933
20190509,-0.3640353439200626,0.049676042414167204,-0.8098155860677133,-1.041142471812321,-0.9485900253183713,-4.111573955193457
20190510,0.43921650937796075,0.7604731013089168,0.7815689184229443,0.06744037337442968,0.32858348783303837,0.8429017846037513
20190513,-0.14450004475850886,-0.29477527182161956,-0.26962580449613816,-0.9197433692342272,-1.8210425888868162,-2.7893166327877505
20190514,-0.5244596171811804,0.09353925613713442,-0.8203061102868751,-1.0007195516147993,-0.8434588607547561,-0.7543852345004461
20190515,0.20394857136877076,-1.5321048881891521,-0.36516517341747495,-1.4498063345735361,-1.2610611337690933,-2.10976474261803
20190516,-0.5945670631031552,-0.7192261568440589,-1.424809476485966,-1.3932847074145136,-1.60655225061715,-2.2336222395970906
20190517,0.26966265392839295,-0.8160224104723132,-0.6237871688595663,-1.2066440893631518,-1.5070476539312725,-0.8847895991125454
20190520,0.10084857807872605,1.0320613675594468,0.009672336700750784,1.5952672853614667,1.621083754277964,2.3137673008428696
20190521,-0.19825290520106262,-0.2517092215511547,1.1785312818467018,0.556134155919628,0.8351706938922479,2.1109186814340224
20190522,-0.4330851774078065,0.3669945388223207,-0.2998520890919053,-0.24873685318706276,0.344535817323703,-0.03473116955344893
20190523,-0.043977820708492855,0.8313924881590279,1.592833157664238,1.6150554994343271,1.6575594690893314,2.0195222042365373
20190524,0.07479719354371277,-0.6543007641898787,0.5272576249808427,0.772888337868457,0.47758076243838327,-0.3670490197689583
20190527,-0.4128522339450889,0.8878544737616784,0.5531377807739731,0.3943046226830327,2.3756842907118294,2.6274204718084797
20190528,-0.16696308568055462,-0.46296950715331914,-0.186328645350491,-0.8454460098909539,-1.7467189889987946,-0.49531800184124136
20190529,0.7007326823721503,-0.2994025094216958,1.1078138364607206,1.505348562914162,0.7254734930993825,1.6008513016980535
20190531,1.4218940052250095,1.223650742328048,0.6331136383922903,2.168075870019076,0.9475463731423646,3.4508395526917255
20190610,0.4278143515201204,0.31221474421829154,0.36781647521191674,1.0505869629009754,2.3062134667114242,1.9296258476200847
20190611,0.04331515666143339,0.32351961691561976,0.4951510065555442,0.24321716607701255,0.16866536813332808,-0.007488268994355352
20190612,-0.7985905447426094,0.890754091808774,0.13963572385131462,-0.06771740452638507,-0.21261050103403498,-2.3878926606783306
20190613,0.27202610338120015,1.0940655455387285,0.09874758360291,-0.11563380700382808,-0.0948780412614683,1.1059814511147645
20190614,0.131923523380018,-0.6067808638184446,-0.1768532198879979,-0.31153367449811775,-0.569684110684275,-0.9209541492383536
20190617,-0.6055710845610168,-0.4564640877794878,-0.5542721812527164,-0.8576317021590529,-0.7967626693461023,-1.521822604128874
20190618,-0.38674372587900574,0.8001878005249479,-0.5212462175812459,1.1133688883911448,1.0114109906035271,1.1419481272333958
20190619,0.2548142628128228,0.3948125958890985,0.7984487873674659,1.0971204508729353,1.4895399687582498,4.488827939088921
20190620,-0.5120935938840611,-0.7111261903861533,0.3463693841523058,-0.516120457050991,0.1047357300309627,4.512935980225912
20190621,-0.07743400717193687,-0.326770000583768,-0.06502996935513636,-0.3751985094713507,-0.3492423062918379,0.048000727175369344
20190624,0.27123226655811256,0.10264426341708055,0.3931365585050574,-0.6712615642045011,-0.08915797620966585,-0.5121014792944659
20190625,0.17765944299106934,-0.8529819512517384,0.21796416479971642,0.5201103571390806,0.6415992376636634,1.2767797095258433
20190626,0.2759412749785904,-0.10397196133494518,-0.18252907322280557,-0.33562382762078863,0.24888355133020945,0.18697894666677517
20190627,0.4684061148558214,1.5586912685273135,0.13439259338463597,0.9248320396191438,0.45938216900202505,-0.10402029583724429
20190628,0.8048475585930387,0.18587570483027607,-0.1844229788269303,0.1792774989508929,0.11059305017918279,-0.42863563606141825
20190701,-0.4955496781706581,0.25112756573468775,0.6295209639964678,-0.08167365010103977,0.7182258157259978,1.6631706113989477
20190702,-0.5279251640491547,0.7012821917495813,0.6414679698092272,0.4213948245242733,-0.2826797942260967,-0.95749502371503
20190703,0.010096604770910084,-0.07876436161667709,1.3105374861719703,-0.28580030165728426,-0.618057053903185,-0.9699694300161276
20190704,1.2695029795291453,1.224056147663193,-0.010156297433076722,0.2712862776731394,-0.11885894696854174,1.0450754406943048
20190705,-0.29163305557769753,0.27040355929758103,0.3000168075239924,0.6538891462247077,-0.7821722692870341,-0.025638273555064657
20190708,0.4198977131881979,-0.9238487541885708,0.23920030282600802,-0.694498945669386,0.26162761515892763,-0.5497103689696772
20190709,-0.9229054891135364,-0.7875960252417827,0.2565924050836967,0.6286766860753552,0.426411273049296,0.4380192926540396
20190710,0.06472362826636585,0.9072741601691725,0.11825649960637806,-0.08327345752494333,0.8716142816361307,0.8213068025656415
20190711,0.38927376688511345,-0.6151210674671105,0.03648572021244476,-0.23719558043583405,0.3983266535037641,0.27004792038171604
20190712,-0.38121801311121783,-0.013975133031000616,0.7035174839276467,-0.9793243178147859,-0.5341404384389978,-0.856907306110042
20190715,-0.13643274313469458,-0.5266018251400695,-0.5945051498885066,0.8315702965049505,0.671491575810243,0.9349682832783242
20190716,-0.3612392654074697,0.24387669363932288,-0.08578669354504899,-0.398528556143215,-0.15452178259988775,-0.3479789761475969
20190717,-0.9480380988986308,-0.9152585556804491,-0.019696537431870702,0.5605267713288823,-1.0008024542458043,-0.6072057964976794
20190718,0.04261451072382794,0.16205973471989502,0.47115297519707217,0.46185038263383876,-0.31481252083855277,0.37588157547599427
20190719,0.7632755700422169,0.3352106000578059,0.12958077527370268,1.4805991421056046,0.08396282050327088,0.1448418508933159
20190722,-0.376521037371646,-0.6383665678072438,-1.2046622359127417,-0.1229383376930529,-0.623542632059002,-0.8589938702696011
20190723,-0.22395825634233205,0.3673578868068846,-0.05280418558193021,-0.3199373625297531,-0.07384917315758868,0.14001687165890764
20190724,0.07181653959106836,-0.279847357649642,0.43889962096094287,-0.21079355011216047,-0.2292187186352207,-0.4846989071678158
20190725,0.3843027766757064,0.7746751911615515,0.06548113126677449,0.061572270110630024,0.3487994059146776,0.6022164796542606
20190726,0.08239256672017851,-0.4147815791784554,-0.3847196095373745,-1.2334683259512056,-1.3172842082580472,-0.9516890987274514
20190729,-1.4550197880574383,0.6113993727485669,-0.3663559863638502,-0.7246741533881712,0.23293852984759247,0.24899186432673073
20190730,0.7263666102631807,0.8425043472984339,0.8136405242642527,1.0111563518079492,1.4788277204893074,2.3420915117851253
20190731,-0.22721543516485773,-0.2930311025088367,-0.008775365905102092,0.7693100322826647,-0.41964803603339734,-0.573948881298546
20190801,-0.47884687742659243,-0.2612892948289418,-0.7059983284521071,0.447049971304726,-0.8335384058685752,0.1006056803497381
20190802,0.007631822820793127,-0.6830697251699004,-0.010940522030883672,-0.47515152284483303,-0.7155011246393077,-1.0322676596070197
20190805,-0.8171591124877999,-0.8966500676853552,-1.163894495070207,-2.4182627043424563,-3.045933737110784,-3.6562482408369297
20190806,-0.6972085842924209,-1.3588081456077463,-0.8170881329503122,-0.5599493066539244,-1.5961372129408555,-0.4268134628803411
20190807,1.0954386701446435,0.7265157083941365,0.5936177776359237,1.4888525889087945,1.499037493432477,1.5050214721396336
20190808,-0.20259563666359418,0.42199036406450324,0.860736414868216,0.6975303255982651,1.854828415824904,0.28899264634721683
20190809,-0.2533691175399345,0.63329495885499,-0.167699243247092,0.4539789888087429,-0.13099864915336043,-0.28205065495213555
20190812,0.34805397789163595,-0.030359543972139774,-0.6111625870215748,-0.522475699023839,-0.6786406938159757,-0.26633522017753325
20190813,-0.2643028274979403,-0.1229159350436598,-0.7440329755011935,-0.7202312790268245,-0.522004890496344,-0.3248768849005585
20190814,0.3581905924804591,0.4212739857797999,0.53327955422536,0.6203720099263389,1.1495314236494891,1.8802577239008447
20190815,-0.91957127264845,-0.7810505986864933,-0.9696029833498546,0.2104006253898895,-0.5947156221476224,-1.15212820010102
20190816,1.3834959737154726,0.6792691487322962,0.06121024654785538,1.3668148252070011,-0.6290106115836995,-0.5889319659198528
20190819,0.2667062386744752,-0.26222613776740705,-0.007782065755682457,0.46503457087763045,-0.1830155230446423,0.31077813757236694
20190820,-0.10200464863063603,-0.4211656765930392,-0.3992855382084563,0.5374961612154293,-0.5970769720319087,-0.5521678876840234
20190821,-0.7966578618907822,0.3890269773230734,0.6203429540421471,-0.5175075924961116,-1.218072104719798,0.3355965955103486
20190822,0.355964772936008,-0.044009019601772115,-0.1811423858037177,-0.3088047831958359,-0.08484262846951496,-0.5793364233673456
20190823,0.3985993585582187,-0.2027517282200612,-0.09683670029703888,0.18345636627846001,0.5893613985596746,-0.03045939888488924
20190826,-0.38744020720306616,-0.6162547439270065,0.13971239222561183,-0.6902614436969614,-0.8155382334375216,0.2414639141825225
20190827,0.48179518030476404,0.00823716524861265,-0.07089495006797258,1.5278603487773963,0.7494695064341954,-0.32013280512624437
20190828,-0.21249823220524286,0.29171235913638804,0.26599794028795076,0.3695769076044609,-0.4004028942845279,0.04998762531950365
20190829,-0.4891167251550583,-0.1423556658412409,0.09386120036338436,0.2120195698959917,0.21246913134039982,-0.2792531065638419
20190830,-0.010696119219761522,1.0801391639348255,1.890329994834023,0.101201444577212,1.5803576774995725,0.011834120377147931
20190902,-0.5772229141157014,-0.7973808026051332,-1.1793024471270688,-0.6747163758871583,-0.5021811840440669,-0.1650366422397243
20190903,0.2688882113767409,-0.5886477179587621,-1.223262209232013,-0.01719418196840057,-1.444126260321611,0.21270683487561443
20190904,0.3870802671399194,0.2526360553842376,0.28232217836891255,-0.2696918250588001,0.23078989074755804,1.0572575287928432
20190905,-0.5036520712377102,-0.5246574662131073,0.37138533757645126,0.2285804123143297,1.2328119339258543,0.8337550187025946
20190906,0.17236634157264719,-0.2112178141172118,0.19648737609904446,-0.4297027003330693,0.5091315247562503,1.5583408797761986
20190909,0.07153358346480716,0.9918989289500151,0.5817186430503468,0.5944687508234324,-0.34754619872481646,1.6282052229746213
20190910,0.3654030416360245,0.5792745394142828,-0.0029934515961673167,-0.06811932537684233,0.24043150852525813,0.2765209319577848
20190911,-0.38746119782850247,0.36202604999399773,0.5102283095150374,0.3206587401952094,1.261378152016967,0.8182954062291095
20190912,0.12521376416781224,-0.050091747344800146,0.16880752264734922,-0.80738932941373,-0.507720658798685,-0.7970804493430899
20190913,0.2513763037829368,-0.3358865891921208,0.09528381433714563,-0.23395727319075366,0.2505020879879196,-0.9647697192573137
20190916,-0.6509868751240314,-0.5768187107033359,-0.654002370942905,-2.3758831365883735,-1.2478229860503176,-0.5839457207200788
20190917,-0.14193658904715967,-0.10433313842382322,-0.6095309628661914,0.34098353808083637,0.19816054993640508,-0.056506642310291406
20190918,0.2120641090653686,-0.0414224733623591,0.0010072496495823879,0.3499217206465781,1.0298299531100907,0.17520640630687156
20190919,0.0918609328233268,-0.2045527338401701,0.038163477373194844,-0.20626887534001556,-1.2072602821276843,-0.5050911145656922
20190920,0.20694600130866095,-0.35422475922550184,0.09942428028761495,-0.1762966552178808,-0.0865666021936386,-0.30457968915596517
20190923,-0.011255705518295358,-0.6875407156790432,-0.355866970588474,-0.5217353322083624,-0.199907836368221,-1.214354111837992
20190924,0.0680301998447062,-0.4297518815902075,-1.2772115175333258,-0.8775094973748223,-1.517883686897195,-2.195687745315158
20190925,-0.34274637472111796,0.30320480797505245,-0.8524686442761938,0.4393455678649212,-0.3215771306217906,-0.057124835152412234
20190926,0.7436791040129039,0.3778602353625342,0.04195044254462702,1.3857259287114108,1.8635630978135496,0.4365400045302053
20190927,0.18658143929892512,-0.69304186978731,-0.5677634546461929,-0.3428573338154944,-0.8948308508927734,-0.24987543938240825
20190930,-0.5051308157815289,0.1897532148358494,-0.4190610871721461,-0.49729909909420505,-0.5814926373342202,-0.1307280065723059
20191001,-0.6450069714423592,0.187501817181503,0.1958998485263951,-0.4051634789085587,-0.9418927132905328,-0.14909789901200757
20191002,-0.04397535594241025,-0.021555197921516,-0.7017399327599015,-0.40415659305053736,-2.5850634478118826,-2.2216513539069362
20191003,-0.037888186754726494,0.33058773148169474,0.591235717807027,-0.12018103877740766,-0.8099797921038203,-0.5745375155394818
20191004,-0.18752966240366165,-0.39514264841434227,-0.5144962458831012,0.12810709265735912,0.9226161095649535,0.17231941273511037
20191007,-0.6031925511336016,0.6294676247341687,-0.5986406244721293,-0.9803073708527149,-0.865742992699998,-1.2047392470944693
20191008,0.27416920211922985,0.35518335139066076,0.6346161002721724,0.5159515390973111,0.9424713831880596,-0.4665719219522091
20191009,1.1032161243248342,0.4878712129475637,0.2689315245037114,-0.4142993596423879,-0.10693504850416648,0.6374301291021496
20191010,0.39716063138552743,0.14358886062431817,-0.11078687508387054,-0.20250575058186,0.040932744496137555,-0.35570222488838066
20191011,0.31334957906512195,0.267979001719495,0.2746368886430171,1.4884932465232905,1.2872887719218227,1.4550554018817448
20191014,-0.07263269515772769,0.08260984959811711,-0.18441151392066402,0.7646098070952145,0.21122905601150158,0.6374240212699819
20191015,-0.32545886904554205,0.3491772248829514,0.4573164485369024,0.32126792535070636,0.38164013487090476,1.9899169830467154
20191016,0.45598526681029816,-0.24199922694132522,0.1194162685930601,0.18175140034648365,0.3382063866475885,0.2105001453698964
20191017,0.016469721623850256,0.3926145890424211,0.3084845711312225,-0.3751600184829901,1.0476069170129687,-0.1719254092932031
20191018,0.02830183522137906,0.3449300953966777,0.6051152130152536,-0.279637988189187,0.8847765372271909,-0.18006047241938286
20191021,-0.16872152694691148,-0.29759670585076836,-0.9332492392860433,0.42622586917688265,-0.23646307133118194,0.2652506106111582
20191022,-0.21457402168853762,0.5756523896845656,0.17358267489254994,0.414833502939997,0.42086838968737006,0.6301633453713391
20191023,-1.091028613182795,-0.04587959271946859,0.002726187107835527,0.17074385639259715,1.1731510799439175,-0.4057148754207097
20191024,0.13348675229684667,0.5660020248724588,0.7398214214091228,1.0623977962494402,1.6568879651130408,0.5445351315319644
20191025,-0.34408521565997247,0.10057240344685275,-0.09310937084476618,-1.5104809355025808,-1.5329127544843697,-0.6965349817950907
20191028,0.7501356180544057,-0.167754368307245,0.1437768840772117,0.28988380174901,0.23800846442643148,-0.008771576227703495
20191029,-0.5885359068326143,-1.0571379425714258,0.42970213132016555,0.06282232706517844,0.6915567424697245,0.19659565021116224
20191030,1.054390915510126,0.344735243965946,-0.121956644538671,0.3563128122057925,0.1401686349741207,0.30590395740901194
20191031,-1.0614132829853833,0.9177939493874215,-0.6180813994187606,-1.2136037895796916,-1.0766427743227562,-0.2112169360564437
20191101,0.5143797136563381,-0.9294972086606667,-0.8568623061465072,0.34010329472287293,-1.2729398224411321,-1.1974671431523631
20191104,-0.6299804782740545,-0.8600543688149949,0.7528729123973131,-0.7430267283975704,-0.21682715899436275,0.2629262681197177
20191105,0.09265362938531019,0.28859282813140213,-0.17871088329302212,0.9106187762164101,2.4920021812318724,1.3442570331672634
20191106,-0.7783406032037244,0.9287085704317829,0.297326246269031,-0.3264735702941716,-1.488636620000708,0.13593788028987325
20191107,-0.4629995617311784,1.311857841870165,-1.389573462119578,-0.4737834253790906,-1.4126585502443358,-0.32432400262575184
20191108,-0.9399091346948054,-1.6057081925391317,-0.38673054081306746,0.44373319370764147,-0.0488505505542683,0.2934214965557237
20191111,-1.7127244654943925,-2.4095553143719783,-0.19631431968713223,-0.49444985669890706,-0.18759347791704833,-0.44803654876658494
20191112,-2.72688365046685,-0.5642514264045339,0.07455100018268616,0.7530633067204309,0.40674055388364533,-0.5193445133623462
20191113,-1.3719174889908199,0.38212829987181024,-0.7656027606558592,-0.26929247017961083,-0.9273374574806226,-1.4634188303557432
20191114,-1.6083785745175156,-0.029997334514480015,-0.27136751575308704,-0.5243040291251506,-1.093698777687744,-0.4077727803040449
20191115,-0.022585413734401854,0.2375758012989099,-0.03613400838525825,0.31303883099260116,1.4047760358408867,0.07515504303965752
20191118,-1.6543334379297152,0.42080689559414836,-0.40946627154189574,-0.06132720498530456,0.09523327968060025,-0.9331649233270225
20191119,-0.941858031309519,-1.0359581241501135,-0.15572138420719417,0.4369973335324149,0.9415745461366646,-0.33015467005072857
20191120,-1.0441980702993678,-1.7618290221244992,-0.031017388398259037,0.20849919129854044,-0.0721258070265151,-0.3483738970087478
20191121,-0.09134865357217482,-0.2018939088421639,-0.3488454604797723,-0.946251600310783,-0.3459526037768995,-0.22926052560857732
20191122,-0.3521539179355034,-0.9532239050621091,0.122171298817019,-0.07897155138195795,-0.39578207490571427,-1.3872792071677045
20191125,0.14704929393920949,-0.08355652574312723,-0.37345954604869047,-0.13713816567509723,-1.2466972984321933,-0.6329825516354534
20191126,0.5451753871062229,-0.31586192451196704,-1.0970775576470855,-0.9446476434449081,-0.8273792763159739,0.12281548675608053
20191127,-2.169731878334993,-0.49624577492425437,-0.6875169759884177,0.42462577494406506,-0.2586692120677603,-0.69137367573956
20191128,-1.1055575226061651,-0.03280829483508103,-1.4269521376834384,-0.5494617052283528,-2.0286269491620783,-1.7607927024015428
20191129,1.3219790698600427,0.3886662134154342,0.13676328958572415,0.8906051015541591,1.118427607534039,0.2376051148520709
20191202,0.3071314292787468,0.14891884747126805,1.1143061557732437,1.8804596856839784,2.423913229086025,2.4919744332755798
20191203,-1.3151515614573348,0.1292184175340979,0.09797950670634133,0.2878883426513128,-0.2783703493262677,-0.09439740230572899
20191204,-0.6360795969520784,-0.4720415806655231,-0.5800656028686308,-0.25085028774196866,-0.586701121419817,0.6107850792362688
20191205,-0.3769071050853273,0.551828154025431,0.6720850751364206,0.14234541069933052,1.5604494096989723,1.3583639221750075
20191206,-0.6370190728511015,0.4569888411730844,0.51866294514029,0.793730069752115,0.29640505551610746,-0.10753641348658063
20191209,-0.4213217650685521,-0.4403958272584118,0.3226567110057297,0.13034293067084207,0.14452307602658898,0.16798019607655335
20191210,0.6111681399423556,0.7045407275459289,-1.8087979549988968,-0.2825936633950743,-0.015095874877188428,0.8182051033505213
20191211,-0.6952589543309263,-0.36395964235465633,0.29141442391943323,-0.08811787987748337,-0.14041017274108492,0.15247319164013917
20191212,-0.4806296550489261,-0.19921743982951232,-0.3533529993658842,-1.1621133302134077,-0.23482443589041493,-0.34737173786290204
20191213,0.3370622510687683,-1.088019849707881,-0.24710157964198284,0.48753021904491656,1.6776019055069595,1.704303435074188
20191216,0.12827950912280586,1.1339143028665868,0.32851102769499796,-0.24696936759033516,0.7040147550870002,2.134241188847006
20191217,0.8400209558208386,0.5404571900159526,0.13245061080121381,0.8970423621555266,0.1311866187741892,0.9566923176099567
20191218,-0.05204857989940156,-0.2851407993750026,-0.6226085264093603,0.9033046181872382,0.6613634330171818,-0.9095631073526355
20191219,0.14895162750639765,0.6463953090348968,-0.3829860788796687,-0.9240442400790541,-0.3968376626820371,-0.49481751784317357
20191220,-1.7259384691264863,-0.22240469385656808,-0.8652450947005449,1.1493380561601196,0.2493685483951729,-1.6435110976564287
20191223,0.9400569729539583,0.24054864001618503,1.2011085241571775,0.3096293602570944,0.3102595369542824,0.5821773785430867
20191226,-0.5447396322909049,0.14744183037903003,-0.6233165340465946,0.31202496993762363,0.00916846178631237,0.44048094471940347
20191227,0.42141422914951193,1.2220892754323218,-0.42027285414709437,0.13513841979310598,0.29077155475270916,0.08187712492418504
20191230,0.5321696924594221,1.0153319239663146,-0.5279309633667986,-0.49351952867937804,-0.5399533802867218,0.11668184650423202
20200102,-1.1803014988070093,-0.20548710469080572,-0.9467268470687437,-0.3380214262532359,0.01031472345524728,-0.6951658957550604
20200103,1.0658875642784533,0.14066639940764838,0.23118634599944837,0.7248155334470288,0.6295524865577323,0.6252209952502614
20200106,-0.7509580959545531,-0.5274467510371181,-0.7106253632863635,-0.8507200403457741,-1.3722444115659542,-0.5488965901535033
20200107,-0.5218074583214777,-0.4999020849124881,0.5626292528203625,0.5483643559703653,0.2027269227812921,1.1295611670786696
20200108,-0.7614400574000156,-0.8860677332578911,-0.4061750224475384,-0.9191560096015895,-0.6839330904713331,-0.9225996026384862
20200109,-0.7333115544021253,-0.4019108264470075,0.4115030492260069,0.7659884212881028,0.9240190829717801,0.31244980530495664
20200110,-0.1853023206746351,1.2906214165252452,-0.3578534770222402,-0.27313545580900084,0.22200278811843835,0.7977899201899254
20200113,0.17417911359912447,0.6082009269077926,0.24552126952679118,0.09867557331173613,0.7872938184541947,-0.2029070174331628
20200114,-0.143433153455171,-0.1272827173308997,-0.33414613627807266,0.40970666595760413,0.6535034176967863,-0.47207507197716375
20200115,-0.567040667008187,-0.09140157216086521,0.15789076095578755,-0.39643489566947593,-0.8390812634295801,-1.8461813136633711
20200116,0.9100344521945204,-0.28615141881811496,0.3800199503239474,0.14974801784493796,-0.13722648100932658,-0.10570995022781066
20200117,-1.200164700257192,-0.2433452214223256,-0.5185026227702608,-0.16276498052397204,0.6008698223676445,0.042000832960647626
20200120,0.06953897297911985,-1.7271626064537415,-0.19758519140041791,-0.5944807651087721,-0.786779803613955,-1.600962847446159
20200121,-0.31942064678068643,-0.24251959872729012,-0.4961545874069116,0.03404042457731367,-0.22471211848633346,-0.6821153054809889
20200122,-0.5918881071299978,0.1419181880762683,-0.6421172456644825,0.02586378508588933,-0.18744150284283426,-1.6591385081446615
20200123,-0.163991416325023,0.2917743050533775,-0.15412919283570425,0.3141725717357405,0.21647566764759787,0.06535455923989761
20200124,-0.5048583895661566,-0.04503021829209463,-1.4133365710098866,-0.07556887848555113,0.031626991873176545,-0.18413562647610732
20200127,-0.8763374750690894,0.7582353065935215,-2.082050287423487,-1.218507716858528,-2.503463806545132,-2.479532212194211
20200128,0.058490884381727046,-1.84647289862876,-1.2731438589681643,-0.7096000235021214,0.06192009977470458,0.3812524635861582
20200129,0.5627958393292968,-0.060227346703568795,0.21689059687648518,0.27411518556379383,-0.19392562170175456,-0.34954750521601363
20200130,-0.6146667373113293,1.5418333567990237,-0.25563250690600664,-0.8080231416364202,-1.1613765390298467,-0.4075419344190062
20200131,-0.2842323144265215,-0.8756344486370977,-0.9730967041173242,-1.8275574838798758,-2.2535386478094126,-0.7440938706377394
20200203,-0.14499878836919206,-0.9904821198190585,-0.980204496469304,-0.8346420190316,-0.8648736314593157,-2.5605764170468754
20200204,-0.8864666286807361,-0.061516633805235324,0.18110409893855328,0.6896633308676766,0.5786788783661989,0.8876086263157763
20200205,0.025129347134481488,0.3160085776184561,-1.0467238634437566,1.0999208529814524,0.5984407180754888,2.4582175743880437
20200206,-1.0633419468874483,0.2283685768035113,0.3365048032426966,-0.2952271906238763,0.8754572598379338,0.7413582510094578
20200207,0.9310052780651301,-0.0985411468923334,0.6087687447796486,0.3076476847708273,0.12821061086564395,-0.44300173504291723
20200210,0.01779563902902045,-0.16721689314890414,-0.1348847052200115,-0.28988904254971437,-1.3639161798784172,-1.690886651833985
20200211,0.37433651575593896,0.6143480602988866,-0.583882907129495,0.009806461139260262,-0.10731142258014474,0.6155109851152866
20200212,-0.8568141499828057,-0.6165659003119913,-0.5984434688439384,-0.6254575858469408,-0.8469119713460084,-0.29825503527885866
20200213,-0.031238508692640634,-0.2675183646740752,-1.1296377708569927,-0.8004225056440507,-0.5869846535858523,-0.9059984049342735
20200214,-0.1454834559598052,-0.6057469762618817,0.6141893304252974,-0.4271716209605297,0.24654129082214868,0.428846485866298
20200217,-0.34058868685956634,-0.060831999529885154,-0.3842048446976489,-0.0657196110113328,-0.052288619435599634,0.7976592552150428
20200218,0.5081039174043054,1.0283407468279444,1.196982376124721,0.3890222943345318,0.07680088361209632,0.4365396836216207
20200219,-0.7962810663694,1.4037441660051044,-0.42366336637517404,0.39353643870709726,1.2110158416279009,1.0020344245250925
20200220,-0.40242465250029436,0.14209680337143293,0.5940959927305584,-0.08440614080811848,0.5839944900838072,0.8022209244935299
20200221,-0.5419019344598801,-0.8545546682644676,-0.41419989659750545,-0.7820551269008396,-1.3701491129024657,-1.4825403934556354
20200224,-0.14179633010647893,-0.32728057799568344,-1.1891327058926715,-1.0467081315011018,-1.5122944966598828,-1.6802367453683846
20200225,-0.7693081025704902,-1.082802872714563,-0.3824290478948737,-0.978344232973782,0.6909139803292186,-0.015203980413577598
20200226,-0.05759133103861262,-1.522846021851391,-1.066879945549721,-1.900050103290548,-1.575056769561848,-1.096798201511637
20200227,-0.6328170510484767,-0.8664959000493246,-1.8822447636898234,-1.872587581693752,-2.9071216091759107,-2.897402150442335
20200228,-1.6365562677113539,-1.7416332253161328,-2.314687618681984,-1.156253256211848,-1.037510455071417,-1.5200080876411928
20200302,-1.0180832754413158,0.01900726971439608,-0.46142150016294853,-1.7974082328992673,-2.2032445642145926,-0.780866509946932
20200303,1.080294635226478,1.2071504176879377,2.259800930311414,3.0336869644305837,3.5170227068123965,1.763704075871596
20200304,-0.4309990171024675,0.6204455844368246,1.2974230306674726,2.5543606899829583,2.6015679992000122,2.1908250468326775
20200305,0.704942112690371,0.12182010062576809,0.5317650547785148,-0.13071443054656443,-0.21784636393838083,-0.4677246308214991
20200306,-0.5197489540219816,-0.17864491269446753,-1.0312087742144669,-2.0633969038278077,-3.7024706909483243,-1.0222927225211946
20200309,-1.9346780848110008,-1.4054183733536485,-3.2653278820185045,-5.924253505190175,-8.471451229265517,-6.5998646960226575
20200310,1.6060702150430866,2.333999747223646,0.8815623955234398,1.2911455104839213,3.065942403027323,-0.0970550153792311
20200311,-1.5978943989986782,-1.2612856957053944,-1.3125658202316066,-0.8283365284533415,-1.7007676574304404,-2.406570878290364
20200312,-1.2979663919371685,-1.9153684782806557,-3.4102312733535367,-4.23098165310203,-6.501639142286226,-6.498748231838746
20200313,-0.23956146152268645,-0.15393231036010877,-0.9045624698468511,0.5208855612496354,0.02546192993114898,-0.35150543160749737
20200316,-1.186287329698882,-1.141528208965043,-1.6387151658062857,-4.130293749622991,-5.715723317752892,-3.274798446602022
20200317,-1.737807587830258,-1.608965545827655,-1.5883190360113868,-5.334690900579688,-5.6158212121685915,-2.8506829071547863
20200318,-0.2412517303722706,-1.6324734039312092,-1.9602907744009228,-2.262033805093537,-4.010310506449031,-3.636863762928824
20200319,-1.5413378093686136,-1.977832671177989,-2.2262336112595102,-5.442264485995044,-6.099104662579494,-3.414492840826608
20200320,-0.15180819066795131,-0.49928897770933006,0.3762555416764785,4.987315607803015,-1.4212517876065656,1.6795037479248778
20200323,-1.5906818360646047,-0.06657485531924019,-1.550354160338702,-5.213703416999705,-5.965609874590341,-1.6412444773223838
20200324,-0.7417302782737133,1.2162459498113192,0.865782163471739,-0.4202076891564709,-4.006777045713564,0.5968438489044732
20200326,0.9603584424454222,0.6611467355185136,3.354615514117212,11.093360344792277,12.37628387302434,6.474202453345461
20200327,1.887718333962117,1.154564140384664,2.1047999938603903,3.680567787425968,8.365636558137755,1.650812380075177
20200330,0.7262837279237598,-3.814087265319684,-1.2199742928510953,-1.8845715916197006,-5.4238718906560806,-2.592861566046168
20200331,1.1999991036546518,1.0197956732096969,1.365733257006454,3.2054195576520015,2.383803193090329,2.9055798183489556
20200401,0.33806058687250046,0.2869488280652359,-0.03796028677981502,-1.6682248549938705,-2.0731528543697393,-0.7073252808775365
20200402,0.021310187989717674,0.4660825804574766,1.0611254217649742,1.394868529378244,1.5812254423501149,1.5106500948440227
20200403,0.3480871449467395,0.6621132661499423,3.0521924766711375,1.971587863367977,2.2017559110196943,2.6072394750863443
20200406,0.3179835310953014,1.6438055280707395,0.6061247522408733,3.6856786553855194,5.324314092616184,3.9092695934045683
20200407,-0.6750536173236247,-1.3893814873099815,-1.0817320441284786,-1.3264604096400825,0.21519803679767818,-0.5758145206376615
20200408,0.5434125435147236,-1.825991466797314,-1.0753478251797532,-2.426236877850072,-4.9066388596297825,-3.8873948821877717
20200409,-0.1855415864686212,-0.34409092082853954,-0.5064149512381562,0.7611234532788945,0.16072776714443665,0.6324518389849577
20200413,0.5858865181973327,-0.3001165171086668,0.05307092373991412,-0.7102934321369971,-0.9770900659098695,0.12935124538341986
20200414,1.110263755742927,2.8310281711713197,1.8870974399009872,1.3060334648916614,2.97331765711775,2.319109465704299
20200415,0.28248993714046033,-1.1405756032804386,-0.07377773127931805,-1.3308369485964096,-3.1692109052219477,-1.8471541653642964
20200416,0.05521773904711114,-0.9956485433428395,-0.6315274700137224,-3.1493525248741556,-4.220590559180344,-2.1416663830456644
20200417,-0.11511083416019596,0.8069658662348289,0.6050195235535902,3.4978836401794555,4.386863958602534,3.079180238774616
20200420,-0.4095774438213114,0.07709150079467829,0.25598040781820736,-1.2850377057529083,-1.5742489036622935,-1.4125180543183353
20200421,-0.47195379162395373,-1.748204953495024,-1.0794897959310963,-0.9432463168130212,-2.0830093027243324,-2.4416566170643783
20200422,-0.04362745960973741,0.2306298413186811,0.9031668765758472,1.8506835624639415,1.7479907703129935,-0.9293525348328135
20200423,-0.9758653389989427,0.34248908169019954,-0.22190038183159216,0.681899994240913,0.6822525011798282,0.6254237394861216
20200424,-0.23321601024587682,-0.7203549009213757,-0.30708655605176816,-1.7349469286740897,-3.4641083486942725,-1.5712243537642754
20200427,0.14939583173003884,-0.8445175728496352,0.14920054077220724,0.4171581820128325,0.5462970877375077,0.5043276065166058
20200428,0.09132808961740078,0.3013349978898082,0.2744512931749982,0.8522933645258765,-0.5101747451979073,-0.022529467247036222
20200429,-0.1647113062951315,-0.7682585429392511,0.0326178091337314,1.4882752755582347,-0.05566366159179521,1.1985096020783363
20200430,0.3231690728588839,0.3333783386009325,0.1213811021268884,2.9446025827564783,5.106784061655581,1.5108074057184335
20200504,-0.7312533196765671,-0.36790878299500435,-0.9443079421353772,-2.236214681032279,-3.2874716764343797,-1.2662377483892697
20200505,-0.5171096987830789,-0.40520462564813664,0.373358959954167,0.9481479507474362,-0.08351853661730473,0.963109986639339
20200506,-0.399284808801765,0.07870168295454241,0.73666986991788,-0.7780766637469935,0.11808146123061379,-0.6002459532301497
20200508,-0.8371389309624829,0.04825324892798338,0.5261684683635646,-0.77898681437699,0.918627664991365,0.6780087180994564
20200511,0.35250622911825813,1.2508567588538428,0.04935348433070133,0.5657752053396717,1.4500226671322303,0.4585837771278427
20200512,-0.44163443313991363,-0.3284630055237163,-0.15389437719784563,-0.24795184816852486,-2.9804629897845265,-1.5055460682198207
20200513,-0.9735033908989541,-0.10407223351634229,0.5541394700446398,-1.0202534945422683,-0.6100557601933615,0.3242612704538387
20200514,-0.9302176276794403,-0.06526919111759182,-0.08073515114919826,-0.2623417152593663,-2.116253523432945,-2.018504981938803
20200515,-1.1301730236974128,-0.0880695827427824,0.1914660822724091,0.660242205798821,-1.6203512561165065,-0.4617079321273743
20200518,0.27450166078779403,0.8233897008751793,-0.2274965059100214,0.07657227483215552,-0.10862905619595255,1.0064824163308974
20200519,0.6269258555038271,1.0805425759052627,0.2514558988428672,-0.08437811319219159,3.0104619946831828,-0.07282518941541208
20200520,0.8703231898011273,0.3216695405734937,0.0784035141201939,-0.7669337500858915,1.3075069984438292,-1.101097553926681
20200526,0.5578078164466104,-0.004832333786676901,0.8278305586043975,1.8455873128711415,2.3162897634827986,1.5392684020838259
20200527,1.6519520202305662,-0.04752703543143368,0.34434434613375536,-0.217318199792558,1.4846460396806462,-0.17259312417612455
20200528,0.38975121281176556,0.6656416481691451,0.22511611430170303,1.7240075233630792,2.1232165381645003,0.93045275989547
20200529,-0.13258208023624507,-0.9942235075132063,-0.690340792521224,-0.15160301891971323,3.111183380903476,1.2711489709629271
20200602,-0.11119457894254883,0.5585371519422797,0.045302143959176026,2.048560993365024,3.602788925576545,1.157517279743426
20200603,0.19669271601629773,0.6002709269194164,0.9729974577021165,2.1804166501413778,1.9050908333569694,1.9824250860544286
20200604,0.13678503666823702,0.7488258120273489,1.386115264159893,-0.5027462620774631,-0.8597546279641708,0.15643940530237493
20200605,0.01010900816791235,2.1024968584633235,0.5596110268035385,-0.5489303382732897,2.581346763712821,1.6961320781674867
20200608,0.5839067002932814,0.9227234681377545,2.011865124628624,1.3692775658438143,4.178561592745259,3.894694740753353
20200609,0.31805806606353554,0.5617507779275029,0.1646270247697479,-0.6937709573082388,-1.1255428402032048,-0.33333338585987304
20200610,-0.35617391753910205,-0.05608951270386816,-1.4992173759411431,-1.2671255910066677,-4.039168360427156,-3.6029096628519666
20200611,-0.33736750523053516,2.2879695609048456,-0.7417109299862863,-0.9747358552384344,-2.112333607783173,-1.198925631530956
20200612,-1.0707895477313303,1.132792756497877,-0.7497183139064294,-0.08178832411911238,1.4114385793046766,0.44373210073829555
20200615,-0.81109304621865,-1.2706238202082956,0.4175072110761874,-0.741061450283938,-2.4509334390674438,-1.697272231818033
20200616,0.45499743722553004,1.2026405742784592,1.0771174325113466,2.8427388199249157,5.404128765090326,3.3897008426037623
20200617,-0.08184453685591334,-0.605266500980803,0.15465765973137366,0.0062904425074451365,0.11001606055229349,0.1337742652926284
20200618,3.0449526445045874,0.3217437266588684,0.2222711126865041,-1.6256931935785621,-1.417406514895046,0.39830412105807134
20200619,-0.5984969760475995,0.311903352903751,0.13489235355244156,0.4396586420229291,0.6981930218978613,-0.25310718815739647
20200622,0.40446710133659713,-0.1580895719478135,0.41036863233310306,-0.3544622975724841,-0.6623768343115909,-0.5558600648095021
20200623,-0.317509940084626,-0.24628327548310838,0.5709577849579158,-0.7905823282980861,-0.7293115034736269,-2.0462117128639696
20200624,1.1866684766399187,-0.5582646519268476,0.14582754718967883,1.386264243425859,2.6718869056166747,1.1895841882209899
20200625,-0.19760804701785362,-0.6054097854365257,0.08807747051251845,-1.2336729611621455,-1.3953387756798787,-0.8768093808970846
20200626,-0.1589127949176559,-0.14072625606610917,1.059705124158921,0.15438541530354333,0.14868890307557142,-0.0743672010079184
20200629,-0.005430366528108671,0.5654224974209514,-0.25228923437153056,0.23256917307488495,-0.5177325354906173,-0.3836062607164107
20200630,-0.12137433764306915,5.1886626573080505,-0.050103592192210784,0.45184161209605334,0.21070393420985026,-0.33325030884306545
20200701,0.36952650693108996,-0.5045906428344079,-0.4566201521666881,0.10045260689043986,0.5636742355131896,0.10240230224827014
20200702,-0.18615528402095383,1.2148298417544299,1.2588424760768495,1.2982093780963773,0.6886718242195419,1.5745536019274093
20200703,0.11365417675566508,-0.05462889140843966,1.3234572682052024,0.2009601030268647,-0.13225144532134345,0.538661745522955
20200706,0.057144962455420646,0.1780669625404853,1.439770689251556,-0.05617521448009026,0.9386038607272101,0.580038299356453
20200707,-1.1235291887452032,-0.36321156096137763,-0.5103390639541842,0.13626253679125594,-0.28450238515782944,0.7909626970901812
20200708,-0.6408493033617157,-0.3069861161399734,-0.42117395062063684,1.8486703443779622,1.9264840737268272,2.981797546488866
20200709,1.4754896342465007,-0.3713878032437551,0.1189774895482619,-0.7357152515721322,-0.03343892213832303,-0.03328500231672104
20200710,0.13428288254947088,-0.021105936905073147,-0.4765771809329129,-0.18283238840350644,-1.1847864716816452,-0.37514966792408283
20200713,0.022298820244353517,0.7787891837843407,1.2325546920132666,0.2707724865449542,1.5827502639660078,1.1568949523937686
20200714,0.6644025996101348,0.8598048038808894,-0.007690715112956268,0.4305736378245546,0.3291222641083299,-1.4588150332463816
20200715,0.031500374905189595,0.1842162475616725,0.8378884440841872,-0.3991731298992227,0.5052710911363253,1.1525662895659035
20200716,-0.37474152152659324,0.8453831849072182,-0.10534531616162228,0.4372271732081317,0.7854013835226403,-0.35481559718953104
20200717,0.1600799048427394,-0.10017575168844042,0.24862931467163585,-0.45401589132510095,-0.3760496593628671,1.1693754017646112
20200720,-0.25475749971027856,-0.46680971248090636,-0.018437045332731026,-0.31247560562242516,-0.9910880716542699,-1.4555482247559082
20200721,0.9380496430458096,0.4119944294072658,0.5694036205720164,0.8315698475660083,2.381174520167537,1.7404305059615068
20200722,1.462802177528445,0.7441727764017241,0.28016431327258073,-0.40267559293258653,0.6905766256464859,-0.7525644421715978
20200723,1.5128818062223854,0.8720670754469152,1.294881321777035,0.6324659086505828,0.8757789481946155,0.5712770584207123
20200724,-0.16862062162268218,-0.6693677866625056,1.0337745180741758,-1.1385355632976208,-1.805092046171967,-1.3627107634114461
20200727,0.13297382556205628,0.03974277161633981,0.4982081513334829,0.06061912414377062,2.0515317365021644,0.15977013570365403
20200728,1.3865445474570046,0.14029997304112946,0.9371840410729354,-0.2247613556667073,-0.19285475115152093,-0.04378249867988568
20200729,-0.6361582659239818,-0.26137796387959983,-0.41470212128352796,0.14918691288428493,-0.5895821416556856,0.49799871751616204
20200730,-0.1562912689996247,-0.17450441738042066,-1.1846019554961174,1.3222951948707506,0.35110788428373896,-0.9146786388858087
20200803,-1.7434185896333523,-2.4857719356120485,-2.082547108871907,-2.3273058975010836,-3.861249967457693,-3.30687255051541
20200804,0.5204941597530259,-0.3937597864985506,0.8554065367199574,1.2325660011719939,1.5717107082076693,2.7920585042149746
20200805,1.0662853257884883,1.4864093284008075,0.7589560167298417,0.6174193657143981,2.3097496913737685,1.1819664051576606
20200806,-0.12395494206805004,0.14609282958201553,1.5452110766047131,0.6042451100012386,2.115904305250215,1.1843147958666975
20200807,0.32477730206992556,0.5674846249926604,0.2360938923507058,-0.9481180249684824,-0.1522549450305215,-0.6660123273424476
20200810,0.19110501924897996,1.3992909756936152,-0.04047762763711056,0.06784943876167229,0.31025479327326166,3.2417647519581214
20200811,-0.05933268581465356,0.48052785911221024,0.33932110623653683,0.47134720135327235,1.0549399630310696,0.17106734881477167
20200812,0.4279435528855146,-0.453467917481169,-0.2204675101078065,0.8440646715239055,0.8221747126451314,0.8081959508911027
20200813,-0.8741036020433773,0.4400666960370765,-0.4368389622553383,0.19985584213741786,-0.10212692264789383,1.1796816012232978
20200814,0.03296794025997145,-0.6400257532247505,0.5678934003935728,0.5393146427523638,-0.10211231004416624,-1.1199858900232276
20200818,-0.2993511140544647,-0.23990050126726004,0.2642356980213699,0.7248689473541371,1.420870615401009,1.5265897295799662
20200819,-0.6182877693819568,-0.3169466893896932,0.03812212871268466,-0.4005735872206283,-0.5402542839186165,-0.13286543549122717
20200821,0.0,0.0,0.0,0.0,0.0,0.0
20200824,-0.35062809913085546,1.5442476759758528,0.26765544601274804,-0.08984028169055236,-0.11919794624664212,1.9906145910858746
20200825,-0.05584249294940969,0.5898039766159526,1.2199533934527578,0.8870194042137002,1.8074282289653434,1.3976228816526908
20200826,0.06571933220183494,-0.1380939845987997,0.7262375039432903,-0.31156707741623846,0.20964011365593302,0.5588956219689553
20200827,-0.03272967965063793,-0.13980576130112718,1.1981428660499072,0.9344449540884079,-0.01648844015521318,0.1341820533786425
20200828,-1.2180602395622624,0.30246318753170726,-0.24017128332948523,-0.5385804149026593,-0.3899715459033282,0.21839984290396747
20200831,-0.9529731600412208,-1.8294666728068651,-0.9552887842610692,-1.9781428713815399,-2.603685478036128,-1.5652468788676082
20200901,0.30496780156141384,-0.09775253776496391,0.12209275535358653,1.5371353784847739,1.5617388835741062,0.36852085299474435
20200902,0.7345650107804926,-0.08958933323566674,0.9062625856667037,-0.14408755218645536,0.3026721340275753,-0.112354824087453
20200903,-0.5784756561582542,-0.09320459008613984,-0.6336093702914966,-0.3194268614350036,-1.1571505112595286,-1.6401938309542847
20200904,-0.2227359467032757,0.16941824093321226,-0.49307708423562424,-0.6849844513279018,-0.8215608320789174,-1.1468957240414306
20200907,0.47340737764342294,-0.6351307579720573,0.373147081079909,-0.23602889732231613,-0.27675101863217233,0.739723945430054
20200908,-0.7243044753425887,-0.39723398637330054,-0.060507744211654536,0.2531410822844133,0.2563095545751681,0.8001351275529354
20200909,-1.991534154073021,-1.5986781337564895,-1.1476992041947176,-1.233815001407833,-2.9384539093988176,-3.145882477066707
20200910,-3.0828763437223965,-2.760797334026577,-3.344999806839904,-4.819206009015024,-5.927085508423056,-5.432565626165841
20200911,-0.18345032443265608,1.590561269430478,1.28890067585031,2.847442076238883,2.4887995690653564,1.7188698921365844
20200914,2.3790483301261514,1.3981782294632104,1.1963072946991695,2.80168059488135,3.4689432502292386,3.01570495766035
20200915,0.34102765595692897,-0.6567100715348468,-0.6466907361501242,-1.5582984188520412,-0.7082121532266914,-0.9638208565303061
20200916,0.26746037712677545,-0.7401380559342225,0.20288384590443995,-1.0781528022028832,-0.8367133801298157,0.7826990380313035
20200917,0.7251933326140857,0.2889241597295498,0.3927179912350136,-0.10734888096233484,-0.9968029861143818,-1.9836583726085135
20200918,1.638185675186889,0.4276125447697109,-0.023194602365853526,0.2999663544169809,0.2565643164081688,2.050345012327562
20200921,-0.9672532389167445,-1.0333223736512354,-0.5179984508438146,-1.0790780481686881,-1.6345238623429834,-1.052794072888375
20200922,-0.3457850847869781,-1.1012097188286696,-0.6296685683640133,-1.2853300639051566,-1.6340785660422554,-0.525811102985209
20200923,-0.6749501637074354,0.12545170872590583,-0.43023887319126963,0.06708373427749062,-0.9522253703969215,-0.571829467980788
20200924,-1.1645737954491284,-0.8885368851668234,-1.181133945376705,-1.2631103795933816,-1.9614880847324558,-2.137807365944412
20200925,1.8019461658550697,1.6508558066794576,0.4342861050625185,1.8379036067949133,3.048250356869809,1.772020947293553
20200928,0.19494210731241002,-0.1170684419691809,0.09353331607719714,-0.7525413880760737,-1.1127356117089928,-0.9934865019009509
20200929,-0.9707889083909333,-0.27292785585450324,-0.4869991602080664,-0.45221734337973096,-0.9398535566745957,-0.2625340294768815
20200930,0.23560073410274865,-0.03029393009099574,-0.20811077710550233,0.028153767209670125,-0.5791329796690465,0.5696722538446444
20201001,0.7348301878642357,1.9364805551219788,1.1493989912646438,2.073353675638164,2.5706187731697145,0.9456658784741395
20201002,-0.7528631097687264,-0.7374756025828337,-0.46497709381772634,-0.7288233142849933,-1.1119873339871502,-1.2742163534500346
20201005,0.13421391438339528,0.04403777470814297,0.6084062635347146,0.5858917026339666,0.7818405083135425,1.2053051713718084
20201006,1.0586049148563192,0.9435018704198673,1.335037717086768,0.5285802025659444,1.3907227226201828,0.297678308433669
20201007,0.6328150696644093,-0.06187141709163773,0.9519153040309971,-0.007635639305986314,0.2140027609852044,0.14331851456157524
20201008,0.4400264965258453,0.015452269032850723,0.4657673236806793,0.5681349537641052,0.8769321774835652,0.6811056228633421
20201009,0.5376693291807556,0.7756443159880431,0.16096253460826065,-0.1565045822532693,0.6043400871528498,0.3125440819102121
20201012,0.425488009075668,0.2863661069585067,0.33744103835799055,0.3539062280710759,1.0894801244161938,0.6697649926080655
20201013,0.4720418304322873,0.08023438265238912,0.7302580354436968,0.3845125657668658,0.6615021516435278,0.7917005492857552
20201014,0.6802345745191282,-0.188280306773134,0.7925650344093895,0.6528463014667482,1.497503182431755,1.8170881688522544
20201015,0.4674657977884432,0.4564323858880264,0.23552500334164717,-1.123225657507281,-1.9994320456242918,-1.5010976217085112
20201016,-0.4970761901845544,0.4369147033188003,0.4638484879255932,-0.38172769759386643,0.8623018858747021,0.617717898093831
20201019,0.3286789662310876,0.007117839108705061,0.22172589442013088,0.28548322864587294,1.054181169278117,0.6526840747330844
20201020,-1.351000396662994,-0.47857046804090503,-0.8540625988568695,-0.8120104530701479,-0.2766324336333971,0.13704434098375634
20201021,-0.07072428316322607,-0.25483443949942247,-0.39852575110494515,-0.1793212544686541,0.12071401093025416,1.5095435212068717
20201022,-0.2426163346985589,0.13652106320949303,-0.3961190201259264,0.3632517265921677,-0.8543903435332314,0.1937852947825077
20201023,-1.142538037571948,0.2702919892038072,-0.15903605099396803,0.32154217981937344,0.9751539643523895,-0.5374544968455843
20201026,-0.16555576597036428,-0.0380643727580803,1.2099839949882554,0.619823160190437,0.6567010430002318,0.3380119443844106
20201027,0.2381935841812398,-0.11117357730403597,-0.32345574905132213,-0.4176628057324961,-0.1745794047613161,-0.24523682801369223
20201028,0.0,0.0,0.0,0.0,0.0,0.0
20201030,0.0,0.0,0.0,0.0,0.0,0.0
20201102,-0.04539448036816204,0.3445456229250948,-0.6500314066154448,-0.3060464349383749,0.04896981018462361,-0.3287404086834734
20201103,-0.07523331581723687,0.40436685643047665,1.374456878339833,0.7271869925795692,0.8061797951403195,1.6659058126019088
20201104,-0.013949133804198223,-0.6161820528435452,0.17408794196797708,-0.7961550241798956,-1.9496454037321802,-1.380298495631208
20201105,0.060391176627737984,0.7413125647048276,-0.09884123347654121,3.4979027313887223,2.8597968044193602,2.5580007223056547
20201106,0.4795062278907175,-0.31187559323635383,0.9820440963565775,1.2871383262537097,1.9474128562952138,1.7183531571864
20201109,0.38321715968745235,0.32248775010369735,-0.23051219530012199,0.3796599141743161,0.2845578923290842,0.1559412841443793
20201110,-0.7984825419492785,0.9158137678956506,0.318029057191302,2.160961226243004,2.0993663876282467,1.2251578633674118
20201111,0.34624401787169,-0.04221584570627757,-0.4242565415774545,0.7262836634130435,1.360603750803776,0.021990805374770384
20201112,0.38689814384801924,-0.6975257995519284,-0.5164588035169756,-1.0351290653251715,-0.9846641094056207,-0.2520184048659501
20201113,-0.593036441352175,-0.03221173620843449,0.4019734346760048,-0.1888775621397144,0.1452531383400411,0.7983415721224841
20201116,0.526423015988409,0.2947825743220664,0.5342560022400313,0.5077710445333389,0.8562536218968057,1.055580401979974
20201117,-0.5301586856618724,0.46185310358337806,1.1455328549468187,0.8973317311059804,0.13107369703001573,1.0747180265341447
20201118,0.935759598647474,0.3877888659413348,0.2663227243136706,0.3263397786207798,0.9464636348026131,-0.1838588557746836
20201119,-0.4566091624037657,0.7113225141679336,1.3457873349507083,0.515348753467853,0.6813167995599331,2.361552552325789
20201120,0.13873769454322843,0.16491859094833808,0.2973230592848635,-0.4427478119311006,-0.40980524571482296,-0.11951842441808923
20201123,2.0123210353868908,0.6438768062743948,1.2779258189276712,1.1030165709664081,1.9995816961149853,2.6659236480562107
20201124,-0.32958724434598763,0.68136244362851,1.7546862311790725,0.6931639204269552,0.9108039904553573,1.7055038982991253
20201125,0.6580987284160451,0.1339817719379038,-0.38750177955363646,-0.599765636194941,-0.27861705736431364,-0.23302418835079458
20201126,2.5808929901548243,1.4390850112499685,1.409667086980027,1.2500407300557097,1.7948507585910303,1.508221064673413
20201127,0.8222709025409005,0.623960602607075,0.6222912312981438,0.08689749814294034,0.5534191333308017,2.9363658872976144
20201130,-1.181886417285947,-1.0476485833735016,-1.2224337804641583,-2.93469566500131,-3.559144349085271,-1.7209574993465
20201201,1.015731782853863,1.2367209666438543,0.6153084662626,1.9292425362452685,2.517617593190212,1.566413354346834
20201202,1.3652359560990999,1.4692650779435,1.5092642798908116,1.224342081093616,2.6603255209992938,1.9650428377339897
20201203,0.14216855398013026,0.298424284365023,-0.034180516460327735,0.22587488053292154,-0.007709222051475758,0.14249286809569886
20201204,0.5118422476603554,0.24888477433983205,0.8617072753607609,-0.495087517301119,0.1905671180124778,0.613957055856213
20201207,3.8072389660693386,2.894041225309146,1.7253505307492427,1.501510248103052,2.5912763659241818,3.3693606280676835
20201208,4.084016646169165,1.2086163726022905,0.470626860962296,0.020275385589134803,0.010491307953198126,0.5400402927446206
20201210,0.7945136491929258,-0.35025088988824254,-0.4444923497129334,-0.4947258452533165,0.4747384986249179,1.2231448515253085
20201211,-0.9625846004002434,-0.5784038534316969,0.6514808879129166,0.3252315866027134,-0.36858952988194627,0.0681120240627057
20201214,0.7788417083946249,1.146392992473419,0.4248933614499863,0.964794874714549,1.930563224271999,1.5774915972511225
20201215,0.5268725140665487,0.004403366168912135,0.5022474899962998,-0.21401829800637143,0.28567861819777113,0.2710135172169074
20201216,0.5092988731929694,1.4139493958837754,0.9984999642407998,1.7007137594894635,2.4159777990518294,1.2339324536759317
20201217,0.4350393729485526,0.7742733822038719,0.1911803135447897,-0.660528246743673,0.47948163439183683,1.0344684850126027
20201218,0.7955654980221936,0.3402140595075898,0.6769548475754519,-0.5147225560293185,0.18088638538640303,1.973427889443393
20201221,2.6028264425599605,1.2589817989458738,3.26759895114048,0.6204711539239384,1.425067222647709,2.1747859539154057
20201222,1.4027768625926293,-1.6989954922013484,-1.449115314818882,-1.9074261878864192,-3.3907865748370396,-3.121613496120614
20201223,-1.2199032710776552,0.06206782016399487,-0.3512776764677845,-0.02327430840478276,-0.6823686032791169,0.9900652623840513
20201228,1.1804089983530588,0.5874888845561139,1.2002840230779825,1.10072174340824,2.1013521373632518,0.5270143898338474
20201229,-0.5400898002252867,-0.23473671136520277,0.18189322766878732,-0.822919394103379,-1.14074732203745,-0.5631058375740788
20201230,0.01601733697623062,-1.3754923843911435,-1.7438715797411242,-0.4427286775049598,-1.3374354931080599,-2.054977978876539
20210104,0.8415777071159277,0.9731392756427686,1.525603265721874,1.8376678455887183,2.5443238005630207,2.1613155532611428
20210105,2.300499879630274,0.39027653796300055,0.2618158616132624,0.6786672510412267,0.09183298182107592,0.9063438253167709
20210106,-0.4580489075453123,0.6997913520674115,-0.6220305313129426,-1.564057356495967,-0.9323957413752564,-0.380667104368669
20210107,0.6122797941408843,1.9850646872271245,1.2438455195938223,0.9725829398922019,2.1558451402880605,3.382870713625309
20210108,1.1884733723497931,1.7087448455843885,1.6712980104242166,1.7392147082549496,1.9066806045409512,2.4029993769381637
20210111,1.6611758026928491,1.3904784085604587,1.5943655798434302,2.6460677948199733,1.3162164980906539,1.080183828918177
20210112,0.010861753229415431,0.04243867724922468,-0.08118339645113294,-0.4251248858544412,0.9610506065758889,3.786381676548664
20210113,2.7476654040228574,-0.2359520111690844,1.1850895654072167,0.00763184363975214,1.543747947637354,1.8561982795303558
20210114,-1.0729943095345598,0.05013346862318029,-0.18903965187845123,-0.2526004288310371,0.12551867443221215,0.5249577661198256
20210115,-0.3568030326047681,-0.3684916871921512,-0.4808513156440596,-0.8629511143955125,-1.0620076809441488,-0.9916123852032592
20210118,-0.08622255506780559,-0.7811707921892888,0.883506463538209,1.1045168028994148,-0.49229651457518964,-3.1851608914314227
20210119,-1.738619598527754,-0.44958112420109,-1.9927338045644793,-0.6457323768534363,-1.5521501033469252,-1.8127195037552741
20210120,0.815899114236377,0.7830570333347378,0.6029225715307622,1.0335880722984196,2.8812426835212053,4.2754401636010675
20210121,0.2943230218494923,0.9615704486113615,1.573408108494317,-0.22420469696459427,-0.4000098795447282,-0.7273399238976239
20210122,-1.5141533812508454,-1.6091717171634181,-2.000660743250169,-1.0897651804682904,-2.4498350715443324,-2.8516453292743775
20210125,-0.7649465443171447,-0.7978160080949289,-2.49938043863957,-0.2931170940197857,-1.3438172584988477,-1.6417463744375336
20210126,-1.133355441507486,-1.2565440789068407,-2.484072449736018,-1.592398047153408,-2.1197201783128947,-3.70454488866026
20210127,-1.4844707362984928,-2.11876037592011,-2.5948446776400504,-0.21404808976985995,-0.8252807949148374,-0.35412018537869916
20210128,-2.6727412565618622,-2.1679450843143067,-3.0495182988411313,-1.5782250169230134,-2.899541058576175,-4.0645430487405445
20210129,-0.8947982368054497,-0.457054992075612,-0.8472540465335446,-1.8640830515239186,-2.805490934907685,-0.6534677880248194
20210201,1.8295522534652116,2.2082523207997453,2.3683317725564255,3.044763809357824,3.887647194256094,5.2264797873037585
20210202,0.3893618335003741,-0.15753118023648693,0.5798691982697166,0.43938876010211964,-1.9714031850377203,-2.660489672506955
20210203,0.1886124078956174,0.38550034521808113,1.0208817564655959,0.13151170073995108,0.3942579900749691,2.069661419796523
20210204,-0.04166507699143123,0.5171879609416876,1.1038159960271752,0.35087769272730224,0.8783825906284425,1.5118284995594693
20210205,0.9359953146967094,0.8396390067209374,1.5544340297375783,0.557941563086252,0.8185759626853608,0.47486843923060845
20210208,1.6187764141885497,2.087313005779246,1.6092786099225258,0.04333145609849009,1.623661294234615,3.436595085346618
20210209,1.089027312495284,-0.3115980304747859,-0.3608575722061896,-0.002863352781026948,-1.5508346230826673,-2.162198063965328
20210210,-0.383333282421777,0.3556385058267805,0.5861257229475724,0.029032602774150765,0.5160178231715193,0.7706687715787449
20210211,1.3563397486661923,0.4630915699802163,0.8942745012094497,0.2754742212415308,0.22126729805797665,0.7958472023042271
20210215,1.364423554476618,0.47439787893987967,1.796150701883497,0.2918938460528963,0.9855900094976185,2.803117644400944
20210216,1.9589853018026873,0.6855239737219104,0.8472233410405192,0.2943148494185408,0.06591870214707965,0.3883921282681745
20210217,-1.2985183726657208,0.7184273808241302,2.910232035568383,-0.61271402881296,-1.9552346635976678,-2.0995972487795402
20210218,0.9311103026149677,-0.01822327431782577,-0.6910897820206272,-0.3875008279966221,-0.4268606731598691,-0.8673946896125291
20210219,-1.2246504693787752,-0.8133963582900525,-0.46960602651502986,0.8195193485081785,0.6459958063969969,-0.26089719332604566
20210222,0.8906707358486976,0.04865852587996549,0.3234693171807826,0.22378988997068472,0.5267668064037309,1.4467395539924355
20210223,-0.6496638672439811,1.9155549829711798,0.16684763908011319,0.5487130776735122,-0.33933475470540614,-0.49446777747204973
20210224,-0.21367925532386542,1.7953088476226917,2.1576351688675333,-0.6506126940892454,-0.40934522697831166,-0.919515846326753
20210225,0.6548842792315184,0.7087321128694275,4.806083484047705,0.2383821543206875,0.42192350493628955,2.031680914576139
20210226,-1.2623357605003116,-0.20350340416999693,0.3281555996059127,-0.07729439149991058,-2.043430534563581,-1.6650256227882632
20210301,-0.16261182805675378,0.8907950508881247,5.83908733961381,1.2048592474829847,2.525614293995164,1.3860030415126627
20210302,-0.7711048807105675,0.1353981103522367,4.7855169910855375,0.5110310606680488,-0.1229569082385679,-0.875746487222278
20210303,-0.32604109467978837,0.07346712488422759,6.3830275942049655,0.1420480337841281,-0.00408129540415867,-0.38969840007795686
20210304,-1.138852623952244,-0.5841215034912574,0.5729075826426033,-1.5944234586009267,-1.2503320044218476,-2.423681339384504
20210305,-1.3030306388592405,0.31400248281613125,1.4077778962011809,-0.5667326758116762,-1.430157616534927,-2.3941510970230935
20210308,-0.9363676184682708,2.3362589378384877,-0.573155217010958,-0.4347970729424176,0.1485754386409391,0.2051860703349014
20210309,-1.4188255360122246,-0.0052960245113245034,-0.7119225419190374,-1.1091539694268726,-0.9821516054960807,-0.6419000164147554
20210310,0.7205362746801416,0.2083299553938995,-0.5068506508074212,1.5445463065674223,0.18775904814368563,-0.3079090997508782
20210312,0.7044480154546753,0.5472335738478438,0.22928684117527773,1.2417938538408542,2.2029199706629297,2.64890461949237
20210315,0.7154017060042708,1.428782498098512,-0.03893834291778331,-0.9640489511057535,-0.10353815773648253,-0.1201630866543107
20210316,0.17038504158891613,0.0850856476013401,-0.8240067944535377,0.07848847471692595,-0.5083158888774966,0.08031204182188256
20210317,0.0668314242662594,0.9193667025497599,-0.5148320022305365,-0.5332015441783786,-0.3467622362324796,-0.28754054158681086
20210318,-0.054650354970796323,0.5232453606679827,-0.7031928525205473,1.1799606668579699,1.738485194610363,1.4608936302555826
20210319,-0.8186142931880547,-1.2084350941195456,-1.5048936435292137,0.5805481359205202,0.12762442923894962,-1.5554833938420658
20210322,-0.18041049963822736,-0.4128177964886277,-0.7540763280116872,-0.9890350955255537,-1.1789187605804008,-0.04181568195515501
20210323,-0.6886753895777097,-1.5116488750815182,-1.5773616865623927,-0.6267221349306252,-0.45939170618945513,-1.924698307624188
20210324,-1.228305922708467,-1.0777728884026627,-1.0436389040129164,-1.1788911682127328,-1.6824742181826582,-2.0376350058505666
20210325,-1.0372785450766606,-1.4265745172240143,-2.284323889004733,-0.38730615857775225,-0.18401530160488544,-1.2649346851984398
20210326,1.7002849376897347,2.0686058473373805,-0.207496900892418,0.9791443279252847,1.6676802129184536,1.8887621405621144
20210329,-0.0015981010062677049,-0.8160456314988253,-1.140692481554641,-0.0469474040888205,-0.8947472523570998,-1.3409498227683274
20210330,-0.2691254923725744,-0.5341602625259465,-1.663098628095257,-1.257444329739309,-1.72253153254134,-2.936671055063058
20210331,-1.1130912586595474,-0.49547823385177353,-2.223986868140156,-1.1904258864537225,-1.4895639774253135,-2.5903144200013486
20210401,0.3651955407686378,1.5718337382801162,-0.5587949125829363,-0.02420101261368795,1.1718282991890796,1.320613616656321
20210405,0.3089696048335495,1.3217762324975548,-1.1287303059461775,-0.9640066769657544,-0.34699439517341035,-1.2386600214945769
20210406,1.6862879052760114,2.3400456873545,-0.2145062231328266,0.40933524499121865,1.1852033518091938,1.4687355933716533
20210407,1.044202517760953,2.1894464959402957,3.633542112763524,0.5844295375853709,0.234788963490029,0.08241740226806603
20210408,1.0479933915665458,0.6601426553218023,3.801064595994303,0.5194536935523085,0.530671718018458,2.46258794489135
20210409,0.04949758993052122,1.177414804537099,0.9759214153286825,-0.1472830171987508,0.23914138399139176,-1.6222456422115734
20210412,-0.39590403271698726,-1.4445074778578388,-1.4503967842992875,-1.6196775138423352,-3.035758418238089,-3.588257567615253
20210413,-0.7023919249653882,1.117037958472117,-2.2418276349980415,-0.6811614311624291,0.11564995039434339,-0.08058967512927304
20210414,0.6068529012331331,1.8327144368018793,-0.5899484361055555,2.3887243167674166,1.4706096021665314,1.6257069386599314
20210415,1.0926918331831772,1.4993168277240818,0.20830714014406737,0.8116272098105335,-0.3207392099236769,-0.9071361853718655
20210416,-0.35318629038123817,1.869935740350296,-0.2344125903472482,-0.14049338048333207,0.21185453503211604,1.342189497220634
20210419,0.4529196219159107,0.3428673815746663,0.07607619626983998,-0.6585644806481855,-0.5341897392208824,0.6482432196501834
20210420,1.1239347797042807,0.20193826094664527,0.3981367419267281,-0.4767749583631033,0.37207502383640056,-0.47529018565517267
20210421,0.2135901547210383,-0.05073592017704447,-0.3815624556318272,-1.0284884657806515,-0.44452057120974087,-0.6614541427536359
20210422,-1.289978985415695,1.5589663161306924,-0.4408286418368888,0.10692462991801349,0.0254813662293678,-0.0797484329492001
20210423,-0.664546107876858,-0.2014100141237616,-0.6493739169556021,0.5838194446946037,0.5623876447457321,-0.323763962609552
20210426,-1.4828527480398552,-0.6091452494596601,-0.8152836752824706,-1.1307411777391951,-0.4081892331408557,-0.3823896215552551
20210427,-0.9995628658899821,0.8913013099642564,-0.07017011441981827,0.07859171209668056,-0.38585155735812876,-0.3588802646888837
20210428,0.856235860177515,0.9092974812259553,0.6916264005159435,0.09818975535764249,0.6096288489761976,-0.49183227735011004
20210429,0.7159764156914366,1.134774973175145,2.724078659421896,0.5518306502165332,0.7355503794978827,0.9366167783705541
20210430,0.06105916419307518,0.02919696730862944,0.5766547746890212,-0.2462065760833411,0.024047993024882388,-0.4540785199267594
20210503,0.2591192701186906,-1.3842483676099413,1.0081942202597132,-0.7328572493849262,-0.7600975656903473,-0.64740018243325
20210504,2.012863750522252,0.02368165330854151,1.8533599757774029,-0.04571865167621776,0.7357087892762787,0.069872323544235
20210505,0.9055938829952032,-0.3239180034066657,-0.8544774571972262,-0.013658598593383406,0.4272553448408151,1.249995919629346
20210506,0.21058445184164448,-0.4549119193725079,-0.17444349163552597,-0.16444897456546523,-0.3076502600682225,1.2669434904193941
20210507,0.02621309712173973,0.7181429924555411,0.9967881851006811,-0.5605713987786625,-0.9873665667248643,-2.121875518235043
20210510,-0.042441520674156914,1.5628910700482308,1.8648168697807759,0.5144186220762506,1.3719175613584584,1.401282284516722
20210511,-1.1664204624808752,-1.0036284397699486,-0.3287326877150818,-0.5116539888396292,-0.9292954756801707,-0.6617333814623206
20210517,-2.805510864815286,-0.8966267483595886,-2.6696717719205094,-1.3310566149290644,-1.9406739412243392,-4.446781768893454
20210518,0.7879246403179515,1.8008025273635426,0.37169786472144206,-0.30810009278253847,0.6118853081263396,-1.0732784662009913
20210519,3.809268889892218,-0.3879705733818216,-0.5123147482779575,-1.0629242837523718,-1.8950616761755832,-2.5661087099943547
20210520,2.703039304233151,0.20853129243654325,-0.13706411485898354,1.0988470188891066,0.13835607283556223,-0.06535581164125813
20210521,2.0524957787403766,1.0608486604249467,1.1042978929852831,-0.39957478951870123,-0.6167401317947019,-1.7763911535223036
20210524,0.5323965549325613,0.18462961163352487,-0.18012584728276526,0.29971354470834666,-1.0644231183108337,-2.1916447240856325
20210525,1.4906488658334494,0.39212264985446094,-0.7595913696396127,0.6961627701020063,1.3313429910788181,2.2125567038801983
20210527,2.0795348667324163,-0.2906268250419933,2.067691666742022,0.4757831691929693,0.30013040238563893,0.25707120630353364
20210528,0.6038971108529635,-0.5551574417981112,1.2095071166432747,0.09438259503029768,0.3634138648173634,-0.31991445723540357
20210531,2.0119374672119905,0.9721681362708826,2.9109992435446976,1.855989602632461,1.7193669620118943,1.1684043326632108
20210602,0.7085175865504811,1.2135407502696076,1.7046452806419914,0.7178209520407545,2.5469972204423055,2.4083795836383115
20210603,4.585994988433502,0.03531875235369422,0.9849846051638559,1.09200607003274,0.5817186823694753,0.32423920439838677
20210604,2.572711697464096,0.4890808959201334,1.5725863857261262,-0.49932850091425446,-1.35858649051853,1.2649388185731545
20210607,-1.5095855356803898,1.1139300080026975,1.32027067028121,-0.10465914124372329,-0.4224919294028207,0.13441810920639877
20210608,-2.593188405431261,1.5544619317637418,-1.4022762522133996,-1.3012514293100832,-1.1019254372567264,-0.773271056451866
20210609,0.1548795719662284,2.0186565089379176,0.9496000630324549,1.069664852225427,1.1267521468603392,0.7761708506420377
20210610,-0.07998985585286889,2.0681491703089914,2.635358709205112,1.0075350818938007,0.4262191892550342,0.8303429248143389
20210611,-0.8551828903590523,1.665565560155262,-0.11784478147633369,-0.6420048318404462,0.4212195203690484,-0.8517019357438389
20210614,-0.8643338280325985,-0.6355403945828915,-1.1019546711920771,-0.43612716518712885,-0.5975517732032204,-0.9225135397289148
20210615,-0.034318901112254455,-0.9733691976884525,-1.5812197360536875,0.608841738935385,-0.4652217819003888,-1.4630409810534122
20210616,-0.0053943748250258865,2.0054720749354997,-1.4557256579897215,-0.953967099894165,0.10713137521275373,0.4378757215439022
20210617,1.22992320487413,-1.1654987764740177,-1.259564849055814,0.06210692991254199,-0.6862698794872516,-0.8979026406738387
20210618,-0.057617690845926196,-0.3259533897017434,-1.5180472091269117,-0.7373376904118136,-1.3148846649575647,-1.8098903256761858
20210621,0.9345704313554963,1.088332362308597,-1.1115994618032472,0.10027670548704525,-0.8299543727374856,-1.532008362940655
20210622,1.5977122604086607,-0.003943082034823561,2.2080299239017194,1.5953915598842245,1.44513065648155,2.681027568040529
20210623,0.2278433312557629,0.2689331282965462,0.6015812631719969,-0.9555514430549698,-1.2423773102259297,-1.1561448171402422
20210624,1.5298661402947242,-0.261658427294229,-0.10845088081933438,-0.32392089009455843,-0.3257757732046244,-0.9883861008584862
20210625,0.8821887159269644,0.17868928860260763,-0.19990409012594473,0.12345673977098971,0.22466556469087406,2.4951652166460114
20210628,-0.05752368235715197,-0.6170639283674716,-2.0168702995737364,-1.343584294248936,-1.9962473898728184,1.128104805426729
20210629,-1.20323842611016,-1.0937968543098677,-0.22647326749685523,0.20102314581543837,0.9307880290219952,-0.8296036752485488
20210630,0.7226934459189837,-0.2703434814877051,0.5439931724975319,0.11615028356025199,1.4317435839142403,1.7056656639912557
20210701,-0.09699175521570527,0.46913610461997957,0.9303505683208017,0.25485649597256826,0.510139069667464,-0.9314589387638504
20210702,0.3437973487745596,0.4582640838110566,0.18665921637884855,-0.03637441545912148,0.516147340216116,0.7921730174167483
20210705,0.5098534094412285,-0.08865874433082194,0.11339669876305308,-0.054339491103973375,-1.300086866788253,-0.030064758499408054
20210706,-0.754213826493981,-0.08125655819808679,-0.05856836704786621,0.7168972860310376,0.7157875920333575,1.6746958102247733
20210707,0.9794948441298625,-0.18371503321575652,0.6845688740726986,-0.2508897303943685,-0.09966832738469476,1.1173295613994068
20210708,2.0594230933684026,-0.07609961255416321,0.17445253114947684,-0.1729095741372975,0.0591115887126538,0.08638926241877984
20210709,-1.140638371993128,-0.8204218290467848,-0.339242242050147,0.06193356408311052,-0.017979104743406204,-0.2287100946704858
20210712,-0.7116652754996096,0.8586157583454818,-0.34541016066980035,0.7642475759890809,0.3983692813808769,0.29552012543830003
20210713,-0.9699511740308783,-0.29041056616977295,-0.4067621914100903,-1.1488368414943606,-1.2572877929783983,-2.069223762074274
20210714,0.8324776453545452,-0.11487268793823242,-0.5262450692592461,-0.2559876882133124,-1.059240358368796,-1.2642174264629331
20210715,1.122707469463666,0.5253653121475866,0.5032314602531236,1.2599175496229216,1.2891992319302688,0.4242267631387907
20210716,0.8820245506157592,0.19413563199964498,0.9327449957701769,0.37746357848973033,0.9048692251434111,0.19653858003232474
20210719,0.4021262605407114,-0.5625478566385851,-0.5568501914080186,-1.1198922965402913,-0.4188951109678622,-0.8176007710028547
20210721,0.18362128609146108,1.42810707765882,0.6258905622430929,-0.23362046444687073,0.7634061861207182,1.075950536501072
20210722,0.8299983888602693,0.2692315136252761,0.37951205057007265,1.7423181206147442,2.145772537203158,0.6730486450643286
20210723,0.19567606097423096,0.10712123825249827,0.9353633427616594,-1.0040224159836548,-0.25437088546856546,-0.09762481574675691
20210726,1.258776221451499,0.3522053611203052,1.4119750266842477,0.47496475304304897,-1.1015732813294719,0.7925859944998495
20210727,0.237669572309591,1.288285295666242,0.41578092828360613,-0.14917386133706875,-0.13831512909820284,-0.4547606097227324
20210728,0.5044011889468961,0.7668347008135192,-0.1366275062893893,-0.07041332393881666,-0.23253968248073176,0.6173215090061949
20210729,-0.6882280227126114,1.2789582666453188,1.8292692909037462,0.6459929019360844,-0.08729594425094901,0.6360900808263432
20210730,-0.538423929168276,0.7868826756095743,-0.365907359798192,-0.8834832958869292,-1.2014461046226133,-0.39247429563168584
20210802,-0.07105515555128222,0.8716415046461737,0.7334831199190293,0.42110394175441457,0.30439317781022324,2.421269077187382
20210803,0.16748623827846768,1.1511014461723736,0.7374617719584197,0.5538425329285908,0.5480277608814585,1.2308803183864232
20210804,0.5141215731213791,0.4131555115384157,1.0678586913691945,0.2549605591664002,0.8079633966222081,1.3282687306854
20210805,0.529476697163694,-0.06666698377554152,1.246950815420454,0.9193019457312765,0.799922922915011,0.6172813837813843
20210806,0.8111703265615833,0.4120867996500503,1.2676889374088138,-0.8351322267383428,0.1173834447198521,0.9937164281933389
20210809,0.17403267773783906,1.6316198372868858,1.0259619029828102,-1.4745682268089766,-1.5266190486926428,-0.8863797514027191
20210810,0.30398786574760034,0.4676218272852055,1.0619867993018077,-0.5093886862508509,-0.3729580614288235,-0.8646417211298292
20210812,0.5192784203497937,0.870333276749635,1.6773309784732422,1.0171147859811034,1.8914610349939802,-0.016153969587632027
20210813,-0.452729937708292,-0.16517506875841162,0.8146178786816459,0.474635290658267,0.15778153180269788,-1.8167927288741632
20210816,0.030167344491812364,0.5801484315341603,-1.3686258156378368,-0.6078969632271001,-0.5778716850036572,-1.2925267471341197
20210818,1.2274482256456931,-0.10529739165425632,-1.1758785790226653,1.3199739359469842,0.07573321437289716,-0.6823994029327983
20210819,-1.2599193241175912,-0.39001540484931735,-1.5052387201751996,-2.0280679884426047,-2.680218707604827,-2.4011194187173475
20210820,1.095531339193387,0.07962377081019546,1.1656794935008272,0.8780822096083581,0.44899865157412255,0.9967636426638149
20210823,-0.04468670174138189,-0.15522187739832907,1.6886139079980773,0.9068585689025342,1.9409631272889638,2.9150005899732996
20210824,-0.9537173033051849,-0.5061926456054646,-0.07312181941925061,-0.5409746675996989,-0.6598269947225488,0.17928332919620082
20210825,0.26689825500245723,0.7628087191395849,0.846059202518328,0.15425278710725895,0.556358145957391,-0.04800969038325631
20210826,-0.4335547675827071,-0.08029173594105207,-0.16149392498707774,-1.1251899634272005,-1.1067491160448346,-1.3120394247165164
20210827,-0.31326194385624473,0.132269660749435,-0.08004934092053913,-0.41180545517849737,-0.48006404387932433,-0.44949388526135375
20210830,0.6730371565626723,1.3906274009807271,0.4322629430442904,1.7343632822416764,2.436423671649742,0.6627673558308649
20210831,-0.14613222132040776,0.18029946652732856,0.8912909754449589,-0.6720982320017211,0.5033188615172172,0.5872247282899491
20210901,-0.6324972052096653,0.5809806396429423,-0.6190935719299012,-1.0511448850257583,-0.4885478878152996,-0.41403569183072075
20210902,-1.2357479164575231,0.6007173095880306,-0.7415127677471555,-0.3086222809348598,0.2681278420064686,-0.4695002182154738
20210903,0.14956052802438513,-0.09746109959151397,-0.2926604840865299,0.8576126467119096,1.1636333674136512,-0.0698421946176803
20210906,0.11412238194878799,1.7656004644223795,0.8140256526701093,-0.26301986180010856,0.7866173961050531,1.2220685801622686
20210907,0.7576317758331265,-0.0691058192691778,-0.18036807260698667,-0.016744200574980994,-0.10050210641815076,-0.2044169833384427
20210908,-0.36307812680621643,-0.40527033042638116,-0.6587182687664414,-1.0304633706700481,-1.1996196899447942,-1.3459299125541575
20210909,0.011233861664626373,-0.26693544415491666,-0.5829650739297919,0.703725883706422,1.3051641028523373,-0.6980801760193746
20210910,-0.06491679626446621,-0.2868037687483918,0.3308344863081043,0.6373669821517408,-0.1969049239636529,0.6922349591041963
20210913,0.6017020941522608,0.019141041552097,1.0892039157569942,-0.3048870987993564,0.027377772268067507,-0.042905926778287605
20210914,0.9785358891399991,0.4594630917474885,1.7900887658233018,0.5806344844768202,0.6388791362664634,0.7317067464717982
20210915,0.15035040191572696,0.040374862687377236,0.7489985700565489,-0.40700454909683914,-0.23900610594198335,-0.159948207493361
20210916,-0.06710343212714674,0.42184456387049607,-0.48953469825315815,0.01292997344707503,-0.08780883750742048,0.821306204325254
20210917,-0.32860338748462636,-0.03159948428937834,-0.4059107892917767,0.7673979599095245,-0.728206649998468,-0.4069468515353765
20210920,-0.046794254870191794,-0.3517792866256653,-0.8502850101628484,-0.5336093098344786,-1.1539034853770023,-1.035315647108108
20210921,0.7238494853313644,0.3832497212658745,-0.9602217938070559,-0.4527968236100947,-0.2967972944236398,-0.3722105713568966
20210922,-0.074622362148091,-0.23562559454712598,0.44249455846195995,0.855375934754272,0.9861227596210079,0.6908825312468423
20210923,0.3535099541152319,0.12169624588692725,-0.2551387890596024,0.6668711031387903,-0.01556703950655752,-0.717741866229514
20210924,0.2284959146484003,-0.036340256057861814,0.9325190730183607,-0.10256609329388164,-0.13287920646902124,-0.5377883343604567
20210927,1.1599065389191663,0.9308766242474824,-0.2435450693036266,-0.5143511830969975,-0.22184769919061986,-0.08575337028357793
20210928,1.341907386078687,-0.5204511903712625,-1.1071154411660094,-0.7044103024318836,0.6512935502001804,0.20859379501067526
20210929,-0.9627343307536037,0.55313442298282,0.2751821688221645,0.6257640908933635,1.8738065786239322,0.08255182097805648
20210930,1.4322651225434222,0.7354938402606825,0.5160847641452366,2.6739841531514053,1.886278297100283,0.08117071320397388
20211001,0.9015035674674771,0.020687418736484015,-0.11086416859028804,-1.5365960448689269,-0.25252481416644096,1.115472119071634
20211004,1.624267465574024,-0.4141095375397948,1.423362027018136,1.284846768153786,3.570911415746166,1.7672810009865214
20211005,-0.9477531055833902,-1.1259242344420317,-0.8208580836431818,-0.6744729886727265,-1.091948759050364,-0.024666117557034895
20211006,1.0346515255223536,-0.29102755567995375,0.7664844689111927,2.3269192815640656,2.0987534013530706,0.7552536390122161
20211007,-0.8777514051253994,-0.4869584954748452,-0.6461968521336207,0.4056333474192964,-1.0144786656072438,0.08136058625253315
20211008,0.3003262806760392,0.35406094733216903,1.2728375388648347,0.7855150306809083,1.8662136567100747,1.1877039111334784
20211011,0.42916671753318175,0.25679511130525345,-0.09000304487905522,-0.5026396219727935,0.2164667541301855,0.24566949362704077
20211012,-0.4140788227922255,0.34753866980421305,-0.47861499198151886,0.3775031243333866,0.8653939288551867,-0.1317438360093116
20211013,0.11797461304295269,-0.4002072228772088,-0.3953021737246282,0.9125262135294061,0.9882726447073856,-0.42558393538478323
20211014,-0.20350396066385884,-0.10904162469821466,1.434398768342875,1.6762881419250322,0.6665153032726676,0.5209574363071295
20211015,0.4326522011189716,-0.29590294691231367,0.49723811826773373,0.08158270260995343,0.1384084054304103,1.4475294420125824
20211018,1.4061753493789535,0.9676854685933554,0.3618887599599307,-0.04141225411016951,1.0916506169795757,1.4803574555916112
20211019,0.48348956598102644,0.8853198205288536,0.9339465144096875,-0.12173288194306131,-0.28251101720921407,0.09778576369055608
20211021,-1.0025879966833358,0.30750226645377915,-0.3694169119574446,0.13068394989819912,-1.6422336016186085,-0.5032902295288525
20211022,0.28253271860334744,0.876745610175955,0.4501022838390714,0.27774621116098797,-0.08477129708217566,0.6414039305128968
20211025,-0.3657082280463358,-0.15050473947876197,1.4665230546991574,-0.5039921630106707,-0.5356801566760976,0.6471310364583984
20211026,0.9765406151145812,-0.24417753739004153,-0.44408704548792616,0.6426598855188578,0.5174439206092232,0.858685363839706
20211027,0.0015576225003334958,0.1915759559019047,0.011969643662842795,-0.8826878199088584,-0.9713452031398416,-1.1529539604742773
20211028,-0.2309029195842328,-0.855079881890584,-1.3355224977215874,-0.9672665460092335,-1.863688558661105,-2.5443432658641694
20211029,0.8594640231773825,2.046324133591754,0.8340538057513774,1.0239474470721663,1.2837592867575465,0.5067267960565278
20211101,-0.6066553751676176,0.489159058229012,1.2196917167572892,-0.9614622619986276,-0.1070759374461073,0.11174094518708082
20211102,-0.28427534766182194,-0.4967844573374701,-1.0174653644481955,-0.7688512380053775,-1.4793639064123885,-0.9772283391911588
20211103,0.34941964650623947,0.39393506571836906,0.7950836207240273,0.7119272809578653,0.9403244436780906,0.4570405068857207
20211104,-0.19868505557121643,0.2144853283656255,2.3350038355617224,0.31047700276969786,0.6294055526929617,0.9723352269906064
20211105,0.24598267611084662,1.0034039421548608,0.19835481782211278,0.268538297996371,-0.463622732798159,-0.2569072306668707
20211108,0.3459800037830717,0.23405346310470054,2.0616374348589632,0.6197481004664771,0.4889854848488929,2.3527468696099936
20211109,0.5777451997923897,-0.07001251754353892,1.2632044217680862,0.8504759322034627,-0.21433754951965672,2.0924148407838605
20211110,0.3853384459489988,0.8695661361191512,0.6830598932347598,-0.3090455195919698,0.9855854288240956,2.0826829291431874
20211111,-0.28238588849436697,-0.2137936032813508,1.360806202381477,0.08627609149397113,0.34936572537019706,0.20761876433265572
20211112,-0.017386992320483786,-0.1298485379467171,-0.24340843280004207,-0.9411619058754279,-0.4306574693958386,0.0050158073982646744
20211115,-0.4505994079419783,0.17033625930882576,-0.686426989582963,-0.6023188662549116,-0.6606089621034705,-0.12837523550722071
20211116,-0.03926532554042482,-0.41176396661840714,0.861443883210853,0.5453164033687652,0.8750547332202168,0.7727982320218858
20211117,0.08481004085350326,0.12703279376221882,-0.1237225160490002,0.27238415252891973,0.6219695345221445,-0.028239430071287437
20211118,-0.06694963880602839,0.6018828883643894,0.33138020394236095,-0.7836759481134532,-0.43560371483427707,0.3078676150908821
20211119,1.2297281723076414,0.407537514525972,0.8770983770284211,1.599237615035205,0.8636782077984165,0.6304081240514148
20211122,-0.5637776237159802,-0.5160039088993589,-0.31478377788397105,0.10181544069559742,0.2614924442207163,-0.16281449846184826
20211123,-0.2910456029463121,0.24986274716758491,-0.8599953208131955,-0.5590407806210428,-0.5581006173671436,-0.5096672229021051
20211124,0.1834391360980345,-0.16218178620224116,0.6859596393805514,0.21684635601529806,-0.01714760255070152,0.36619682053803143
20211125,0.0556074684398256,0.3328070238927077,0.14943575381219631,0.12185352348591297,0.6125644455929111,0.26776593529497306
20211126,-0.6994838100840902,-1.8181433481988627,-1.5973574543267433,-1.6056012023694581,-3.00402679083984,-2.514135627796557
20211129,-0.20003275318791688,-0.06057541340053754,0.10524245564087031,1.0453637013077892,0.22694984655889178,-0.032060785458818124
20211130,-1.1680200452535892,0.13395332005378344,0.6155712853729843,-1.0329270803145894,-1.7042396800442752,-0.10435107033877475
20211201,-0.903403494560946,-1.1418005376206595,-0.7381054460048619,-0.23736805962355795,-0.4698649054003794,-0.20557362540079438
20211202,-0.5590841473708679,0.935131378200547,0.7297217438274048,1.1373133975531318,1.4323190448934053,1.52114967790889
20211203,-0.6357242082163914,-0.011126312164965783,-0.6269463035887048,-1.0365940183480717,-0.062378456736714646,0.5675334346588887
20211206,-1.2243801701524342,-1.2986182334216674,0.10850045649676052,0.23537297157848985,0.13267607274115584,-0.25336462449418523
20211207,0.37897743203050693,0.6504441277095102,0.7665434278634549,0.5081587736517703,1.3612582871259908,1.9527059269769775
20211208,-0.9481060095150222,-0.04904379210397707,0.614886887704511,0.40997870791006813,-0.7904830028526372,1.455766848699443
20211209,-0.2456945235664544,0.3757260434657672,0.9613056037103971,0.29912026127212793,1.4543248192175993,1.6010915453820633
20211210,-0.5859312746157624,0.8050091936919259,0.7587836765507803,0.02495344880289196,-0.28796189496822144,-0.8197631543084474
20211213,-0.06789079937195293,0.5554089969034501,3.0909583793142392,0.03951733448221796,-0.11772528360769739,0.932717753960328
20211214,-0.2137144387372828,-0.6034827280214863,2.1794661419907833,-0.8685402830591696,-0.4879978247203428,-0.06566169252855093
20211215,0.8091385879697993,0.30675608387450587,0.262833130273801,0.28206135241869146,0.44573224238006626,-0.47093740632422737
20211216,-1.3688842270054065,-0.9863050673474187,-0.9367912569844558,-0.316591244444845,-0.8386668880464678,-0.7738548191828587
20211217,0.9216665938753402,-0.5346738277423917,0.1962980624654872,0.27020060318282285,-0.1670880488814868,0.01150823596690092
20211220,1.5371057129427337,-1.187128101502496,-0.520229977342783,-0.45360507096174585,-1.3806452634682969,-0.5670706373575204
20211221,0.0162158291222352,0.5363320899826802,-0.25343282587416593,0.04176183870603986,0.4240600562110032,0.07242223197981933
20211222,-0.106853364289251,0.7078422460064945,0.12993320771135805,-0.30424081242589046,-0.8993034819314818,-0.6058236132922685
20211223,-0.16999577462482082,-0.28070039918204326,-0.518544951900241,0.627481409796784,0.31131670173264137,-0.12558917841820874
20211224,0.5194508200308631,-0.16488309745050614,-0.9157827126264321,-0.10243703446047843,0.40365076705765546,-0.44035275061886897
20211227,0.3636501202355554,0.3382355194061549,0.1374085738104757,0.20509486626340617,0.3882614053845278,0.5774404285353419
20211228,0.2371941605671161,0.6419894218916427,-1.0788870311972822,0.36154930512939276,0.7240772888815152,-0.2936006664774876
20211229,-1.3074097158501274,0.2699765192208708,-0.30417884704374165,-0.2369584498122531,0.4143803647116481,-0.10726364341235045
20211230,0.19208694723913575,-0.20348507859565637,0.11720553402975172,-0.41282054156418013,-0.5077042036697165,-0.5723819275972043
20220103,-0.5389761106761499,0.4838107106039218,0.2886740601858585,1.6477582423660826,0.7041159673035935,1.6681182419442533
20220104,0.3208169814553528,1.5481433627548633,-0.7404512965241942,0.08048812006521573,0.28775715653672584,-0.19371304919423618
20220105,-0.9786614852104328,-0.24244292588465857,-1.2287074900072787,-0.07486949304404043,-1.3880298403251705,-1.4245439025624576
20220106,-0.7063507525565176,-0.4237700041951026,-0.23866049882735632,-0.03877460851936091,-0.2588058574424036,-0.7737258653953946
20220107,-0.16726076817855215,0.18097424820270436,0.07467137428670238,0.8243283538412336,0.8390483893353196,0.27807157892433076
20220110,-0.05642997926077998,-0.41374185983773637,-0.4577795245168952,-0.46086417439447314,-0.3227813871471529,0.35579012644435015
20220111,-0.2636166342501199,-0.5293796729525904,-1.1875798932003139,-0.6946403759430338,-0.8555140252358437,-1.2833177489319643
20220112,-0.8207069198801554,-1.151414824664697,-1.2183026359922464,0.17016815992003848,0.2455136774076281,-1.8204664562943365
20220113,-0.27479133065640443,0.017739965985397066,-0.29873793755732264,0.24604947182895798,0.5853077631260842,0.19624120295090677
20220114,0.060024217582076614,-0.12851311866041026,-0.25646266160242787,0.8937786033134592,0.029589777070287305,-0.22867852252598111
20220117,0.2505937640541778,-0.44599236379318846,-0.43390969047882433,-0.5665286660297608,-0.572002412484879,-0.5987529564923795
20220118,0.4266036181397365,-1.145848836011525,-0.4599469803779405,-0.3904234618466157,-0.7607199709762154,-0.8205334912995785
20220119,0.4462823653917513,-0.3448982497974208,0.32255862671097635,-0.3577140232444688,-0.7350807929960316,0.3473604352171123
20220120,0.5706192199025837,0.6373186466968742,-0.11947893335706045,0.5988709424068074,0.6218098403702755,0.001727554299871268
20220121,-0.5074080908812394,-0.2952666091858749,1.149935826978646,1.789214536454737,1.2851404373839668,0.7063522275405862
20220124,-0.7767725137076933,0.3773946809191885,0.02675525024651373,-1.2514848564790055,-0.6554848011097905,-0.15911916148104985
20220125,-0.5136968789725442,-1.0363504801555703,-1.5539513797814146,-1.1241533661513803,-1.703524424969158,-1.3838163946173667
20220126,-0.3600946144391945,0.41743060823246847,1.3338125823814877,0.168223593752155,0.8204252799384051,0.6077613986553673
20220127,0.6845094705896284,0.19037374202295862,-0.093391252622669,0.12249461196219172,0.1822800479480258,-0.6262003364139413
20220128,-0.3554926985625054,-0.19370184871737875,1.8258492264044028,-0.030692784244850124,1.1678585770421437,0.454956169576135
20220131,-1.078046633420169,1.0539621047457233,0.7195584520775973,-0.5430519460507296,-0.06986820699498243,0.690789133794534
20220202,-0.6112981549858721,0.8001487519245599,1.848921637699707,1.4453147943070515,0.4086928489034242,1.6516633407985537
20220203,0.5285142405987557,0.2032781352581072,-0.23272309183501988,-0.51259990326218,0.11893731507229335,-0.408650648896531
20220204,-0.1878432282526404,-0.2864607711210066,2.2757470186223183,0.9087779598549016,0.4743097620941647,0.2193020612687889
20220207,-0.4875220647552318,0.7850228591900269,0.4709541675709751,1.2363756855095582,1.1728698079571411,1.3154434996525457
20220208,0.8535452527055315,0.028861988484587018,-0.0009772008245309807,-0.4641841099104464,0.25803908987489893,0.4279894571154926
20220209,0.518317600534876,1.1646946635714128,0.5862688881567337,1.024996570592902,0.1279568002344659,-0.12814258946624438
20220210,-0.44728459444429125,-0.2915330940172284,0.16900057407659178,-0.1842977910888867,-0.34410630607859355,1.0123233166029781
20220211,-0.20646578504111956,-0.4240163206657261,1.658841097073573,-0.6523069948354179,0.2268699376272328,-0.6766780248362967
20220214,-1.2041619135089352,-0.5216876591295044,-1.1348821372722369,-1.6016062548755274,-0.569562757592988,-1.0871719724708537
20220215,-0.7415416131742194,0.23511334806373185,1.0463615040111693,1.1484379875018709,1.400665012745724,1.0398145706806754
20220216,0.10660242807650373,0.8054248760843286,0.6930282781175927,0.7709198605701328,0.7208739561016424,1.61921759250814
20220217,0.5114934782106083,0.3627334907224611,-1.4357101936260417,-0.12773795491043516,0.05919345479191134,0.11354967839185884
20220218,0.5102552013322679,0.5307728294073037,-0.7954701827522642,0.8683136021235608,1.0770172856392097,0.9582921455325568
20220221,0.36660318920868146,-0.3120391187247781,-1.1380008803243533,0.37193417448167954,-0.011137029611736264,0.3337211811828551
20220222,-0.4765516155910555,0.47941549833816277,-1.3092672547614472,-0.3418031783590678,-0.5363501994099353,-0.5675046552906678
20220223,0.6768421621162986,-0.6185286005528534,0.1252790674072956,1.0573696184644812,0.7372391889406882,0.13978459258451933
20220224,-2.031382353218966,-1.611329612993798,-2.422026854935962,-1.7671251311405498,-0.35162580955320977,-2.1746539440479586
20220225,-0.10278384187400307,0.1522634175272728,1.798453586286783,1.27322029898064,0.41755134772816055,0.6357348983952337
20220301,0.849655683935332,0.6560891450337092,1.404101725253271,0.5494774247139987,0.05091615064823727,1.263560582360288
20220302,-1.2024781375955076,-0.7957072786933644,-0.07139108076829903,-1.162358184372569,-0.34479043626371736,0.4670685539485242
20220304,0.7405564435893724,-0.49879008878791,0.24849931447160004,0.6599994472801929,1.3618568389820966,1.599348077298067
20220307,0.49031645256364914,-0.2287744848875751,-0.2387349430708276,-1.4423176502361672,0.6930625438163996,-0.9946997418144542
20220308,-0.7062113663214046,-0.6491185010237422,-1.9043489337041937,-0.8589832384238769,-0.42661873403130585,-1.89042231396372
20220309,0.42112980858063953,0.599099534039861,1.516519035112257,0.828166731229273,0.7665583635406027,-0.8304228257052235
20220310,0.047900720822912884,-0.2702411864434882,0.44856587031710005,1.421781333784322,0.33358016982923916,-0.19653383041958197
20220311,1.099427736005213,0.24963901842721933,0.8883281811654131,0.12247855664909457,0.1554522828442868,-0.04522871459584833
20220314,-0.2796071386475631,-0.25986080125509714,0.17042502289349482,0.8429160301720178,-0.7494240137621937,0.9450153693158534
20220315,-0.7294693959391884,-0.5463913392342075,-1.6042863246764443,-0.0905417089884106,-1.2499360393429961,-0.7324754001236456
20220316,0.25728698054371163,0.8320089203907862,0.3372285812786771,1.1108654139293799,1.3576795278565603,0.40216274078078956
20220317,-0.2118780462569414,-0.1945486401717477,1.766579289986863,-0.8514131341153882,0.02127631401728484,1.0133436107802531
20220318,0.15705699148266072,0.3851301583260523,0.22528176938211342,-0.4843343479641206,0.2613030600457383,-0.08821028537249195
20220321,-0.5136966531312982,-0.1948807223733829,0.09111203081703426,0.25758273721528335,0.49866991589689696,-0.31969726580784563
20220322,0.8750774090558453,0.1957552300904828,0.33002517755318483,0.507556141658463,0.964840564827252,1.6287545307109013
20220323,0.852966443708523,0.28605550138087615,0.4967465566818421,-0.36408785531849314,0.46083849740947763,0.48175652766169685
20220324,-0.7140612073301085,0.29698334949056154,0.5679937834069818,0.6487295107722961,1.2751977980375826,-0.2346419595582635
20220325,-0.5452827928964896,-0.6206598285569217,-0.8346032864072443,-0.6677648884848301,-0.9512270922711256,0.03147867075522291
20220328,0.4776216769750149,0.79743702530963,0.259711868419486,0.6086070383432388,1.0365163055462776,0.05625700205811019
20220329,-0.5879747053499684,0.7325111372508858,-0.5979512623342884,-0.5131988965855414,-0.7704496618611884,-0.8199859585128265
20220330,-0.26353645064144576,-0.3934545713624034,-0.4445126523301314,0.8904728737151688,-0.14371546823422637,-0.13394065191509408
20220331,1.328379055888159,0.19282338857301112,1.582878491466962,0.3517118238910369,-0.01454426001588983,0.378983395414856
20220401,-0.015002195497748278,-0.2403299248583663,0.4938762018897409,-0.02338622091824981,0.48256631889935137,0.24379541029038032
20220404,-0.8623174044259332,-0.1619523310125429,0.7949920361521778,0.04126076319192976,0.7658082421265894,1.33073132795237
20220405,-0.29567556777745957,0.6123834230564817,0.32582197414286324,0.2249486359259018,0.7921529752597775,-0.063241715818808
20220406,0.061502777076258536,-0.6676102189844263,-0.6671730756649293,-1.0079579472601468,-0.7351482443837984,1.3655389721286226
20220407,0.7930630923924826,-0.07238081235247038,0.16403132841575285,0.421085075951449,0.059912997818185834,0.01947468311888683
20220408,0.8409710296789675,0.18511461238570706,0.3861516099883193,0.9204566091967504,1.137644685650451,2.996816615154056
20220411,-0.7832471365233015,-0.4364756513360498,0.711728920544101,-1.4294710068355372,-1.3764793109416753,0.4581299728932805
20220412,-0.297903133342936,-0.48495575244996486,-0.5537759901913339,0.4875978018227429,0.393377565924241,-1.4140147195609938
20220413,-0.6320690213303932,0.2562357122886578,0.68342922322108,-0.14432389343072796,1.1475669218631743,1.4832508599990972
20220414,-0.2296867271620811,0.5125463040417636,-0.0542857166067263,-0.8565992383341681,0.11259078586897137,-0.09943461980366358
20220418,2.3974032363768787,0.4306737109223884,-0.28564478808135707,0.1825150874064927,0.6353677170982012,0.9092091361109755
20220419,-1.3843147831243445,-0.6225558657520438,-0.5996273821018826,-0.11723552658507314,-0.7594604379932077,-0.9779850710037619
20220420,-0.8175549389494025,-0.39311848493651275,-1.3511623112347977,1.2377317700577155,0.4438031270608907,-0.017530228872225627
20220421,0.0982019114647825,0.6730365812300505,0.9974375179743872,0.6470265442718085,1.1830698631415315,-0.5582204306333673
20220422,-0.5149940899105584,-0.48416862793184984,0.818323584300203,-0.5247358124560049,-0.5488349284038825,-1.9028029945519835
20220425,-0.5007523381471075,-0.8710608014387977,-1.455151516557396,0.857824136522283,-0.8246151275722526,-1.2282177455308751
20220426,-0.30558536026955335,0.21787012905230907,0.27767100231582814,1.1759075837152573,0.6868665290024702,0.08045930981837557
20220427,0.5062868348207173,-0.012408638076509017,0.851899610684719,0.1476167287083861,-0.053911292041091644,0.32754353626904886
20220428,1.107136480756822,0.74615985381414,1.1644839028468759,-0.2480411011496215,3.4375255369954276,1.2631857902332557
20220509,-0.6750965914053619,0.047143112406317855,2.568995773364589,-4.150633588578966,-3.6392248702448295,-2.236992639379588
20220510,1.2188838307557275,-0.9693402730721856,-0.34581859274674204,-0.6192433707508056,-1.2443006115976707,-2.0981154245208264
20220511,2.500019309530862,0.8118197493549839,0.2963916305670282,1.0388821692636325,0.12004362243799309,0.43891231212861626
20220512,-0.14142650838582155,-1.0210924958850864,-2.0528279524480526,-3.4289752314218642,-2.103546649010884,-2.5995242692910256
20220513,0.46910037347176375,-0.20498462353375982,2.2490814244687303,-0.07968777361138055,1.4329606050235526,1.0224009647648535
20220517,-0.7388032834233734,1.3923322212699845,1.67674237602943,0.4531934735130415,1.1089622261551786,0.725086762602009
20220518,1.4974877891602072,0.15811774411319857,0.49786383187755184,1.076371115574388,0.2533921234202924,2.0575623199162054
20220519,0.2869601584447908,-0.3197661779659829,-0.629386206708694,-0.3132698337815398,-0.6342369139680268,1.5701258471333954
20220520,-0.6203159567443124,0.9500366583491682,1.1490071989213453,0.3455416584952606,1.6659552042376866,1.3896666181615192
20220523,-0.44052652715223306,0.04123025323189366,0.9509113675408227,-0.6767009357256024,-1.1859003621245359,-1.359549143749697
20220524,-0.5599609331382274,0.9122133966255707,3.720502512076423,0.550296773388694,1.1905499691837549,-1.0642609167467072
20220525,-1.439951206701436,0.3557935498509979,0.509232625529574,-0.4381927065541087,-0.6218197466865176,0.13076753396372695
20220527,0.5765456719889359,0.8166107622323218,2.3834049432457345,2.2833202912142645,1.6017513056531922,1.3707765176321787
20220530,-0.24443500521148204,1.195889719113228,1.0195842074728405,0.11074971081119482,0.575714157962769,2.1666647153751857
20220531,0.16524888037297966,0.610934010003108,0.8938526480041172,2.2612592255684385,2.1322536125631752,0.9671535309097093
20220602,0.47331302267808556,1.2597825885195968,0.9387712487035038,-1.424051706414161,-0.8749783442364089,1.1472350394085964
20220603,0.4113377595964831,-0.5443458409441344,-0.002508803642396137,0.1999623179258721,0.33527269776797575,0.4010629840596424
20220606,-0.64479296153808,0.8197602460213012,1.3177055833052538,-0.9259716354747536,-0.1949615128660191,1.494918322891831
20220607,-0.1759059253843401,0.10924584741556485,0.3470766146574465,-0.7845457928700941,0.528168214300535,1.934897148348981
20220608,-0.06800728449126785,-0.5135356381997815,-0.9038626972253734,1.4084140800320328,0.15325632791462918,0.3784059302484065
20220609,-0.3508924148509581,-0.8373734044290091,-1.5703854049543144,-0.3025493745927,-0.27080320411455255,-0.19709647548145776
20220610,-0.6441881562905533,-1.159242144005691,-0.6391234941527705,-0.9262982446322265,-2.106787197372529,-0.1503480051435932
20220613,-0.004557578430266791,-1.483921494256865,-2.9203198833698143,-1.0017420504594172,-2.0249250060997515,-1.2984283868416462
20220614,-0.4861272379696495,0.5437970251678667,0.8248175708425934,0.4166581087303038,0.5287989986134973,0.7122056228797158
20220615,-0.9072249862165519,-0.6453635499601698,-2.0348309686809776,-0.30525136935616265,-1.848312475028305,0.5017903067205824
20220616,0.8437491267830108,1.420638571971044,0.6144775168189688,1.100450356301227,1.1232355057425172,1.537743933792509
20220617,-0.6900704885845259,0.09798691417931309,-0.37753700628662706,-0.9583360515859316,-1.5748226879289549,-1.3958670768365438
20220620,-0.3221725241328797,-0.06200674887632903,-0.6921214953119221,1.0571574898355787,-0.03503364732748953,0.171253153347119
20220621,0.6169461932817348,0.4993307172117233,1.4209686377589925,0.6655673531389115,0.923821121893384,0.17272481253097358
20220622,0.4423413232336801,-0.480788152117448,-1.2244549781813736,-1.1341514339137524,-0.6158000810504966,-1.9108311579213104
20220623,-0.23975924585429761,-0.5662776157766326,-2.127804846877283,0.3909584790162769,-0.13351679242248582,-2.143553217923292
20220624,0.35486776535967485,0.663296351960156,1.1394746480574531,0.3256130203835115,0.2824972639887161,0.4751216050582249
20220627,0.11265748701028098,0.09161620820631655,1.8122875046335825,-0.7284897393889388,-0.41809858658612636,2.61312461660744
20220628,-0.37547043941816244,-0.47274195016970366,0.05983328127388215,0.16433576510295775,-0.127994187946427,-0.9979821004760695
20220629,-0.3286156364649786,-0.8290155259567058,-2.1849327816814488,-0.3684844497833079,-1.4025788485247868,-0.6522428361995811
20220630,0.869190083571455,-0.5854302583219806,-1.575620785351763,-0.38601597684574157,-0.6845782662981327,-1.105890257893869
20220701,-1.3890439725450625,-1.6577431163821301,-1.993118388094918,-0.706076537788136,-1.9312446613594265,-2.954381766177307
20220704,-1.984827828651505,-1.417793240533529,-1.4160965338300575,-1.9808727538926663,-1.595368077368904,-1.9995556394779357
20220705,0.31978107065478073,0.6191884648666675,1.2120310937607615,1.057002737482962,1.5917168498706207,1.9340478433447974
20220706,1.8741406342919,-0.7477199999960805,-0.1657178303066676,0.15411846878384744,-1.3678291137774004,-1.5238843769992194
20220707,-0.14539188883895252,0.7633488230696545,0.8161037807626617,-0.03402194734093247,-0.5714903821952839,0.7073948884507318
20220708,0.47114841402683943,-0.20181023919175842,0.3965851143548994,0.3233211467258709,1.5894721746203024,2.5304998509448917
20220711,-0.3432343745509409,0.1707349767780783,0.7664376394630082,0.29109030106032224,-0.3008507782045609,0.3287691409366519
20220712,0.07054298821821842,0.7330273009934224,0.8526335778154783,0.43651627620655464,0.2150587648897597,0.026564924393822853
20220713,-0.0879157937796996,-0.9569344134026242,-0.07586362163311679,-0.8195270858744161,-1.162533383350438,-1.1627399006509764
20220714,-0.7694435747596963,-0.3316557681960119,-0.31637088393319457,0.4685219908095551,0.84887783612253,-0.43621873380178455
20220715,0.8200233886868808,-0.20092261632533095,0.015537991616439574,0.06672518005278165,-1.008249212562563,-1.367571651860361
20220718,-0.13849327758246516,-0.06708915409876219,0.017145184665608364,0.5445458724412036,0.8960447297103401,0.7073738185345685
20220719,0.6358602495608554,0.09149145111958724,1.0667914468284385,0.6937069966570486,1.098558030506634,1.4589662791410145
20220720,1.6093396025994633,0.9471786234319187,0.7276423834538649,1.3952698333225968,2.955235683555008,0.9858125101805387
20220721,1.3467500875076084,0.47179356101590775,0.5104283533723202,0.37743818143541363,-0.14979139597819097,0.8571857473222179
20220722,1.3537982926643315,0.33024096559742105,0.4870076141419379,-0.04681762958910543,-0.05236991446539356,0.9738837034966175
20220725,0.5050613487228276,-0.10744855405879179,0.7250283830176502,-0.3922649819932708,-0.23937928202753664,-0.5064746866586232
20220726,-0.16673718724280615,0.5820916553446891,-0.148197849983051,-0.16896087732049192,1.109413998284193,0.12301102151456565
20220727,-0.09336106467391247,0.21788214287218602,0.022125168314927092,0.10318768028034327,0.576766425495547,0.44768541775268117
20220728,0.24018360977283887,0.42272591946433724,0.5131067135516137,0.2593179011635189,0.760908430698653,1.2687630630752302
20220729,-0.45827706914904404,-0.020491396192717205,0.5759421121192672,-0.44930864908197765,0.786986022413175,0.6080867323240073
20220801,-1.0370834199746657,-0.32751019689026845,0.4691936965869107,0.7792466136435474,-0.0028032793959497705,0.6252736705430411
20220802,-1.6312488155494596,-0.6271673584034416,0.04156837369153281,0.36463471956470733,0.20679241210344249,-0.61045175020761
20220803,-0.006451448823885178,0.21900131815827759,-0.0026874227409129513,0.49333193353540783,0.8359674562041919,0.36597516360628807
20220804,1.0791211635836158,0.061518030598454586,0.380716732221753,0.7400964827166517,-0.2573320062904872,-0.3121724909199187
20220805,0.7997981334831755,0.2374858137363423,0.704171477486104,0.3929003473912223,-0.12862810341442546,0.23935976356154365
20220808,-0.04845442151699495,0.11143220044903036,-0.09292746599939093,0.20664256213207577,0.5185415314229045,-0.15786942032704931
20220809,0.043918298399234446,-0.2641961140381348,0.2906498861288696,-0.1907753320077154,0.7634788386600598,0.017780519570842018
20220810,-0.7750276427654005,-0.3347136922101869,0.049114333946678364,-0.015028183614692358,-0.37983627186399377,-0.07209591294997936
20220811,0.024314212451498445,0.1444900448768378,1.144329410603618,0.3826017636707485,0.6840157823128636,1.0605644973439103
20220812,-0.28031931052780945,0.14771401303416523,0.606733204989471,-0.7447361496513528,-0.06830199107105984,0.34726878251090215
20220815,-0.09921817113043778,0.10230031683827619,0.056746246323864845,-0.7087881790726067,-0.4250833890357438,-0.6243013474117153
20220816,-0.051156409577808384,-0.18669410320667368,-0.5840179180614141,-0.14918843892493086,-0.21001820920244244,-0.7553748468800959
20220818,0.7142610038318269,0.03347001630322463,-0.12213469285731512,0.3794297083051261,0.4401356089182377,0.34282300248891534
20220819,1.0104674653910055,0.05391846362054417,0.08104146168644295,-0.19297156529743031,-0.2522466893485943,-0.334727030073333
20220822,-1.4719338875287555,-0.6640133267389303,-1.7766909347707864,-0.08947697314184168,-0.9471375524789765,-0.08142884730072585
20220823,1.4461290946880858,0.2067776648314167,0.49005972106692297,0.13351107438265902,1.2166438703546794,1.7797760995969862
20220824,-0.3148919834129753,0.11770493583870575,1.0279953637648973,0.4819108168223601,0.2601892069903661,1.1615327244558846
20220825,0.4619949170341195,0.2590816975251502,0.3165533606820362,-0.41494146209471494,-0.32029003100770753,1.4967993473022767
20220826,-0.23861954033012134,-0.06650641264235603,0.23782357018944564,-0.7396004073180358,-0.19484675686231495,0.007968356670400361
20220829,-0.2846595192290087,-0.32807748180791524,0.2569817048368724,-0.015539239265239362,-0.3663071432962728,0.18870283854271241
20220830,-0.0885393106614489,0.3711705994971766,0.9048860711603941,0.1419303158388957,0.5443215134114809,-0.5413741195289298
20220831,0.029404721417653164,0.06059901836586488,0.2012361599252927,0.6522426105719048,0.7316734935774419,-0.01594654505711193
20220901,0.3613784835773148,0.09060733802840899,0.33661019782289525,-0.313255126181938,0.4050771731097763,0.4081703098230172
20220902,0.08494913304235215,0.39758167051497995,0.09325846766409718,0.5921983933449367,0.3789070436967316,0.7994280581331034
20220905,0.7132594093738761,0.32537547644711673,0.7551047199156581,0.14682201286533392,1.4881154452713616,0.5952785202725229
20220906,0.7375579850864434,0.33422748245879697,1.2707093957049438,-0.2847811794477893,0.1622266010133527,1.1072389346962261
20220907,0.9812146179216101,-0.2440076444139154,0.21507658310522504,-0.16429845773527404,-1.2079842255431377,-0.5035340612001876
20220908,0.4487350130550661,0.7671696839316275,1.7405431058322256,0.3502992383269438,0.6852407799809783,0.6281666236795479
20220909,-0.3100171618919064,0.5078201669343761,0.991343686965792,0.46856389500904055,0.33392626843831913,-0.08658717425811908
20220912,1.2917455641872033,0.42502037923277347,0.7847059250494443,0.017033818294748575,0.47637186978257234,0.8337189406878911
20220913,1.0668524166570763,0.682675136325725,1.0919227635284265,0.6869800426837211,1.1755760635165078,1.1331592608459047
20220914,-0.9065215093599498,-0.05569951644849142,-0.20572336547503003,-0.5287467996522444,-0.2123501660402729,0.5356060338832478
20220915,0.3174296066951553,0.9556919453767524,-0.028909278286017807,0.6520946307038019,0.4194852451290689,0.5764715235018897
20220916,-1.8899877335660797,-0.8569710140961605,-0.40691204178962975,-1.0426818457876668,-1.4643997109534552,-1.138949333097363
20220919,-1.1176422105770674,-0.16250930762715463,-0.7985048777695366,0.8808670367748201,0.6324745420521344,-1.07846701451972
20220920,-0.44686823851522894,0.3686698753639075,-0.4154328528942236,-0.4794599294141223,-0.5747229672492636,-1.1416597383655553
20220921,-0.37363078006410866,-0.6849516639017356,-0.8496679373449202,-0.11130330850509626,0.43095342494755057,-0.6049139816836329
20220922,0.19232108200414744,0.011917219391532617,0.6970223296517937,0.10674251026723161,0.342545567356343,1.2811553998514023
20220923,-0.3231237010195153,0.04484787522665517,0.6242243081048477,-0.31049619316588356,-0.8250870405248374,0.5387324507927992
20220926,-1.7450302392261494,-0.7026598515708482,-1.9609495706674085,-0.17679063564839154,-0.7819624923367167,-2.218615148924167
20220927,-0.15557010573890193,-0.16552538304447112,0.06312539981910394,-0.6584078301687081,0.21641921003768397,0.002245583756629866
20220928,-0.27379185371852216,-0.709817206784681,-1.1822392184146455,-0.05710960388502881,-0.9197830304661354,-1.4694592500356487
20220929,-1.3652427287124733,-0.4163295656673697,-1.4772215287949089,-0.03432777364152449,-0.65501400376315,-2.3466173774505155
20220930,0.702358679834436,-0.0441892501930338,-0.10364508645278692,0.24447002501887996,-0.03444667437717846,-0.7742422912349031
20221003,-0.4580118323636476,1.1289229839268315,1.2579262931916217,-0.2561775550145571,-0.1865507792721946,0.8166631084324555
20221004,1.0227593012749474,0.9208390893568908,1.523688951010694,0.3302382742194999,1.481255564847483,2.4607968805960048
20221005,-0.5200241168607342,0.06431018515049781,0.31128371972941005,0.2336106848297314,-0.5334623232622803,0.20677422177321636
20221006,-0.15360830510435414,0.051510600965794705,0.05024207190590391,-0.0519903686553022,-0.1863207257866533,0.9398431639268255
20221007,-0.7008844287003939,0.20925501361878668,-0.8315362520252134,-1.0838377335615226,-0.3921323395235309,0.010381187851970222
20221010,-0.961020322447707,-0.18232944733773093,-0.9287128425036338,0.27151109749912095,-1.22326637119471,-0.7927151528578452
20221011,-1.066678024897404,-0.17163788950502548,-0.06328221541798928,-0.650322643630071,0.31525999570943924,-1.3651869878515264
20221012,-0.45713173950799096,-0.6454798518550326,-0.8189478277197685,0.03776551039243947,-0.14694293023646576,-0.9047538048931414
20221013,-1.0963358497755602,0.17353642386505316,-0.8658034431359044,-0.3488534630946946,-0.393704593792935,0.7011581146143178
20221014,0.35956562804703884,-0.4627254013335011,-0.9523306348917493,-0.5506424843310463,-0.6925536314030656,0.014211495923306427
20221017,-0.8323377038561577,-1.3773694300500117,-0.817567663267666,-0.22600279300442946,0.09395622067591781,-0.429500821379786
20221018,0.3022452145331148,0.4665750684591431,0.3786338696189732,0.346190114544358,-0.17285875422189456,-0.367845559006724
20221019,0.27159245115716996,0.48184228879869795,-0.1378395317734969,0.5250836272087823,0.5365329145521914,1.8389024725894414
20221020,1.5197271186344374,0.1969154506170166,1.4256760289308859,1.4275697566018168,1.8568423193950654,1.9735608704063972
20221021,-0.7563006242850798,0.7382487868066004,0.7338363025064697,0.6750340031640812,0.9670165894201234,0.671290412874141
20221024,0.41198520571032676,-0.45852825653550194,0.669860077494053,0.9722331971094554,0.41504316134100444,0.68468009440773
20221025,1.3040802012809312,-0.20158412061861966,0.763546360256999,-0.6997697694306854,0.2401591925469812,0.4225660140625599
20221026,-0.5531614492168678,0.6088436947317821,-0.21229143914386697,-0.1665652600885741,0.01588978082320367,-0.0952459214369888
20221027,0.9025822756188863,0.2453621847760079,0.1456172508166057,0.835309687590016,0.7635964820762805,0.6074282166760292
20221028,-0.5494997140731068,-0.526213932484014,-1.313778202262019,-0.27524446445939593,-0.37003216521770216,-1.4469206784714908
20221031,1.4538019874762493,0.2983574718614357,0.24162632854663924,0.24545239936985458,1.3017923844461923,0.34559270729121433
20221101,0.3084720252847492,-0.1976540077613861,-0.19104730044933754,-0.45078516718670353,-0.9395798633881051,-1.7725551770694299
20221102,0.320989859133771,-0.05215415428291464,-0.35548038346020927,-0.6043167475253559,-0.8999055394223668,1.0100404120649518
20221103,0.5907263190358583,0.05877795807811354,0.6208265786182269,-0.12144956652582242,0.4405310420467913,0.7778999921528769
20221104,0.07344043063506539,0.06916591080148017,-0.132368851676706,0.14804347778066573,0.2563501117991606,-0.6320811891995889
20221107,-1.0289581272179085,0.378215243108226,1.4326889639926421,0.8605101638251572,0.7744503514918579,0.2278638903618856
20221108,-0.4720650011775125,0.11980450177255364,-0.019040820728170347,-0.6453425704638434,-0.8895413882125611,0.10934408218601542
20221109,1.1339873238835514,0.9512813378908993,-0.0343640052197363,0.1771328131095693,0.08368215738325893,-0.3889370758649521
20221110,-0.1962577040869138,-1.3554653652073472,-0.924737128057433,-0.7075894064631127,-1.5405089510540253,-2.2038204685939857
20221111,-0.2421212054823004,0.5500202508772413,0.5840349614578877,1.005319146758556,1.501761179346434,0.937354789524574
20221114,0.07928577353397849,0.30032466722904955,0.12728590780342558,-0.5870632630974064,-0.9308775652884587,-0.3540694801265394
20221115,-0.10448939578734859,-0.16256928257096778,-0.13597549910079124,0.5396340517025932,-0.01883786929085199,-0.56587708131868
20221116,0.7562793049992956,-0.5362587468127153,-0.3139278489473726,-0.4245031971969483,-1.1546737514307621,-0.7777007776060533
20221117,-0.3317640686139912,0.42558755492839967,0.3426209252558384,0.710693907540045,0.6619597715125716,0.44624732022564406
20221118,-0.2028575873559921,-0.5897352929314233,-0.21469181074400154,0.5144919123930886,0.21404856408638231,0.6107681868334626
20221121,0.6301289539399799,-0.08329951797054615,0.19980653813455201,-0.017283801703154307,0.3648013448004759,-0.2000921293695542
20221122,-0.3281145741738895,0.07330712566446916,-0.2192179294503598,-0.10838667518492215,0.11173104510359869,0.5591509709918533
20221123,-0.4894819016959691,0.5809215396814538,0.498738286067019,0.2308951131305638,0.8956065391692865,0.752917261990293
20221124,0.19383505628626105,0.6034620537337025,-0.4598510925753869,0.6270944912582377,0.3519433208292901,-0.17545619481004504
20221125,0.6148758243562203,-0.4444779864016282,-0.2604516082678473,-0.2456710859360858,-0.11785244811270278,-1.0451421129803686
20221128,-0.3680384740869347,-0.5967020304861662,-0.9701383478721789,-0.033491868637647,0.25029741433544367,-1.410403146609424
20221129,-0.8278763973220996,-0.3927189692497056,0.17588846193940996,-0.21545733744638396,0.6676394762714958,0.2553670731036743
20221130,0.2724668451833314,0.2295613225658177,0.11241266837785809,1.3311191535864753,1.1528615865562248,1.016532511996642
20221201,-0.18823480512039384,-0.14816645770069492,-0.26234324759679734,-1.110702648008187,-0.20843461385044532,0.3080883981877792
20221202,-1.266272007763955,0.18288010504143148,-0.664728304338357,1.0740608484177807,-0.3657054506723991,-0.34254934906233603
20221205,-0.6615633444157206,-0.6296106040923796,-0.40333708460330375,0.41111560194097996,-0.03316049161693138,-0.8726594438829225
20221206,-0.9914437917008698,-1.0789940050670874,-1.3497390914647487,-0.5221629425962241,-0.9494328140212767,-1.6674727171731487
20221207,-0.7154303555575705,-0.9122917394277114,-1.0343325652406647,-0.2248861704091666,-1.7216040300506286,-1.2856579355323865
20221208,-0.8830553306175499,0.3198183008640275,-0.4753734471822333,-0.28084934359944974,-0.11563987553070537,0.4461626701454474
20221209,-0.8166693662924067,-0.8696999776826628,-0.3252214347363047,-1.362381219756545,-0.9337503473927178,-1.013399458023709
20221212,-0.2180127984742096,0.6850311307302914,0.16247962653299672,0.1611318072823736,0.8556569543528233,1.255059404017584
20221213,1.1650607478619575,0.5307456556557331,0.3072758525121206,0.8235645986435166,0.6808152469290553,-0.4590205046407959
20221214,0.30566148832829726,-0.7859672359145469,-0.4422526808638228,-0.25745583244900216,0.47671975155427193,0.2669486897405369
20221215,-0.88381366914046,-0.24208300602126215,-0.14952180185905925,-0.8548736472868187,-0.6094817121680854,-0.22613627829852806
20221216,0.1107235206657068,-0.23596431491817246,0.14549972753290025,1.2905845936732836,0.5941380735590451,-0.13450011429729375
20221219,-0.8576047254997597,-0.19382858910615142,-0.3803327563710923,-0.22911826279559205,-0.2942120056199239,-0.6181327439809158
20221220,-1.2088362841047429,0.07712165591077101,-0.011535447332346462,1.5310358287672918,-0.6170571693092599,-1.8473794810623945
20221221,-0.06938020716442043,0.3853004317384339,-0.4287112501373873,2.109345575182998,-0.28849258589101945,-0.5785731034782171
20221222,0.044336393190766904,-0.051796457552476464,0.22152331843493162,-0.37848621548713274,0.5112013912619293,0.5617990718732541
20221223,-0.664149853812467,0.6277791986883839,-0.27684916936258336,0.07970191119409724,-0.7914197830063179,-0.28751895436642233
20221226,-0.6305306182504229,-0.37258268912399994,-0.0899492807920909,1.462241939864147,0.3342635111010827,-0.08842980074784458
20221227,1.0628870735859088,-0.3120679650016051,0.11291435431822897,2.485839302746858,-0.4841281529652411,0.029918714987577196
20221228,-0.6830443117449428,-0.45292322075203156,-0.1298800116437772,-1.5755963678855254,-0.4497234397196026,-1.1599537255606407
20221229,-0.39865056276733896,0.16326952483319246,0.19981545407432022,-0.617436303095425,0.3839666009182438,-0.5183313608938522
20221230,1.1449868342745086,-0.10758662654237951,0.8394567638630017,-0.09841140172079657,0.48303298670039335,-0.06157908087262205
20230102,0.31608460333661004,0.5089752035565984,0.43973474120082756,0.0657711357778703,-0.5453571776933303,0.01196369267430314
20230103,0.48489049821010094,-0.14687490368919995,-0.37417303253431106,0.5426840078875124,-0.05042020856170748,0.4693391754060901
20230104,-0.802289787979334,0.03936308701892464,-0.8325261798964766,-1.038382081909226,-1.1016313216085132,-1.3603054286142284
20230105,-1.3673525359930838,-0.8729604344742129,-2.2054458487594255,-1.7715534199256244,-2.681111105887534,-3.7003527026363274
20230106,-1.07172778448515,0.0912214048141316,-0.007371300846189513,0.5792599587762948,0.5495680148679105,0.7432947641700014
20230109,-0.3831184863763119,-1.0319843965940605,-0.6173511991954566,0.5653487224796114,-0.5438097963576984,0.10055987912981044
20230110,-0.3519421291500411,-0.6853336312694271,-0.8522737941776284,-0.7232250863836202,-1.4999803456845213,-0.576649165897138
20230111,-0.0670778777630263,-0.28779584083050336,-0.17704945881376435,-0.06630415975847118,-0.8906267661566526,-0.10990012487863338
20230112,-0.9731505980017501,0.4210852021611036,0.5796889062462053,-0.08606652028528278,1.3406320067934436,1.00299705010333
20230113,-0.2682889882030914,0.9536286045648471,0.34638642453472684,-0.2616594309627186,0.05013353310903888,0.4780133838993398
20230116,-0.08997695837778033,-0.1358511985410668,0.6498472540319717,0.3032173357279805,0.757089270479735,1.0298435829242476
20230117,1.1626862245864362,-0.015437460099931641,-0.00670609868683237,0.8260832245442707,1.303377897106934,0.7043294097316266
20230118,-1.4388449967225987,-0.4766742141733242,0.4998236060968041,0.0008442453545263852,0.08335582575597195,0.23827709161652988
20230119,-0.6941314921464433,0.2686900110789793,0.7600480696752777,0.2762418189894224,1.2881150505669345,0.8874273325563197
20230120,-0.062176183902787896,0.11915805368446775,0.4960009669148146,1.0626750295710297,1.0308020304647412,0.5005164079218358
20230124,-0.7014193491162288,-0.1650586166391451,0.8079114645206309,-0.6986779216010197,-0.30358542044596193,1.1609733554963233
20230125,0.26335663855458896,-0.20965142204159756,0.7159987778015113,-0.11581188312739324,-0.8524087874570836,1.0960808845258823
20230126,-0.2400652610430346,-0.014104288175948852,0.4270228163389957,0.7173763230663415,0.1879776742967063,0.6109064787096229
20230127,0.29116521145422997,-0.07836504010730451,0.16315286768903411,0.35045484402938726,0.7632668303841625,0.5621782846512163
20230130,-0.135144959082442,-0.33085155844915815,-0.41097258956880256,-0.04170020433700917,-0.4492109405055835,-0.6877334448582831
20230131,-0.5611521279028912,-0.21467611081850674,-0.27695710763346454,-0.8294641965310353,-0.00017218325593472593,0.2679993233213955
20230201,-0.9469094279088754,1.0947946901931045,1.0826964002683208,0.23876584717318167,0.512945723088406,0.173194862742485
20230202,0.015614744353691624,0.03809100824825712,0.15720965301256143,0.48379460573710237,-0.40949009215446575,0.42026361456292355
20230203,-0.40588725200547465,0.2050294751862144,0.08905530767185103,0.16908955157189942,0.8615456433377908,-0.9770320564741136
20230206,-0.47089989199975346,-0.07423535948511152,0.4912128406277104,-0.44227102371033006,-0.39583435144377915,-1.2845185577655418
20230207,-0.4606611217827995,0.41373767322398436,-0.45009361786361135,0.8762471501852729,1.2879303549217354,0.6095983683976391
20230208,-0.05658932532236851,-0.08684227104953292,0.045323226383032884,0.10658674084010522,0.18534842451168054,0.3399493490369486
20230209,0.5017341266161391,-0.18741902100806565,-0.512174961008272,-0.21553025883061472,-0.19122978900656687,-0.6683677040689566
20230210,-1.1765251878402454,-0.577891755482517,-0.9733055877237199,-0.561830568168557,0.34015089915907876,-1.203438938049183
20230213,1.2459622060601365,1.0131490779496144,0.2177754753168119,-0.02910529054748965,-0.1138241134356809,0.24754492991127067
20230214,-0.6662527621480968,0.39460315982158173,-0.06525788196004992,0.5410812866021795,0.6230236764265278,0.09777009507921536
20230215,-1.0322150443980165,0.4491122077992566,-0.249689284748833,-0.16820613849346405,-0.3868377825540266,-1.074375276152973
20230216,-0.3442335904732349,-0.03699066190378895,0.09167453966782747,-0.5186212233401947,-0.19170464593056172,-0.26273903366032336
20230217,-0.3127848926037005,-0.01155124795479035,-0.38215694084435664,0.12548598883053663,0.034586927638216164,-0.487780954881388
20230220,1.0155521054648338,-0.6330375063548145,0.6252729606248222,0.2520102817618484,-0.12374097486676251,0.5903404819734546
20230221,-0.3755177884674826,0.01105547840245569,-0.541218629751746,0.13574642283419025,-0.5285148696880921,-0.47964480245606106
20230222,-0.7693074699685081,0.8932657565468198,-0.326635795028324,-0.7399772029029155,-0.8440065228107878,-0.907295499119793
20230223,-0.6596889929612341,0.31522641025896064,-0.14578598577107268,0.44478954423573075,0.5236146632869582,-0.3229191039435753
20230224,-1.1274808060752755,0.08538363695438247,0.5993629598459271,0.0707124278161861,0.02027227396365378,0.6348524742915843
20230227,-1.1719571784955856,-0.3486448433774182,-0.03791308315789491,-0.2306666084960361,0.43721637236440625,-0.08171316947956542
20230228,0.32362655067422935,-0.3527292674586124,-0.14462356604566762,-0.027956697549910797,-0.16478681687169064,0.630238863038045
20230301,1.2254988294973317,-0.5229531724247704,-0.20991405268540203,-0.8658468931307345,0.370465596133268,0.16741868898952414
20230302,-1.4658853702071704,-0.037696181614856085,-0.048511908636042426,0.00702152469769398,0.8646562142917561,-0.3394237857068143
20230303,-0.9138013193920947,-0.13037775019434245,-0.25370953126907514,-0.8085179146956596,-0.6056934323320713,-0.13455506975822895
20230306,-0.7938936378299702,-0.2493441109065258,0.3651775357771793,-0.2256194970199498,-0.01197902950155156,-0.265717126746359
20230307,-0.9085541379705633,-0.29489291885829283,-0.6776442203574997,-0.68758809428217,-0.30803501925243026,-1.4922709325061234
20230308,-0.4936176268298845,-0.12406724274511016,0.03701438377884018,0.30066479668295526,0.10030688950918469,-0.7480013552794542
20230309,-0.8154333829710928,0.143491546455272,0.20290660031358096,0.22792269835105694,0.33169231704272856,0.3560815442152057
20230310,-1.035602774421595,-0.9235483253819515,-0.340580236713088,-0.22540286968708295,-0.45855784904641866,-0.9176620532299102
20230313,1.1184514223550948,-0.35686189045122363,-0.6294881620609715,0.6960950072169246,-0.19953229925840874,-0.2253881561401414
20230314,-2.0710574097511993,-1.1397340524628816,-1.55021365315856,-1.5411472127963641,-2.616954927906181,-2.8834186220373943
20230315,-1.600303176771163,0.20812774349882557,-0.6070151336246888,-0.3933208319469866,0.04709359484604798,-0.7236690500806281
20230316,-0.27229422803072806,-1.634855651587808,-1.6526685387842541,-0.3469172653870047,-1.0393329409156322,-3.0243732533320573
20230317,0.374921506450314,-0.41406151391884977,1.34487081031648,1.1858777211129359,2.5985612579466557,3.2264630897967015
20230320,-0.040534891762921146,0.013248447645093694,-0.3074332024966747,-0.6430947601396093,-0.8138349003193786,-1.006143620771616
20230321,-0.915676155841501,0.3234047745864148,0.21460655109413745,0.9684384949270888,1.1172112805828651,0.9370355942708309
20230324,-0.5239556923534915,0.5583980300000263,0.40488354385301634,1.3088260774871026,1.64539501567366,1.1452437131257767
20230327,-0.15042982501372795,0.31046135087671345,1.096632427595793,-0.6008186751494102,-0.49773206509390955,0.5995897854567601
20230328,0.35256173467817065,0.3909049323241206,0.6070456366912681,0.7024982209165543,0.9008662936447405,0.9913720448703436
20230329,2.024496845923272,0.7248515106379615,0.39713325593791604,1.790458344471409,1.3189766241423115,1.328416253515238
20230330,-0.3457112162911819,-0.30615875466008774,0.26189574403278815,0.132747284868829,-0.6986157354734969,-0.6733618780909011
20230331,-0.8966115180025077,0.40189254550180914,0.5187539502618793,-0.23575033583322938,0.13612410227333688,0.5166011726455162
20230403,-0.18614771724391305,0.274172435384066,0.14785429900505337,-0.10127677968272301,0.7188174610760473,0.5240865557922287
20230404,-0.21158003861477415,-0.6581628418095031,-0.5215110291018263,0.07691805107869108,0.06411778524066274,0.00433615175816231
20230405,-0.4174680907664519,-0.3634252093773983,0.04487653597057198,-0.010163854933464788,-0.17352647913594466,-0.14485523907040676
20230406,-0.584589813101038,-0.06674009319810938,-0.1753827548715317,-0.10688653350805061,-0.24751647985666875,-0.6917058961510496
20230410,-0.24735895048999332,-1.125565239347953,-0.2818731827802699,0.16945952405029907,-0.19663622639583536,-0.7199013858352898
20230411,0.2000463893718143,0.3618366077434269,0.43717070358421267,0.1792506938482287,0.7097453805149289,0.6531774727581656
20230412,-0.07544932874826837,0.2697144671344437,0.09479922032757807,-0.48535031656075317,0.45405798070903863,0.49106064847332903
20230413,-0.709174856715782,-0.38137345925546146,-0.2505648438958037,-0.3522899211682251,0.008562403024282343,-0.013406721504977055
20230414,-0.757892645019364,-0.34691268528241703,-0.18306705406833132,0.5327470085316499,0.7035180243703139,0.15249090985327288
20230417,0.544655612549408,-0.24535536177435172,-0.2618795087662785,0.009763272330700661,-0.9238525176505163,-0.42501905791154415
20230418,-0.15130325865461838,0.09450492314954079,0.20807491694529212,0.288837682416896,0.5635452524214879,0.345367912313029
20230426,-0.06666745985481502,0.9907735004915175,0.9694724542594193,1.2017660657391473,1.3405987784834175,0.6008818777468854
20230427,-0.13619566825590554,0.8384503712315728,1.0393125727698775,0.9499005665428286,0.617283811553,-0.5388418771365757
20230428,0.5242978901810527,0.06308441543850535,0.6494928308944721,-1.0285795459356852,0.6883795487165629,0.3559687554523646
20230502,-0.33905104137714276,-0.4078934518367182,-0.7482535300004918,-0.640574573141599,-0.6287734601501116,-1.6084007254897263
20230503,-0.506470495762267,-0.5400744039266541,-0.11964625183230183,-0.5828076577799118,-0.6494733164763546,-1.1283776312783056
20230504,0.9341911207683338,0.47216068410294604,0.8452940876212042,0.6456916326739622,0.054915641259531876,0.04166489991684198
20230505,-0.9053198090775946,-0.924020240480682,-0.17389932645345488,-0.5702349477308508,0.10341368047848004,-0.19536204218929915
20230508,-0.6559107074865017,-0.24960425538664588,0.43493677291870797,-0.21492979665976372,-0.34599093164364525,1.5099246498133279
20230509,-0.05067817730142901,0.2023445076546772,0.27478780986566465,-0.25822429980503064,0.6823064020654144,0.5059327467980917
20230510,-0.11017550611409298,0.004012793176717211,0.37433135732909506,0.3521234297407756,0.11426411155286903,0.8899622972849862
20230511,0.2806311335759044,-0.6838840015219293,-0.01192291240005044,-1.020473163228024,-0.45266959168783977,-0.5696114255474
20230512,-0.6013541501592552,-0.1728725767703947,0.04604077358101678,-0.5978608073073456,-0.6509627383765377,0.8130519521589524
20230515,-0.4317658058957523,-0.231343358963478,0.13797509268144265,-0.06035892479884651,0.2506010355924621,-0.49274994126165444
20230516,-0.22563460871508653,-0.23406918659939735,-0.02069294628852266,-0.6213531351267355,-0.2830995983808156,-0.8595485029478708
20230517,-0.7757111468750445,0.21906683953197156,-0.2882868901523152,0.2648026069295489,-0.20461338544111451,-1.4155656556949745
20230519,-0.3825843155402817,-0.3127456144075395,-0.37055209028913283,0.520708967331667,0.9528078366781493,-0.6857587250189453
20230522,-0.22789210642646965,-0.10164712339717678,0.830885093471518,0.032146960785925986,0.9578484836305301,1.1245261060426492
20230523,0.23477430491389523,0.6335771397492603,0.6358731851685506,0.36199730868799035,0.19407184358659305,-0.16550297589808244
20230524,-0.27350934463308146,0.6287096288066164,0.26871043200165384,-0.012660522523790118,0.5473543433016579,0.3219598809947933
20230525,-0.8308773464098154,-0.10613670067933828,0.5918402717740882,-0.28776491898392503,-0.8344236580893826,-0.699675504776068
20230526,0.25585616996016664,0.06429443704102113,0.28155440287124406,-0.3267767559874692,0.4352974472291101,-1.1668170156810787
20230529,-0.35005842199808784,-0.09397476026130494,-0.06933349523440877,-0.14044292266056774,-0.21949379763848098,-0.5358330723985945
20230530,0.6776452462512491,-0.18785978890919844,-0.2473375078974826,-0.9984342064994575,-0.19574421215404697,0.057914794462149324
20230531,-0.6329131836530383,-0.6069389137299265,-1.0148229447869908,-1.493049955819501,-0.5576904458608262,-1.7767409619499095
20230605,0.9750162216841014,-0.4229042942526328,0.8274344208824967,0.28637350999250993,0.44140190718165706,1.4999868339494657
20230606,0.6533612136161943,-0.10463146380093986,0.25432708053247666,-1.1177386142875807,0.48467693532230427,1.9120178139834483
20230607,-0.056720846024081326,-0.7081571618871344,0.43610732162144433,0.3888257619318749,-0.2274689568116623,0.2259196985038669
20230608,0.04838309430696156,1.4465676958457339,-0.14078461350917762,0.33825491912400074,0.5674268488039316,0.6663307783861672
20230609,-0.2578696129871415,0.001138204304806384,0.7011103590173325,0.6037765891068125,0.23044940414861625,0.45629168647608076
20230612,-0.3701450389056345,0.49092972293016124,0.334748202112226,1.5270335074440513,0.21580146599444375,0.5078972808238732
20230613,-0.550581309454004,-0.1839743634839302,-0.0314327566360176,0.13778474397915902,0.5344388313511023,-0.2564248647730981
20230614,-0.656879980420316,0.2489413715854165,0.35080522985022,-0.5666974367795286,0.07349469488975213,1.2683479210849107
20230615,-1.1889164067092506,-0.22809269114038544,-0.24171940665753247,0.12241161880273818,0.41406899440926614,0.006882148043279838
20230616,-1.2319164755587322,-0.2843092097229986,-1.3279870430448528,-0.5350902141352409,0.3559854980799177,-0.22456403344394862
20230619,-0.724235613804718,0.5898687274636474,1.2906587427037886,-0.25813652986322944,-0.28388221666681285,0.6621766961884865
20230620,-0.28381299327903936,0.31112846669400535,-0.40495828365844755,-0.20571811488496716,-0.43902302664934045,-0.8112792158530459
20230621,0.3153795009843635,0.7661454583512903,1.1264192530726098,0.5798425743758382,0.5898567815036331,0.894558270730903
20230622,-0.19147999300607094,-0.3109230533392702,-0.2409651298156925,-0.6032050226005754,-0.9008364887811544,0.44183938696886627
20230623,-0.7989574870305312,-0.653401751684777,-0.8766098990442092,0.1912081262565911,-0.5673678344962687,-0.49149316134778415
20230626,-0.18528888945523675,0.6099832365499057,0.25744337109908494,0.574979283152632,0.5397504288715901,0.08714097062582163
20230627,-0.03491755323486435,-0.9646437278144274,0.09247907283848918,0.20065401627337212,-0.07624195849429734,0.12480122021182193
20230703,-0.30540648523353175,0.16998559955120102,1.023334712675601,0.11181771528314734,1.124158748542997,0.8063687461053839
20230704,0.2823962087200616,0.5646542608357111,1.2395229956179432,-0.08485507541144999,0.059034903767746956,0.7251762219752398
20230705,1.103334714602381,0.25268230231371086,0.7056548339002513,0.2598576524699878,0.7052790565838549,1.5149617777511009
20230706,-0.2726187325639759,0.2673066192497831,1.5070678970121776,0.36177461086884216,0.6313836067283829,1.7165920670581716
20230707,1.3214831919974959,0.18126659109905183,0.9267976241002516,-0.14188884636189183,-0.7221904438182111,-0.2631036270644372
20230710,-0.1924911354014419,0.2539326674722728,1.177469024319417,0.35091731194289094,0.11344666868098127,1.0435056177369573
20230711,-0.07281143984529502,0.45461214574593023,1.2177682147927233,1.2643164172617931,1.1903385786226235,1.2856261982379513
20230712,0.04796881167598381,0.23308692301291117,1.5903902094316051,0.26563521694603975,-0.16651845244592,-0.49399257780890077
20230713,0.9323430290307555,0.060074743393977253,0.6849457469519364,-0.018614449077659155,0.20117963289749555,-1.1668497819699988
20230714,0.37302588556312755,0.2502395841410629,0.610668364926886,0.9538238759926272,0.6486492455651791,0.5057557974674278
20230717,0.6779149031319623,0.33746724142365486,0.52828491776005,-0.13685521108918358,-0.35008625631924367,0.22993883502188428
20230718,-0.4295226136552367,-0.07177353490154548,-0.7706477178877201,-0.35166064115255957,-0.5002495782830595,-0.6549937581669762
20230720,0.947769729034321,0.2844841354721306,0.27118173966515036,0.01030466837585772,1.2715866934425002,1.0854503992181677
20230721,0.9177431362407069,0.49641709618287777,-0.18533306313055337,0.40911871916303083,0.2942338635244766,0.16597355391495672
20230724,0.4272117948333199,0.733404507172144,0.11275534230584554,0.41655721876419066,0.2675359810570336,0.26168216223520774
20230725,-1.2411168105890489,0.4411766735616462,-0.5445500690676557,0.5218743794100231,-0.25659612144400995,-0.6070396611573772
20230726,-1.4789145390037703,-0.07782924469675112,0.32897700564326626,0.5464343595355761,0.805315792914513,-0.07978420167829768
20230727,1.0259061408988988,0.2967508381947146,-1.5146399373294852,-1.0881456307941784,-0.19562240561946967,-0.23315339499778925
20230728,-0.28761054284765797,0.09243488392965407,-0.7829841311838963,-0.43590660422931915,0.5681575361866721,-0.7062797604938464
20230731,-0.9452315371365323,-0.5336327235007331,0.5927763041145286,0.19240895751809042,0.5390344479645827,-0.15411020334559325
20230801,-0.9305723448824567,-1.1118899176058774,-1.3959067997988361,-0.39604494249966965,-0.7875217819009681,-1.4001425664925282
20230802,-0.7629265317006171,-0.22830676154841364,0.011390665266416055,-0.7148341077346093,-0.1129706262940192,-1.1436631783693207
20230803,-0.09395045301227328,0.2781902300938594,0.15167775183534093,0.3567720968577151,0.9041062085891277,1.3046418076569928
20230804,0.022288175332455005,0.0761739997001521,0.20645346687538385,-1.1250183099521118,-0.04352646308291462,-0.014771126929768187
20230807,0.45418047946117973,0.170473186488687,0.3281075998362118,0.37441975797373533,0.641043582001446,1.3455616824311218
20230808,-0.5109166076332771,0.2898358415657787,0.6525913000222543,-0.22870314984247214,0.1395997725585688,-0.33808738950711137
20230809,-0.07373548799771926,0.11347840055514552,-0.04550409467437645,0.7184035569075212,0.04919958522793378,-0.5054163262968895
20230810,1.6868909553831308,-0.4036891278556277,0.3746403158307558,0.39647054201085746,0.19123500680337358,0.7011047402733753
20230811,0.8063517008481711,0.4495918870505349,0.33291910136413744,-0.018629586193689446,-0.47020178072087115,-0.25815897259840037
20230814,-0.8416609593073822,-0.11022065159911543,-0.23865980407125367,0.2021514989587865,0.5423235048562045,0.5685374438211315
20230815,0.6956413055964551,1.157100598149021,-0.13702679256956984,-0.09799669411321683,-0.17233024086654078,0.5395578872162476
20230816,-0.1833440659233,0.346629461407571,-0.1401484063862928,-0.15544584216882884,-0.006596426152913812,0.1608817841007925
20230818,-1.1001188423917645,0.19157319687131696,0.16587461503103448,-0.21477815831575578,-0.8895577578797067,-1.3296845039821992
20230821,0.19935022473721917,-0.32649137745584944,-0.6513374402953999,0.18562652786263817,0.3812376237692996,-1.0165550181837986
20230822,0.2986896365266512,-0.45316262687449615,-0.014385363225324235,0.6048575897324254,1.0599357104047393,0.9910907660114129
20230823,0.2854134411956926,0.2988139786871312,-0.4543940456374239,0.27289864901853517,-0.17298525010776847,0.021165433690588372
20230824,-0.3057078330209614,0.13132851944974647,0.012307198650785396,-0.40354440144650705,-0.26699799644869415,-0.35971890824231273
20230825,-0.12050992374664893,-0.28413439233098525,0.31793600367336383,0.2317523066475754,-0.49767880372996703,-0.49387771678614273
20230828,0.6537137868841943,0.5816035120258274,-0.19310259874505586,0.010477865336095848,0.8053151878363403,0.4534379177586704
20230829,-0.9179278599897298,-0.04675417392888075,0.5870421088125257,0.42430653818462977,-0.09995620723001594,0.10179030662595011
20230830,0.30521892514094145,-0.054947835576887524,0.3821828503797472,-0.13961433723815952,0.11336150782201047,-0.5937516794202765
20230831,-0.6420762659284769,-0.7313115029136725,-0.2778186748189235,-0.12249168623498555,-0.37190250586961093,-0.9288245060408054
20230901,-0.07596309590962136,-0.07426412521975044,-0.0074254468595260515,0.23066809517338385,0.5369637612406198,0.1343237481282958
20230904,-0.9729940439807233,-0.04427792058448144,-0.08013845851901523,-0.13541567357062495,0.5561880983266515,0.2997425231461682
20230905,0.7282504790692644,-0.23978811529868446,0.11500106339459647,-0.334019972854813,0.20435766051965965,0.175844989660445
20230906,-0.2873294425434398,-0.24971482153134517,0.26835715319417414,-0.33958868288493016,0.19069400899921932,-0.1181887648434056
20230907,0.04338297438392675,0.3235777588583726,-0.20437065349150754,-0.3422937158094703,-1.338836277606861,-0.42239247297499094
20230908,0.12069568465955897,0.5579921633998874,0.22214409800832813,-0.8617991288597128,0.14147274817939043,0.14566284248822225
20230911,0.31468928174757765,0.43261143495227333,0.4084071679906147,0.6881981523596781,0.3305036599821071,1.4778408409358033
20230912,0.14177567134063895,-0.05430427028535749,-0.31355878014300237,-0.554138888599251,-0.42656899611521376,-0.2764148891978801
20230913,-0.47124780697126184,-0.3064421855195783,0.47867066723971363,0.05512249824688654,0.060051273943890475,0.6906007518107696
20230914,-0.25013757167696477,0.004433984705248456,-0.37963562840654264,0.8044446665932103,0.02554406769742815,-0.17105562985296127
20230915,0.6216807379140328,-0.20837722059907762,-0.4759357633722704,0.29783378549438516,0.2376031426397071,-0.248108290123879
20230918,0.08729968825087987,-0.6700313653464941,0.23194922019651976,-0.34468331538091423,-0.7801253872369266,-0.6833421607125393
20230919,0.10714371131685589,-0.31112581391844435,-0.017683155130018363,0.2739488108846176,0.7288814887829601,1.761228368734331
20230920,-0.2628426342515282,0.011119453442135139,-0.12341423153445462,0.5955942741985769,0.5373490519755598,0.6295478713489001
20230921,1.522616828031614,-0.4819769913009105,-0.554174443410711,0.20303588377769674,-0.9770896274359626,-0.21951234372118666
20230922,0.7976884922102212,0.19989592140829096,1.62005114850414,-0.05512142517067392,0.43705425171002765,1.1551030157314082
20230925,-0.014297068575597243,-0.08377132093404178,-0.11105637290216983,-0.5594213294130285,-0.08668342644270348,0.2537145501024776
20230926,-1.5501989091808155,-1.1788464424750256,-0.8207995949239034,-0.9610159979991542,-1.3372732806416125,-1.3212103801400354
20230927,0.9067748958978822,0.49556859437093576,0.9835995426327747,-0.02569960949496861,0.8051612397770391,0.2393209269104701
20230929,-0.06216607246325621,0.3374948717123441,0.06390307101481026,-0.2697093034991609,0.232064014644736,-0.31589123149617854
20231002,1.3070323983164795,1.155818913687883,0.17700251151940666,0.5325570160572654,0.19121855075126237,0.015456206782948331
20231003,-0.10341545011483805,-0.004461635250626836,-0.5197049591955989,-0.010877498402580354,-0.8005087612233228,-0.9904612426237744
20231004,-0.9660203679287653,-0.6285550168094486,-1.8676188122963493,-0.25257001368778204,-0.9914860327105394,-2.0996369964757227
20231005,0.08015499059674244,0.43498926018644707,-0.01718982245764312,-0.08802973545322547,-0.33400830326985365,0.28916021286210164
20231006,-1.5058202860626386,-0.452103461766173,0.6670429667543135,0.22391927282288418,-0.0004733013798647707,0.10650430217257927
20231009,0.7964290911968788,-0.33092761360970757,-0.38787161764834793,-0.38593717489989826,0.5052737925941216,0.07951508350869214
20231010,1.1614799759305305,0.44575071665771376,0.21417752245380803,-0.0892692480003686,0.5615586709075555,0.7310408123398207
20231011,0.9449583974458081,0.646853329676657,0.817966080872145,-0.11849556188289279,0.05530858293724851,0.8091839943085651
20231012,-0.6819618131280198,-0.1559185367127666,-0.6334648479474412,0.27800855443105077,0.09790220536487336,-0.5838820930317967
20231013,-1.0259836239949438,0.022944444539540258,0.41396194698837663,0.005446943553087069,-0.2152570586303674,-0.6265243777599925
20231016,0.19701797693329287,-0.8766504966705502,-0.8431298935927555,-0.49025921149913004,-0.17932702984033325,-0.9579235481060431
20231017,-0.05507186682729576,0.4543037310803059,0.10821170886375153,0.47513657478479376,0.006840720347849505,0.6476810928777205
20231018,-1.2996266360342041,-0.0873042397148717,-0.14615200661470948,-0.2054200051483757,-0.7731138158208082,-0.3566614596425089
20231019,-1.19133092699306,-0.5023459103098438,-1.2338335389883563,-1.2529523611611508,-1.302741149011968,-1.6818208295326698
20231020,-0.5842600275761818,0.2936753716286741,-0.28245505867080395,0.3477190150117142,-0.10067422663655608,-0.7981703132910165
20231023,-1.1968141930036809,-0.8848727974626356,-0.9309339512240589,-1.3954108584975076,-1.7410313943330362,-2.0595459071141837
20231024,0.9965259930729083,0.509936522007917,1.3175214175954935,0.8376683498844332,1.1482629844982815,0.9988658390765194
20231025,0.5163537618842767,0.8512511208022967,-0.11650633237703441,0.6682296983095769,0.40427522768643553,-0.5553906522912213
20231026,-1.662722946599525,-0.8899168663203193,-1.1019109015664184,-1.8899053679163917,-1.3226978348357379,-0.40737599554366244
20231027,0.1297247912713289,-0.1220389331933645,0.5691411332949687,0.5519327047472031,0.04838671375477292,1.293970488806376
20231030,-1.0628817229616403,-0.22737166058492958,-0.9473149629804549,-0.4000832415717982,-0.9906968338941373,-2.353154534297838
20231031,0.43102089480063205,-0.7472617979722863,-0.3916549725303302,0.22042516316341573,-0.12569006686889037,0.2733758117378004
20231101,-1.3883605309322806,-0.8295825460543471,-1.003415545349797,-1.6248137164439256,-1.7288638267536331,-4.093846989045495
20231102,0.15301468814961436,0.42986138677187075,0.9473139797138159,1.6947563944448434,1.4298443106274241,1.2638832462796319
20231103,0.7678080905371358,0.48493672240416164,0.7712378418429594,0.8222190138134897,0.47089236087754954,0.8312088575830304
20231106,-0.18356818493968663,0.7603614664875543,0.467578994286715,0.9326143872008879,1.0422383254002194,0.7768364166557773
20231107,-0.27232289236066626,-0.7059999596433002,-0.7561267394936331,-0.17914985749300602,-1.0878985647629393,-1.4571588120661874
20231108,0.2115364981079541,-1.068257452173719,-0.5101752429979938,-0.25273665532114264,-0.891784551345197,-0.8966710143652455
20231109,-0.5157052333386906,-0.005313912809347311,-0.3100971338363935,0.07601814231094328,0.4821725056878242,1.0180164973695875
20231110,0.007733436552877029,-0.4761097381525664,-0.21544092552396235,-0.42774179578504806,-0.696121180740466,-0.716604319201662
20231113,0.27826033139078776,0.5749249775059364,-0.31622295444186427,0.00833890457822459,0.3910037818398291,0.2380545711561338
20231114,0.6598460633304699,0.5339726609534001,-0.16773753947603792,0.4789582285631886,0.10435209359935696,0.32506054979532983
20231115,0.7904702514953801,0.7675173483154493,0.7360770587635312,0.6964692429855743,1.1578304849670007,0.8579199154921805
20231116,0.714738864246445,0.05666380593367222,0.20100504494906993,0.18380422601703106,-0.0010843003104199504,0.3650776647907878
20231117,-0.2801012674696967,0.045005723196881925,-0.3286405821553924,0.03494662579152244,-0.48075562282797063,-0.2367815834264559
20231120,-0.3285683743119432,0.4969228359864515,-0.4861383460388163,-0.2901118948734142,0.22408262453285194,-0.28118427708276905
20231121,-0.32424218037809044,-0.07670856242389326,0.057971376208277255,-0.31985243871996316,0.018415360502549036,-0.20142182082601495
20231122,-0.7657008926131328,0.5503639215051636,-0.27441082872335365,0.3743917857598594,-0.559301532301759,-0.6862188208554882
20231123,-0.06772113297875089,0.5121899996148768,0.6710827582851883,1.175598132232621,0.6124286044539015,0.5405051766068403
20231124,0.8394826651321882,0.24814651696476367,0.244676477272241,0.15027638960665649,0.0798547754766031,0.5986463908087686
20231127,1.76897407070504,0.9102799709867836,0.03698205621072567,-0.6752746585483811,-0.004992948001838257,0.06650058546369224
20231128,0.816925224277818,-0.025496709859754156,0.2579180721619971,0.44353484395971804,-0.02542244236542367,0.05004543057184842
20231129,1.9370025634206558,-0.5023827261578381,-0.047992370873528506,-0.21723830098121966,0.08963850024612204,0.5901383967773657
20231130,0.7743058304881373,-0.83113139099577,-0.2304287779087259,0.7293366111186261,0.01063627860389155,-0.14108698912470272
20231201,-2.4892750624188076,-0.9303457920012255,-0.377692245965265,-0.4157390215523561,0.2857892190068464,-0.42200128569646084
20231204,0.19955147484697214,-0.1201676597124693,0.28607215268900626,0.8562229760525867,0.39617815753334545,0.018337333778487834
20231205,0.16625534795737912,-0.5224577466960828,0.1357416002400692,0.26955508782566756,-0.209947562890286,-0.17781879161328257
20231206,-0.5637113501689017,-0.26467866541611856,-0.31966527833956293,0.3701963049643803,-0.7221588740918635,-0.5324704329471405
20231207,-0.43795436872775945,-1.1965700784474396,-0.6560322891750983,1.7958166119589274,-1.007947361172299,-1.306068514670628
20231208,-0.0807326932606532,-0.18738739321861403,-0.009680497219026273,0.30551874501418613,-0.033512343277808776,-0.2390085928288369
20231211,-1.2265083168339979,-1.150771353140111,-0.9744886599513657,0.012731310706450975,-0.6220051466275714,-1.4775717238892465
20231212,-0.6261591604282014,-0.8389077178829196,0.3797607999401649,-0.073339053882561,0.5547892816285799,0.06621542394451765
20231213,1.766152041331031,0.5556932826892472,-0.19593846609804152,-0.336980274378248,-1.1500794694721257,-0.5283579450656644
20231214,0.9397101365126133,0.9843720713361077,0.4876292295394759,1.6820529164559217,2.1742761128158468,0.8975146685824016
20231215,-0.5749838584081844,-0.520092542677394,-0.18356185867518188,0.8507408607548943,-0.2228658373368923,0.18926767939859485
20231218,-0.09315761903991158,-0.34732366395323827,-0.6810649195814579,-0.8287900332614154,-0.24206751879297592,-0.8445999024550326
20231219,1.1287420464941371,-0.12860992412143604,0.6828095895810609,1.2650876945938572,0.5730332287710552,0.060112866033061055
20231220,-0.7032464796208976,-0.03134988398411847,0.08012072599384451,0.6458119976754584,0.07295037303269192,1.2732609195068685
20231221,-1.3175304477416379,-0.001297760915570499,0.28577320441635246,0.10666753136902968,-0.235153652904264,0.08154096439933857
20231222,0.3613803297387551,-0.2964011181288431,-0.13801460741707347,0.3675294965936807,0.2038266545387416,-0.014360912472817886
20231227,0.5158240367193798,0.26926084100633274,0.34784281052340404,0.15427573476505227,0.5806311111634419,-0.10350429181466689
20231228,2.4515988206316472,1.2129183523776965,0.46635546807368095,0.9188550709877042,0.8477225945108935,1.3885828401602593
20240102,-1.2919072077419356,-0.7434003072287826,0.6086350951682095,1.1450460571491186,0.7714559837297558,0.2545891903297235
20240103,0.6656760918441137,0.0452324100130814,-0.19280331540121454,-0.6326855512737423,-0.40232992810611173,0.5315437645364387
20240104,0.08861295728750013,-0.034858002266170064,0.8620173107019492,0.9708037165733676,1.6597296202263294,0.2736333306828099
20240105,0.12353521911018621,-0.5577634339689357,0.12508329334523793,0.05124608079076229,0.07658514183184366,0.33061925063587094
20240108,-0.9138506552593644,0.2992438518285081,-0.3026357904786292,-1.2094528115614172,-0.3454390768296644,-0.8136465850508426
20240109,-1.536855384054299,-0.5323083235297131,-0.4256932086874929,-1.6666448860885001,-0.11220200453879324,-0.3214212291750071
20240110,0.08886788114009017,-0.21331045458428274,-0.15417920925384052,-0.2518915757383274,0.583220904527781,0.4722417450913864
20240111,-0.34344943872784744,0.25210789448904153,-0.3791316977173598,-0.45490447761196917,0.28641795239078416,0.0815512112929614
20240112,0.11268404527032291,-0.3545121820474972,-0.07615076117285798,0.28072979812605287,1.0310080708097529,-0.15533787816358263
20240115,0.37923676052310434,-0.08417655192165803,0.32542695922986237,-0.6242701472731144,0.08146781424412508,-0.037548793183645554
20240116,0.68217453774064,0.6264825916218785,0.1705692788034604,0.49945542793731573,0.3762080092514248,-0.16857538319248838
20240117,0.7660654516880357,0.1947409838343214,-0.10360200770105177,-0.4023951334587769,-0.32176066530821784,-0.943053165952905
20240118,0.5920087197332266,-0.4901736927915151,0.06653290623225538,1.242327636436417,0.5113606955100037,-0.1171495715393375
20240119,-0.13853946453796126,-0.440390823049283,-0.12818259431580398,0.17707713925071694,-0.08561429866476838,-0.14189208307679252
20240122,0.26725079083386166,-0.26224469809486367,-0.04878220665118238,0.9186567120130544,-0.7249371371091433,-0.6245700423869458
20240123,0.37486656815550157,-0.9449138718181893,-0.7454205101472354,0.9507876096964425,-0.5381911320367062,-1.044852665972106
20240124,0.4280139064653331,-0.28742823362971115,-0.894948133622275,0.012312754063044341,-1.0017193514408707,-0.3527954176349898
20240125,0.2640960080706602,-0.1775147490606642,-0.23782329443239494,-0.7009138667669425,0.05664697458831616,-0.2567238987756838
20240126,-0.3144366360086088,-0.9123310489836688,-0.2809355353275568,-0.8958329646980184,-0.022848559538791155,-0.07830180460055888
20240129,-0.8789691206540757,-0.46049008226458843,-0.49796071313557244,0.7746258160997435,0.5070973322793206,0.01804661695196179
20240130,-1.7043790564719004,0.515746300897415,0.2955677133458546,-0.07719908089710291,0.8608549010039913,-0.2470921442576852
20240131,-0.8434551101691825,-0.5364627952987169,0.313207775867474,0.21262165146058698,0.531139953074546,0.10358141138120294
20240201,-0.9044309213494784,0.14623927538500325,-0.5540289582040854,0.1442592847056405,-0.5168584412198075,-0.35738764519475746
20240202,-1.5102635090064644,-0.0128665480655185,-0.7621424872228628,0.2987136708530627,0.6910815489151592,0.3732770097409471
20240205,0.6520994597430709,-0.6933966132540138,-0.5731427884734481,-0.5456144141578405,-0.632162836431982,-0.3357860914374519
20240206,1.0474765893945837,0.37334851721268464,-0.08657937271042401,0.4207849018489285,0.407831163256847,0.7546146386822395
20240207,-1.0843862645383184,-1.1622951424608925,-0.21431401190869373,-0.3543171131630838,0.5089639477132668,-0.2914077153539617
20240212,0.10796642653637496,-0.3869824004032801,0.5014157144328227,0.4286856427164871,1.2178223445295255,0.6237972560042788
20240213,-0.3090044754395937,-0.420541773132961,-0.39138171004351413,-1.9446458278317147,-0.5970128818009246,0.0129406879172672
20240215,1.740029597834129,0.8929086826689939,1.3434974863333078,1.2411293669321504,1.1657106740932184,1.0673951416437195
20240216,0.781250760829108,0.099532785849822,-0.8320453325521091,0.8854522017700521,-0.21791074121721601,-0.4738260606189432
20240219,-0.6910441291375857,-0.5191527038383461,-0.23833620546329778,-0.5015760206410501,-0.5767676355870669,-0.24576920370718583
20240220,0.37294765330126833,-0.20920804525780748,0.3431970440761576,0.6884068975848481,0.142199015693741,0.23603353697111165
20240221,-0.4514074068105562,0.03366766110755207,-0.6450062001259596,0.024123651126314448,0.6007109385982512,0.32375583711383343
20240222,0.5672569320637462,0.37099623507321833,0.1512786234157266,-0.4178488731969385,0.2565272897702583,1.012780219215823
20240223,0.433948581591987,0.6461735780524279,-0.09235336567204211,-0.8783747662763179,-0.3142307649832614,-0.22818659138113645
20240226,0.047223435650744446,-0.44702906592912517,-0.34995251187237963,-0.11643522835245612,-0.2021938239413782,-0.521512990341201
20240227,0.1057070644536441,-0.5112450141798677,-0.211065919039306,-0.28956328751279126,0.5802964450020357,-0.3763861145697271
20240228,-0.4237539454823765,0.5075151836586013,-0.37306185619024607,0.8587905397066553,0.3714740986454646,0.8276718438477728
20240229,1.0865108403288128,-0.33795394365490566,0.2685687848437894,-0.34877977339136346,-0.4347498170279708,0.8329972669854819
20240301,0.2534096359431854,-0.18694657005699278,-0.27476784354070305,-0.053297098994205996,0.4425448704763482,0.24449283792662657
20240304,-0.5720580358896447,0.4374865739091671,0.10998166828426299,-0.34016537837819105,-0.07993793926785307,-0.9141790643648032
20240305,-0.564316242076531,-1.0684768105194438,-0.6515307035768557,-0.25144481735150276,-0.04861330544571377,-0.49850854947644213
20240306,0.32086621231586787,0.7442918808379699,0.2575986410644234,1.4922962721955428,0.2728857320566404,0.12777550863395273
20240307,-0.3202068423280032,-0.12536319494536896,0.3865798198622605,1.048201653458452,0.06907367881964982,0.5291242166814412
20240308,-0.7746920538513477,0.7658556886843737,-0.033428284777511946,0.2751856155649127,0.43100414859123015,0.037500774029706904
20240313,-0.2119926975448099,-0.1269012187477633,0.16487910895417404,0.8387709044466873,0.57683425622233,0.12808572314792557
20240314,-0.8072289926120477,0.46788540635832243,-0.04768166933723422,-0.11165401170448257,1.2970218715820676,0.7873543667872431
20240315,-0.1201623869025666,0.6053107446143924,-0.2890811546947912,-1.7120134777659848,-0.6536609859569587,-0.5524887599014922
20240318,-0.8070874942709163,1.2949884384138532,0.7261080933584806,0.09547311612142698,-0.7085427620687155,1.104300491412712
20240319,-0.46009590628654634,1.4132263438022699,0.6965387393221559,0.35393950326708123,0.6671024970255967,-0.010396185511805808
20240320,-0.26607748207009546,-0.8049386272355362,-0.10059526730162884,0.7673228227549634,0.6189960451270542,0.03091356381040569
20240321,-0.3569557877237083,-0.5011263229768718,0.4930168437879163,-0.16598807424492407,0.31470287391958407,0.4675290763307476
20240322,0.06972817367230279,0.3800971468505212,0.04030311327030839,0.21721791486891898,-0.11590639187101429,0.7279497921679795
20240325,-1.030054934377933,-0.9400414343397482,-0.6010955108159249,0.8021925428409148,0.4833618819193022,1.329821970193194
20240326,-1.7247710761211839,-1.235298586460436,-0.4744365272484669,0.2031606137176386,0.04490885948651553,-0.07859576277852688
20240327,0.3243098471161799,-0.78409753488609,-1.0696256893033016,-1.074544064584201,-0.007848683599397046,0.20641428914660812
20240328,-0.18276206660181735,-1.630075563400113,-1.0892766778523977,-0.19849428249696716,-0.3644989171166044,-0.9458697932957182
20240401,-2.042475760279533,-2.2648538958218696,-1.5073816602947567,-0.6681559317398228,-1.8007321052169223,-0.7518888366592097
20240402,-0.6095579496685324,-0.7624793047099842,-0.21305973540463063,0.3326051217435902,0.994279500065379,0.5853956182646838
20240403,-1.0397827770382406,-0.846469565260781,-0.19167386949094514,-0.8432817092454467,-0.7730933353705239,-0.0841769631633887
20240404,0.6782631569667752,0.6140268173884009,-0.16998900871655104,1.517938393184806,0.5057113589382126,0.7947097913167201
20240405,0.9291074060741344,0.18297558436097142,-0.09404646727884644,-0.20600203672955564,0.12286723998269004,-0.3179657070078896
20240416,0.5462818856776449,-1.3584928771619638,-1.160395320192252,-2.044324196634066,-1.3439058640317703,-1.086073760414504
20240417,-0.309391932709901,-1.091546041768402,-0.20887605742187504,-0.8865493058426611,-1.0544723223880617,-0.44908264316973173
20240418,0.3618176334625323,-0.26511846586514054,-0.25689517327676314,0.5323817834731523,0.5406414163185418,-0.12547739613163542
20240419,-1.7966632644569076,-1.2527420601959847,-1.3212728573596044,-1.0533428765153072,-1.0899752327535899,-1.4903376863774733
20240422,0.20917731184129404,0.27072355909395573,0.05465316347010356,0.12093294125185546,-0.0881438839713008,0.42067146546594564
20240423,0.14384664611451048,0.0360974366266939,0.1556622950612383,0.9539184679891125,1.110648148747338,0.16524086482333417
20240424,0.458773108730618,0.3259699904575968,0.1928652360184478,0.7818346701974976,0.38915796244983364,0.23708560607202328
20240425,-0.49388786323392936,-0.6342254862297098,-0.4182740713596502,-0.401868306212128,-0.9063357405881035,-1.0607643517530405
20240426,-1.5146494638355783,-1.433963277595587,-1.1564697134438746,-1.9027736140191847,-2.116570046094253,-1.9347621846319183
20240429,0.07885254513133205,-0.046246596201700484,-0.38334839003254617,1.1683912887059813,1.9149719014351918,0.8699761810131301
20240430,0.6412896740842516,0.4582234543057666,0.9476771453831988,1.0297879793591236,0.8138038720744633,-0.06102882042740012
20240502,-1.0631923173836049,-0.015506022202757937,-1.2439247631182908,-1.1456794443338159,-3.272276680759985,-0.8958710495716076
20240503,-0.02919333966866628,0.07448032859952808,0.12109486629698434,0.7187255537238981,-0.530285707233904,-0.1625509534845527
20240506,0.6693829912563072,0.7572802754623478,-0.10881535725020652,-0.15033218222805722,1.3848060849766617,0.7410646973400649
20240507,-0.28034237856629773,-0.3169838673124195,0.6425597266574373,-0.4879650153808157,-0.21206727869090866,0.3078682285582447
20240508,-0.06439651076350253,-0.07499781008217682,-0.33119776361073633,-0.4872778035232058,-0.3781722490080703,-1.1957445041362436
20240513,-0.06808277144945536,-0.6523446267193214,-0.5052025289042259,0.5564833248082001,-0.703367849701449,0.4480627234985305
20240514,0.42630788453604085,-0.503889924915185,0.27370657054929437,0.735989920735137,-0.2429966857525836,0.11250874776278832
20240515,0.4548770043978881,0.796832072150655,-0.04707758135163163,1.2915547002649619,0.8731944269591637,0.7686680530573241
20240516,0.27958652395445577,-0.7267777062569116,1.0488911583089686,0.9536673355896603,0.6925727839113093,0.4598534833699368
20240517,0.28678911206544605,0.039622771066621695,-0.24384227357642962,0.6382306850790127,1.285888463941064,0.5162037231901293
20240520,-0.22323038332250572,0.7481659804933531,-0.17933824763874487,-1.1197243618323187,-0.5994421361743653,-0.28229973461333535
20240521,-0.09371445475128896,0.22999627110570114,-0.3464632972845041,-0.7326042438780775,-1.3770614568434176,-0.647998057430649
20240522,-0.07896921561407474,-0.218481929291352,0.6090557594292777,0.3180632863187831,0.6934533929784487,0.1367144752184421
20240527,0.25363111528978416,-0.050971031678230985,-0.250241520559851,-1.6248284373067436,-1.735992889715274,-0.6830279879114184
20240528,1.3167210904880302,-0.07410562817039978,0.2565272155864965,0.8159213783917239,1.4302160026287756,1.2086228919062876
20240529,-0.6218816739457446,-0.12617900590668524,0.031930807139481064,-1.2619394960284236,-0.7172235028324772,-0.014071052274195948
20240530,-1.1368213975762569,-1.0397135653600251,-0.1502921538933404,-0.5831100542892784,-0.3728971701468717,-0.930208397377834
20240531,1.8559298726485298,-0.11115172993014114,-0.5588670589658838,0.3251351341904547,-0.2021520757327567,-1.5038532307813324
20240603,-0.6058159717532414,-0.06499284257791711,-0.2294850470364998,0.7442822385552362,1.9362350585467591,0.11959685913367074
20240604,0.5638602961409873,0.5082043571347447,0.2999436215463429,0.8217609676219522,0.27634672352095,0.5968667222159246
20240605,-0.21936392089338874,-1.105605834699834,-0.4652167531846949,-1.5519614494893168,-1.4377768989686794,-1.6990205274493793
20240606,-0.6414725982452021,0.468055830504695,0.4301431463628923,0.651924787220106,0.7112126915353559,0.5514934588590207
20240607,1.544567682868198,-0.33772402330496826,-0.23954268819957872,-1.1652553756387387,0.5056493681241085,-0.2635638980805237
20240610,-0.41520955127190257,-0.7845351882425475,-1.1652766457344017,0.7763844279518434,-0.7711664543233282,-0.943966295986963
20240611,-0.6174101962124325,-0.3160245850142115,0.38941257656012757,-1.3755521502272958,-0.939919925909748,-0.6518190845668934
20240612,-0.7003574154647029,-0.700748886931626,-0.7976742440753637,0.19017301341848655,-1.3852922294949555,-2.034122037285836
20240613,-0.3648623936195887,0.6264271778570831,-0.6916099831014749,-0.6102301322951288,0.7503733290040719,0.6284043022083392
20240614,-0.9658312915569605,-1.5699262955023905,-1.0606519215635153,-1.050036284619696,-1.9227531508221034,-1.240762872435418
20240619,-2.744992586472122,-0.3214457548566573,-0.9773263591176055,-0.5390667199475566,0.6145036331877349,-1.4980415214685794
20240620,-1.6778888953880213,0.6958885753582394,1.139978464876852,1.438762434351196,1.7047732751125988,1.2489941228443884
20240621,-1.6903573092032873,0.31823887555511726,1.555599862977346,-0.2873510071357769,1.5592224181480097,1.17683756474938
20240624,0.741841723288791,1.1846116561795546,0.8828004406406751,0.5664557257486751,-0.4152949531770717,-0.00020130974956206673
20240625,1.7450083676017654,0.41249553460702904,0.7615240104997163,-0.014447860125728785,-0.5934932307120426,-0.09352172453059415
20240626,2.463414009571091,0.5151082437346091,0.22258450007396569,0.052821028682324904,0.02521302669349723,0.5453937591772686
20240627,-0.09657826000672178,-0.4964398579057934,0.9184160330927834,1.105604948843932,0.8498557954572028,0.24451366333750058
20240628,-0.06978447510952347,0.1987013142095251,0.23136291645237486,1.576664581153094,1.6091525558109685,0.5996733752094461
20240701,-0.010139487201036681,0.3576884969210148,0.7375477674569834,1.324239564561419,1.7391956783840912,1.118753766383573
20240702,-0.1421571617568939,0.5557584891232855,0.4425703638949836,-0.18724664101110539,-0.4932352446782839,0.576706369358718
20240703,0.39277535193959223,0.5000030392680936,1.31921703108396,1.5683863411310406,0.5508846488359282,0.9557378449153062
20240704,0.22624358731757996,0.7254249199031357,0.7484017100813957,0.14655145854899018,0.4759882520307108,0.24021617814699303
20240705,0.8938084371009958,0.08658384077007925,0.6417247980647791,0.010267183224189267,0.7654516083728906,0.7901953751253346
20240708,0.7543478408934262,-0.008499998024125766,1.3365565804147272,-0.30649592162839534,0.09982943605900021,1.0375907982717607
20240709,0.778105342113297,0.4703331931613497,0.9468961510546249,-0.24315675145933136,0.5925867969219784,0.3528994592949306
20240710,0.41037970837974275,-0.3022075220163128,0.27001287956986114,0.47358371856155546,-0.31987769480432326,-0.23831372809628443
20240711,-0.9301415752677881,0.01924453901300073,0.6803436723395655,-0.06339577913975744,0.21405783555137553,-0.17244829474477147
20240712,-0.02697286072688445,0.6150368334237899,0.45572878477750456,0.0891289904309213,0.4230249878395256,0.4331323888534309
20240715,-1.048934516800577,0.26253244795368613,0.5909703120209606,-1.002050358094145,-0.44144882249894607,0.4464816101532068
20240716,1.1561852141060405,0.5001443750446815,0.23688483836524277,-1.4589054099702812,-0.08877412325496806,0.21570246412235117
20240717,0.26381282030528563,0.3198073882825736,0.5870285563736618,-1.2732947672191413,0.6450699649317662,0.4229560441223758
20240718,-0.24227576167499004,0.5089635317207152,-0.0871901710483084,2.3305584244833524,0.7287159339065198,0.6828386842311125
20240719,-0.44895144550936156,-0.4801543152549286,-0.5549069492458115,-0.2862040330191906,-0.4937764783668208,-0.19145415341804076
20240722,-0.9035261253015453,0.4970680038039942,0.2553050590750364,0.22173444316552082,1.2713032486180345,0.7310087405632243
20240723,-0.21085328025003403,-0.07978042492129585,0.10367328367726653,-0.13530928144130536,-0.5117550771835374,-0.6965107145532063
20240724,-0.44522031929093786,0.20217126965968446,0.3160573046070056,-0.7486628578052055,-0.8167028004254029,-0.6459074584610727
20240725,-0.5150398871748546,-0.23695208733662426,-0.4962247338970332,-0.4775670957563811,-0.20837984475608035,-1.0489005471698591
20240726,-0.030310681925871663,0.7348229285328923,0.510946356928559,1.181007391666707,0.49363191358322617,0.9649609575540218
20240729,-0.08178377197966519,0.37529936083404747,0.48362844216108447,-0.02698384983819308,-0.16055835286792644,0.43202554211570976
20240730,-0.32521736248046496,0.32202193310789134,-0.3247920683833597,-0.5998190518474568,-0.36127349811561527,0.29206037305295285
20240731,0.06535862985341527,0.26156105072675884,-0.04839087687140236,0.12449144153012985,0.85067550074093,0.181921760944631
20240801,0.2953362769129201,0.40061759744111497,0.22561461867186555,0.6434709289982518,1.4669007814227772,0.2660713624380175
20240802,-0.6295703754533356,0.6181385933807806,0.3095728146516331,-0.48004192652908617,0.41441843211144763,0.5051988536353341
20240805,-2.3973093210072007,-2.199647988154324,-3.0453644075460486,-3.7331454485127202,-3.127782587855094,-4.728874890230991
20240806,-0.4778296549482566,0.68493679579813,1.455750175943396,1.0511155936823475,1.1099110504523908,1.0622286666083824
20240807,0.4352156887836612,1.1930181025866746,1.2628434233197376,1.392507371358011,1.007134523978661,1.3515156217564062
20240808,-0.3819411446916133,-0.28711997067869155,0.14652877740988915,-0.8366570338038575,0.16355198961243508,-0.20404967093415505
20240809,1.2215230081927815,0.4876609908548344,0.8786729069282505,1.232957645885835,0.6218716099093515,0.5813959151594682
20240812,0.7247900977017749,0.2883332769101472,0.8319875366613744,-0.10532176145491517,2.181110182846912,1.1059508505109747
20240813,0.14187629163972398,0.4951968167968497,2.237347343105639,0.3196543820285804,1.9462291152198532,1.0339948463149795
20240814,0.3419551761790232,0.3272167187479552,0.4444170172999265,1.4264298769531163,0.5656816105579847,0.6711403059560871
20240815,1.119502734805505,0.49143521581264565,0.3262990962246841,-0.5380868801676733,-0.4648546076864652,-0.06845026900600945
20240816,0.4389122391432912,0.8653127069745338,0.2388284074556898,-0.14989060223617745,0.6959154921061533,1.1936082130512102
20240819,0.43399103754408785,0.43043936569287955,1.3005826991325489,0.8826690195206038,0.3303645937831888,0.9905102126533714
20240820,0.6092291047756745,1.080197426808502,1.2055204717798422,0.67048541050242,0.8567552881453934,0.9428435276139242
20240821,0.47030318935927923,0.9620072583288249,0.343648936022623,0.1820683190932057,0.38258174846193554,-0.22464276126815436
20240822,0.7133040402231685,-0.4104290112882488,-0.5005263371058655,-0.555822470551636,-1.3120302408100626,-0.15472198289240544
20240823,1.8848155216983762,0.9368791226862615,1.659788054265859,0.3333351244296454,0.7180202733953516,2.1826165677758014
20240826,0.790084404151307,0.6034520573561503,1.1530262245115064,0.8641946307268431,0.627955654226655,0.8859416880037484
20240827,-0.48800445153042776,0.9202093637959142,0.33814294432977965,0.3327903743557187,-0.08033041415343366,-0.05763196706374138
20240828,-0.5831881604162661,0.3435318991050236,-0.1186812001144548,1.31315870580773,0.6215276955587961,1.2506408610492616
20240829,0.8463511628150587,0.032995305759161715,0.48008734463954283,-0.08847393571670321,-0.7653156861268035,0.3586344792240956
20240830,-0.41405625947889163,-0.19639689748651795,-0.0033197161559345907,1.1181611692233766,0.004834516521724334,0.23878445226181774
20240902,-0.06671435695694655,0.07234859017395179,0.07781198385680409,-0.18162618167002442,0.7341980330010709,1.2586029015969922
20240903,-0.7782872027236538,-0.4227117230489306,-1.4466622948719448,-1.358270377985849,-0.7515381205843983,-1.3311589404469848
20240904,1.0640466874162982,-0.5163882537324714,0.10633560000446803,2.28231569668635,-0.12419477567193841,-0.16146673322405036
20240905,0.3087077179378237,-0.09571787479243668,-0.08811910053448782,-0.5707196426865198,0.737437598887991,0.9767552271252901
20240906,0.6159072177022846,0.7650395291200673,0.8543941334572246,0.6672107030575315,0.1705775914699139,-0.4518745419536706
20240909,1.0871555538335338,-1.0728917270214282,0.15147218808424623,-0.2849833253299381,-0.438306034360488,0.17169092032335168
20240910,0.5614179490545598,0.49320488607950935,0.14960630566613142,1.4261012051063973,0.07560566086563235,0.17448871431812657
20240911,0.7914660110613212,1.1356774873058302,-0.7744300375803804,0.2663906228925158,0.4394941607426544,-0.6365886079942104
20240912,-0.4570287907811631,0.6969217311524324,-0.14325330766957484,0.09924642955835647,0.4042792933824411,2.824165873206244
20240913,-0.19333435279031072,0.5932428085009124,-0.05075034380553222,0.18897267130964995,-0.06597994032927333,-1.1704562212533935
20240917,-0.381046064702252,1.1988941120082541,0.32596588964058393,-0.8587027582195327,1.525947575771748,0.5227826103665414
20240918,1.540546037643049,-0.3654083125882346,0.258879589157322,-0.38979389263377323,0.41916302930266447,-0.4583664054676165
20240919,-0.19139782395124055,-0.2760363884193223,0.244847424326097,1.3647006311290197,0.3557441619656586,0.7405872423698717
20240920,-1.4312844383192262,0.03572447925625265,-0.8765211866045841,-4.879714570311725,-0.3605747415013666,-0.5519763167442431
20240923,0.0018123014062830282,0.4911480011171968,0.686506571903597,-1.3048708007553822,1.2250149401897732,0.7841290565395408
20240924,-0.13049037766695368,0.0656900543506919,-0.2872311276550755,0.010063965203643693,0.09160217747633083,1.0289822868214196
20240925,0.053638377999411756,-0.6184831133873299,-0.14945054899560564,9.56849269762346e-05,-0.9136237177762414,-0.9726769379868688
20240926,-0.06685729263093713,1.1232357518362743,-0.6772341306652401,0.42975696384016415,0.30383922919324313,0.730723097026289
20240927,0.3771988423178471,0.3997143980990596,0.2769945769594567,-0.7423917676524329,-0.8353662375254362,0.9575324608046794
20240930,-0.1283278035552154,0.37240405579381697,-1.0815762100888833,-3.242607510096998,-1.0189500583596707,-1.3374854636780544
20241001,0.23169303909654415,0.5061402493133451,0.7466609686458135,1.7005761954804224,1.2416377863159118,1.2656419051604928
20241002,-0.9608372478893887,-0.5324423972444875,-1.1239736395897857,-0.7007828777202579,-0.7431296993123659,-1.4751656754760263
20241003,-1.1698895014612523,0.6225713507622597,0.6245927464277464,-0.762806329831063,0.504606205795279,0.7983534601323604
20241004,-0.011788700931933334,-0.3087540126290596,-0.25832740166907925,-0.511909345085749,-0.3731219705063783,-0.7156405800012334
20241007,0.13192698847026094,-0.2667218656318555,-0.06990242507229615,0.023118727865158985,-0.028529599030074355,1.0971655844082266
20241008,-0.5088216800708076,-0.4992122603992543,-0.08261592794827126,0.40503669556084854,1.0333487045642613,-0.6850939242993146
20241009,-0.1659778130243294,0.7657891065996738,1.3566489860882192,-0.6861466745970897,-0.6786024310627593,-0.5382713682592817
20241010,0.6074505259452353,0.11170699645010557,0.039007722398298396,-0.582033114081478,0.14716020981595987,0.11203858470547844
20241011,0.5206110061471514,0.49052440583223145,-0.35374340459943354,0.3893157642355304,0.5122180328112251,1.233254749237573
20241014,0.5336582086726652,-0.01707386566323266,1.3576334005087267,0.9347672615868777,-0.17030352526866266,0.4762465291983986
20241015,-0.01939699907800566,-0.14087161717188393,0.45401131133369205,0.7770547687576135,0.7796868961951283,0.08818579581112347
20241016,1.2071083867450256,0.026118059394640986,1.1433072597224825,0.6567612327968742,0.07984310254136087,0.03977931466465455
20241017,-0.18214930018611947,0.3084261249719212,1.7198818388653236,1.2054045412658037,1.7353641922284657,0.6126745730699437
20241018,0.8872639482453719,0.591634316160792,-0.30036957876470605,0.39383772150786267,0.09151024375895317,0.2827837783334348
20241021,0.4115604869874471,1.5210269116256678,1.3501939009534365,-0.1922798323350345,0.7441674114235662,0.5034022244938013
20241022,0.6080966507021329,-0.9685455967193523,0.8614411909037312,0.7241103864908047,0.18085378795471052,-0.3026330769130767
20241023,0.8342142315462995,0.6263265201683292,-0.26244297556307583,-0.044377304957572396,-0.400505985762085,-0.006935900345267454
20241024,-0.493030471117396,0.8523961731007368,0.4124017713019862,-1.159812888953361,-0.565620434938301,-0.8372118789499764
20241025,0.7337611403322208,1.52289301523478,-0.5160985624095948,-0.2816205054349632,0.004318954323558804,-0.8910344690305206
20241028,-0.6634953948437401,0.2928542233442172,-0.006760945607786747,-1.2346063346456029,-0.5201995693367392,-0.3483336109001643
20241029,-0.019453290727449772,2.1575127343740648,0.7012862047578841,-0.1718053368425075,-0.7105788145314397,-0.33772279718030207
20241030,-0.5125414520718029,1.4806269762125244,-0.05172242656300809,-0.7815775944759067,-0.2976114816067768,0.1145917236937227
20241031,1.8071844097550551,0.8118932475209258,0.2531851171232506,0.540283337900858,0.12696488212689305,0.21327278426715598
20241101,-0.06603270145877799,-0.13874658837471515,-0.15172234632121728,-0.7123148666555955,-0.8745136555691004,-0.9567541053088215
20241104,-1.0691197248311908,-1.1337900221299329,-0.9715831281809332,-0.7088527897905408,0.13438864181140364,-0.5516738231019833
20241105,0.25154774992181617,-0.9906436280338573,0.6972596793277249,-0.7754400854096889,1.1279525711038394,0.7012282367007582
20241106,1.5566618215275922,0.13624317953214046,0.2681926715118502,-1.0134966158513894,-1.9674356469205039,-1.0373902536941546
20241107,1.0391086795395328,-0.5313296737451045,-0.8890340844729662,-2.7046670103437993,-1.452181942259874,-0.7012316744912672
20241108,1.8348276979283868,0.3852672606750552,-0.1365548879027386,2.3070212399233316,-0.6461226249192624,-0.6285086171244421
20241111,0.7519810338171928,-0.5553411846716145,-1.384377511818781,0.22121246376378972,-0.8576640124522675,-0.41096436048188484
20241112,1.1412913857336977,-0.37420172234058324,0.05889374693719765,0.939491367317046,1.1161642424401093,0.7848387921965705
20241113,-0.7388450121499894,0.8626015519706872,-0.12404775704077337,-0.2715145638668048,-0.1238492407304852,-0.42355840035974573
20241114,-0.7035464028874552,-0.7186383303113961,-0.2823923224694485,-1.4597429959186448,-1.0713567406483835,-1.4536029255053544
20241115,0.07062515425498253,-1.0720675380295819,-1.743548045000428,-0.7945275837209619,-0.6917308422814785,-0.38712413931917855
20241118,-0.7847508670110186,-0.9681650426075338,-0.8619952921750837,-0.6438523957269008,-0.3870879345551221,-2.2511043703431857
20241119,0.7801549775529222,1.2521710498539256,2.232225413736627,0.8973246839032427,0.0004493233991061307,1.186383904677398
20241120,0.3194445827470094,-0.20334159540773897,0.36202928722805905,-0.32245880614429995,0.2145714355821522,-0.28360863063269
20241121,0.4623954875522025,-0.13130707459777508,1.8380693392316585,-0.43766329501813905,-0.6343829633218213,-0.523370443591043
20241122,1.2568779892006225,0.33086749099564733,1.0129731104607442,0.5193762249195926,1.0236424544744773,-0.22988446478282676
20241125,-0.2501769665308602,-0.5739924416216143,2.399292897401121,2.0214417299742706,1.5239730439733061,1.1488572576692495
20241126,-0.7926509708215707,-0.7071670961217693,-0.7055467311471914,-0.8476133663996608,-0.7373267751617704,-1.0391172044353896
20241128,0.4113353551796211,-0.9459719796108099,2.0952263286928168,-0.17114374967332144,-0.41926011610872477,-4.407974627414553
20241129,-0.7105232220447243,-0.909389363848739,2.0935245197812895,-0.6640175689052863,-1.3572343683012236,-3.5586524412844462
20241202,-0.3533383333257945,-1.0003300923044758,-1.4431476601128224,-0.6121186280106954,-1.0205146516766157,1.4305979263698128
20241203,-0.9787409866326038,-0.13373542254476084,-0.1846825800858848,1.7420174961254715,2.420265675085006,1.479575443822962
20241204,-0.22542376033438705,0.914329847418238,-0.15054882241506537,2.547269520641738,1.0596848825780842,1.2369404367202954
20241205,1.2647954136546116,1.2404242881905825,0.9278610018154266,0.7034530518247001,-1.0018249353549815,-0.5519836141151949
20241206,0.4870824968658197,0.9823570259247538,0.3713149279317076,2.185315994565398,0.41126104520156376,-0.4340236670893315
20241209,-0.23138008730290718,-0.7587293238820509,0.43531414613449765,-0.10364500063819387,1.294375979130959,2.818733226055325
20241210,-0.026185287686525144,-0.6212782369776666,-0.4921348163953707,-0.13271321108860182,0.4380099799145603,0.6803225650908429
20241211,1.0592452207931935,0.0013402756549461116,-0.0034129946383210396,0.4426154657400731,0.34270220962551523,-1.2413110721709861
20241212,-1.2205177207585018,-0.18482467963813817,0.27814095645026815,-0.418035811212874,-0.8280145550148718,-1.2842670990747291
20241213,-0.8971038605115828,-0.8107132902183,-1.6361241297163907,-0.8375670989967996,-0.6509901391719278,-0.4076402527539941
20241216,-0.9241894089547428,-1.2206504287435946,-2.1938731628954997,-0.9129319015493157,-1.107504353473762,-1.1058385690260484
20241217,0.7418380566184152,-1.449959211886551,-2.1824455647846612,-0.41729592627493955,-1.686289604795747,-1.9141171546117286
20241218,-1.1821278931580077,0.503542609587357,-0.895601732234121,-0.46268209318427905,-0.896240770572478,0.06916441535546068
20241219,-1.5297610308691625,-0.9949855619835312,-2.5270302596688086,-1.3681446354107538,-2.0656092032967166,-2.631051269463278
20241220,0.7606431962835616,-0.8593466833750153,0.6998367307153256,0.7399881478446341,-0.13939739522820993,-0.614872565528847
20241223,0.04169548090524996,-0.012762794829227696,0.9567079581294802,1.5578185688168105,0.8150578311659341,0.8939223890277416
20241224,1.0794129531651633,-0.034317740783746935,-1.9435988070532695,-0.6641829304152114,0.01658936244506021,-0.2737922928185477
20241227,0.8858961210980251,0.006950917039996748,-0.2053554083138796,-0.25890648279837813,0.03845903462643476,1.2303919196362214
20241230,0.17977343682760571,0.5806382714666645,0.4836321278124253,0.7797219603022911,0.7272780948759846,-0.04283212854456333
20250102,0.18709495604917836,-0.5424174588002074,0.5160477159767075,1.2080035742588104,0.9317853952608818,0.7367741543618126
20250103,0.7007157519851436,-0.5148417538595996,-0.4208784796543772,0.0020371610863917917,-0.4735371767317519,-0.7756511913701899
20250106,-0.20429087236426302,-0.6619977748159896,0.8576117237135493,-1.1200950165330128,-1.3946404991006296,-0.9329116392447758
20250107,-0.5918886931821766,0.6305913433869774,0.942957399367273,1.1482309638081303,-0.48406174188687556,-0.01281660782197257
20250108,0.04044804033575166,-0.6295772523817935,-1.22923020619043,-0.07844226174076392,-0.3370010126828703,-0.9193081399230004
20250109,-0.681844394248352,-0.2732462945840147,-0.9074605898994602,-0.17493282718986528,-0.08963044381538078,-0.5422100728643688
20250110,-0.7419013588735592,0.16544414559729648,1.391984657636828,0.36707498395537713,0.29099371590846945,0.4267500340443078
20250113,-0.5655283278247012,-0.7748483611002023,0.010302142540408975,-1.2929501740062217,-0.41385746650551203,0.4745032475253976
20250114,0.024306348942024096,0.26594780482148356,0.7929867833036452,-1.6334621661366102,-0.13867756766646672,0.13171214119219984
20250115,0.569096909994379,0.09147934237268636,0.014252851987574328,0.13641430107462355,2.472368668114683,1.6679064848511338
20250116,-0.3963552746315395,0.47994684658221026,1.0569739047603097,0.6098450365260251,0.23988538534246506,0.18935382284785274
20250117,-0.7335558519791991,0.2195840551952471,-0.3420180911543672,0.7373641470297952,1.0505572620609793,-0.22220423253838795
20250120,1.205693326194619,0.9510896673535036,1.2868767987943157,-0.6159105445077425,1.0862601258348452,1.0309306542802956
20250121,0.7779999953409866,-0.4203564981194687,-1.3719934955144035,0.03964272015961301,0.9159935897987279,-0.9330656736557889
20250122,0.5878230916214432,0.031248074442014995,-0.8190077709973549,1.1331929062659396,1.2394124825032378,0.2727820867144679
20250123,0.23877370444330467,0.14139374523763923,-0.7159189707195149,-0.4154499004832335,-0.364480024236504,0.0298149924009182
20250124,0.23766093952047174,-0.3254587206200454,-0.4220763887949566,-1.1308426806193883,-0.21420965437655903,-0.7302264452142354
20250130,-0.49506461663549517,-0.43874714814593874,0.32681088694105065,-1.9122424317421176,-0.4739381913321566,-0.863285907125926
20250131,-0.26840030194977393,0.6452133051520201,1.6449734329492889,0.20609710513811372,0.12554083537516214,0.36814080177284497
20250203,-0.9349901444786068,-0.09417272493918413,0.10353216287995741,-1.729048151286941,-0.44653726391971443,-1.0745204268043385
20250204,-0.2125169186346222,1.4275728038795437,1.5110585889902561,1.9425123119105832,-0.19141373134661838,-0.2975329388020188
20250205,-0.37240051164639965,0.8247587675562129,0.18444775347352593,0.09095836777431764,-0.963864603599657,-0.4597674290688806
20250206,-0.4658824966332941,0.7925291395722897,-0.6602616041097215,-1.6981817998646687,-2.673089498656625,-2.471309702924111
20250207,-0.1401861766915712,-1.4231665250522858,0.04151189008304625,-4.820441130035935,-1.868401780279664,-0.3919228350589496
20250210,0.8509064953158818,-0.30779350287547086,-1.0122139722033079,-1.2221917494248435,-1.2644333903700535,-1.4921544705046006
20250211,0.44894808978950884,0.0995018361329231,-0.8548914902428438,-2.871880943653164,-1.318671380360159,-1.300756017469611
20250212,-1.584843272133758,0.5716208971798292,1.0350817033661868,2.6120967060656173,0.4458519227499287,1.1780829451222223
20250213,1.255003664729372,0.21307315263023296,0.4172928384184143,-1.1883837988368626,0.9547133389688686,0.4842571579627069
20250214,0.2517391306593999,0.7936485824375753,0.9186609865179173,0.2898175538210273,0.29799273081828864,0.8372956213847593
20250217,0.6195674180415902,1.0777810209536232,1.2619319648790248,3.6515286371455056,2.4017220669113395,1.6386641542240603
20250218,0.0718544862497271,0.9428093020189232,0.6103041806329613,0.49377496588840175,0.3044555886230433,0.34796171222790984
20250219,2.2220487619854685,-0.530172315898878,0.2646951950680532,-0.5868194952359727,-1.0755916025549352,-0.5654931979889821
20250220,1.055552977380183,-0.73207948374672,0.3893853130544763,-0.17805870044310215,-0.10089095950988772,-0.7057679853441945
20250221,2.44651968270593,-0.09068019416744007,0.3125437344491973,1.0616153791425373,-0.010629056221424934,-0.9479257272103152
20250224,1.7033349440251904,0.6500154310286979,0.20223532033613772,-1.322583128055386,-0.8754214540185199,-0.917626047903803
20250225,-4.260524064038064,-1.360230723095651,-1.9512426634837654,-2.2081215903183202,-2.8116104116386325,-2.3214674040059062
20250226,0.4575718347668359,-0.023983553664011597,0.5752645354881977,0.6197899516149981,-0.27090628573243575,-1.103435038781392
20250227,0.2893374441064852,-0.43693150533265274,-0.6061162340642874,-1.6319195383351373,-2.6463506795807428,-2.1564032424800166
20250228,-2.0644920146087684,-2.8491892654997892,-2.4039741815085085,-3.1036248277152403,-2.890245171489661,-4.021163977612363
20250303,2.0625754133037635,1.2454912331155568,3.491527604919234,4.182725105403695,3.1817943696015463,2.861797822195009
20250304,-2.7233266833349346,-1.6540402151030347,-2.106486845126937,-2.964077713080462,-2.1043399681656196,-2.8711945291010057
20250305,-0.420254367194374,0.9262443562163553,1.663311663045936,2.3165733384096616,1.5040198854751292,1.228147990495828
20250306,0.30642053502251393,1.2916626216659381,3.294227198376788,1.4905863294365627,1.2763676179825854,2.274647198438951
20250307,0.23039910815252332,1.0693491009788048,2.001236182284162,0.9453775286063001,-0.3009155184712683,0.6330047113906336
20250310,1.444754930149272,-0.8073819411309283,-0.3808160252003741,-0.7108403942017034,0.16466222105930983,-0.5513886258747808
20250311,-2.1353346646842497,1.0888864753824965,-4.084847670429392,-0.6343113204042783,-1.2189821410598916,-1.7931271040795782
20250312,0.022343077864415473,0.36394622327641396,-2.3973279994051393,1.6284829921308537,1.639614600101769,0.48816243947475846
20250313,-0.3276995575142103,0.2389504065990981,2.7189991556769835,0.3863308016976427,-0.8470151495310907,-0.23902719234402686
20250314,-1.8715836822685357,-1.2219031805997294,-2.698813627315039,-2.702268726737053,-0.559026514720115,-1.0239118935413958
20250317,0.2896621135177285,-0.5345851652666045,-0.8670545149078813,-1.8154398192058312,0.686602652481069,0.7141554125955397
20250318,-1.0400481907165722,-1.5477859825469258,-3.3634929835269474,-5.936566746684516,-2.632197501990602,-2.27762451883816
20250319,0.6255935135132438,2.5645618201381986,1.1843487131018624,2.2117700206681015,1.365700422325423,0.3383167479087655
20250320,1.4232640534591512,-0.17133679912500968,0.4734197893210549,3.1711133341237305,-0.38263991939366254,0.4068126010540151
20250321,1.677671040329711,-2.527797150925389,-1.8980572092150636,-1.0942639980023376,-1.8382181800013522,-1.7396650715770883
20250324,0.08934334272321393,-2.1652862838354237,-3.285373736937805,-2.376651765198534,-0.799501034322354,-1.6733810205994029
20250325,2.6618418848948666,-0.5822093876690199,0.10264968269888008,-0.08102503308155465,2.0192850603566295,1.590890942657502
20250326,3.471167886406816,1.9206053308201336,3.069682710763202,3.475218293493571,3.5568490579696874,3.7545802333470766
20250327,0.8420401752317421,0.3463571580048733,0.6542236581728232,0.7160331499578539,0.582036095674618,0.5037754245665275
20250408,-4.637598750059805,-5.871024501007862,-6.859122753401531,-7.520265126147027,-8.190821628042938,-8.320515839194496
20250409,0.1448654545321892,0.4856015006454951,-1.0217522585915209,-1.6606001032224773,0.6207476129709445,-0.44360522495516236
20250410,1.72620990873319,2.845427285736799,4.759606892978235,4.856364683575538,4.865108038581897,4.364651335934446
20250411,0.07868470469205167,0.35086479334269877,0.8446337757521661,0.7021765751551705,0.6583110089324669,1.380154383695953
20250414,1.263115152715916,2.084808998543447,1.9496582458452685,2.102284706079286,3.4666479198577216,3.0626913218304694
20250415,0.33327629240032014,0.4100823414122624,1.7962154020532972,2.6485449226365394,-0.01984924924175086,0.9343310272653859
20250416,1.571936499389894,-0.2909914239134941,1.2227140829606045,-0.7196345709448541,-0.6364165445487515,-0.6467432553143954
20250417,0.6581950102420643,0.5923264932906274,-0.13263333267451186,0.867796235809113,0.6235248258729353,1.2715970061058781
20250421,0.3626561241298585,0.30903592901685456,-1.2011547206484594,0.45358795198789903,0.142701508534308,-0.2808089661146378
20250422,0.13320213718420404,0.1533584994027586,1.2361536662184682,2.1177623891711654,1.3634613048615785,2.422549730573234
20250423,0.4275762205382885,1.4764317475826625,1.082952968232688,1.5423883538043666,1.279245804397273,0.3761855718726401
20250424,0.17916484358409313,0.4164580790824447,-0.12182595211346302,-0.7839108324912185,0.09822316704751169,0.4407804109941716
20250425,0.789463647333881,1.049083704790377,1.3808075721985926,0.980606996871126,0.8492875759977018,1.0946610033613535
20250428,1.3653188512983534,0.8555502888512484,1.8091269364854032,0.5838899232307241,1.1750218548410878,0.9832915505165493
20250429,0.4209037513892107,1.0630668547573159,1.992425800096134,0.11535194309880607,0.5991044810484991,-0.23745403349361327
20250430,0.8239609686638484,0.4831234171684792,-0.41031680227534917,0.47184584025573045,-0.34437776316054236,-0.28871826664504174
20250502,1.1366667856275008,0.9968765067367065,0.12064701258987656,1.3996390627279625,0.6181228586688594,-0.6141146372603097
20250505,0.6511963604117804,0.05636277287578615,0.8103878436885145,0.21421628633615583,0.37336560355889714,0.8975844823004817
20250506,0.3321107550572154,0.4273975420309171,0.9463475587171392,1.2471191341906538,1.1771359501347214,0.2959596839679778
20250507,0.7309301870879991,1.0342138230433955,0.36794035354220117,0.42387077401791257,0.4373832086795159,0.4506098609077672
20250508,0.05066990212887095,-0.3636579304391163,0.06456083962583574,-1.3449025154677143,-1.6695235254146321,-1.200444856670047
20250509,-0.03132701424332856,0.30058985611809763,-0.03741968371661793,-0.20554688733148627,0.3186009538186514,-1.3539104896347787
20250514,0.8492262769515339,0.7218075816813553,1.0202256430849428,2.2097856319558806,2.204178020242661,0.9151263091348252
20250515,0.8048571910965996,0.7582443144472583,-0.48485616950490645,0.3840831034316406,1.5678885130708804,0.8424243079035733
20250516,-0.3376873623263672,-0.2950326770314972,0.0036013906121953832,1.1385184728752484,1.0962019916948043,1.7705295949494686
20250519,-0.1871552558417803,0.998511510830089,0.5102850708567397,-0.11744567705508202,0.7346579897394451,2.5991499753437353
20250520,-0.9971002655072357,-0.15919345974417257,-0.6049123846705677,0.020430645993729114,-0.9162551797013527,-1.5409179452201003
20250521,0.46368521359104775,0.48688153162622416,0.4401539906181504,0.7582578153260809,1.0569891163234377,0.5125542211286122
20250522,1.0056984436774634,-0.08957807835932399,-0.4200504415115963,0.1796348672414172,0.46214970617131634,0.513750665050805
20250523,-0.4424593932908594,-0.5985633576771866,-0.5789226179155919,1.5016993112527643,0.4828223053692535,-0.4419245098391385
20250526,-0.31340080554415006,-0.6598980628142436,-1.2700991920934301,-1.3265940941135914,0.493204452845989,-0.6999324733765746
20250527,-0.14424220139573624,0.04935715650892641,0.4202102279821662,0.31761240943183233,-0.40161326323116375,1.759777399215866
20250528,0.3845028559731011,0.7901513934783092,-0.39636459909508415,-0.6753060518226656,-0.03957951522435757,-0.6722171853839551
20250602,-0.9211094365695813,-0.09219996294822032,-0.9004355699459907,-1.535411407515468,-1.1457955119851688,-1.1374950635501477
20250603,0.19427099967866118,-0.044540591797098156,0.2672865816001182,-0.43854234638001904,-0.17310258661995698,-0.15939302827360347
20250604,-0.6639504530485218,0.05139649345457083,1.0501535388947005,0.4672374438052158,0.24560315022403048,1.9983539543831548
20250605,-0.5760719705840213,0.10109830638376875,-0.3569778911628294,1.3476682039427046,0.559751223353194,-0.5894187346410766
20250610,0.26714731553356746,0.6162924464387856,0.832457450685542,2.442013602367882,1.3256005861479303,0.6959346726908734
20250611,0.3697099364413556,1.3043788233891553,0.962518031031654,-0.3917273935272263,0.5418675570979729,0.7107077970304261
20250612,0.5138124509227437,0.5083013407941719,0.460947435380112,-0.5342294356662981,0.2517570886884204,-0.05114334559336036
20250613,1.1517684166130222,-0.48229202282612393,0.5258412140746851,-0.49993669646355665,-0.05619621231399232,-0.4729359530147667
20250616,-0.9263725360715587,-0.6918086415080016,-0.3549670859400932,-0.9676910230576753,0.059536832390663284,0.11560538491485728
20250617,0.21418090539621681,0.2118889484315905,0.22842151365764968,1.0831821066201246,0.13971600517263377,0.8744480225231749
20250618,-1.064488221195548,-0.0722714034549186,0.04234529863312115,-0.6086184376271326,-0.8100889578111377,-0.7322777137159876
20250619,-2.3188265514218225,-2.0852358581417287,-2.002131615110494,-1.8526046665660343,-1.694309411450394,-2.3941892654350716
20250620,-0.430579655054565,0.2151860979329269,0.15380750064342236,-0.8278575828130559,-0.8109222481900855,-1.152130709599227
20250623,-1.390901511068487,-1.1417994761318133,-1.7424188366981144,-1.6590441921964814,-2.115233732294296,-1.5274781452630621
20250624,1.4841029473151515,0.9507775406086674,2.596097006300936,1.7887692616965292,0.4451614729906542,1.037158520535807
20250625,-0.9296577447289569,-0.2456911405295954,0.00011032412190229546,-0.5121105777618511,-0.5562416687417909,-1.5393174014922562
20250626,0.33873798570004776,0.0023336269213260646,-0.18002808746096327,0.8927375872481637,0.774224006977347,0.6834040739300126
20250630,0.5301501859166567,0.8399760092396957,-0.15048201915333517,0.9659819568357548,-0.04981834584804573,2.166079994248442
20250701,0.05319514881722652,0.021878874870802187,-0.0959666345855114,0.4007101097086828,-0.7109036801611993,-1.3805535369579236
20250702,-0.458023305581764,-0.7283353468512203,0.15612260985585444,-0.6144731084145393,-0.31599593414972094,-0.31819216510600684
20250703,-0.24795657003652088,0.4945005723615229,0.32003376413165,-0.24700569328917643,0.21677268694579457,0.8020847900941578
20250704,-0.2909673318449787,0.3871690392623284,-0.01644866826857946,-0.2096884226877218,-0.43028311903359684,0.12700659348041166
20250707,-0.1434974803283965,-0.1276243775673414,0.16011983754848164,0.5331542341794113,0.24237916208568944,0.281246306377772
20250708,-0.3765177220737166,0.7457884378364724,-0.10301515069042524,0.8663325702451818,-0.313537999467419,0.14109446169164286
20250709,0.9070935523982168,0.5802730772375817,0.8478872274521299,0.5225592908593124,0.5467699287666127,0.8390737998419076
20250710,0.5313179837187105,0.7633321711761196,1.0859001707568514,0.069138596211118,1.8455613964915816,0.9540058794509972
20250711,-0.10319050384675177,0.7462814077126106,0.14133186357087835,0.07396524367237009,1.0273471068215998,1.014552456557855
20250714,-1.458242134673867,-0.871834612087854,-0.16179875700917523,3.4990233371060864,-1.6221278804195616,-0.956322984768524
20250715,-0.7570623413592625,0.5122677811672017,0.03866904948569939,0.35313290107651174,1.1382690637359842,0.574911789907204
20250716,0.5814263744290037,1.0205316985839241,1.0165677011018597,0.8240196894182209,0.39172572701882497,0.7435785838209524
20250717,0.33481483194234213,0.7921251549434162,1.343013009471972,1.6494881905183407,0.9171172912904477,0.5033781507527731
20250718,0.37731376923294563,0.5914998179362916,0.45374486220142124,0.4989892752527684,-0.10718908259286858,0.4172149023418491
20250721,0.7077824622707576,1.0710206149583288,1.1521628135206452,1.5517508068567332,0.8354987632776759,1.1304183902164282
20250722,0.07308424591809791,0.1784665737377808,0.2255341742894225,-1.2662653681791571,-0.6143752776909415,-0.745315078624206
20250723,0.9795201819044437,0.281375538748757,0.6157915276240447,2.5145621510453386,0.8436409703472102,1.7977323485276804
20250724,-0.16296588166345244,0.18640321867881354,-0.038082850075601894,0.24703481317596768,1.0845262496994685,-0.46499630257058483
20250725,0.12041672275280942,-0.10268934981474462,-0.08067243095838397,0.5374045719286971,-1.0963425879091144,0.18168029099836586
20250728,0.6891610608333635,1.4353224575192838,1.0522683725873536,0.8189389469012518,1.0484616664401956,1.6356999756306567
20250729,0.06017324611789153,0.9459427883157586,0.5819221258286054,0.15216303703268533,0.3345977581774933,0.27868493621943907
20250730,0.18708087889076339,0.5093829527515104,0.8430208254639882,-0.7447968974149742,-0.9818769377980754,1.0552504833778769
20250731,-1.1178731824336647,0.4273460780088448,-1.526999607507147,-0.16101405189613197,-1.3562595350673918,-1.7033067150452972
20250801,1.477518158215931,0.5232135758053726,0.5273932896385682,0.538998698507278,1.047176601201078,1.025522681511878
20250804,-0.4688808166308482,0.5747525975814367,0.1929504302094485,-2.8451686141444688,0.887756365938279,0.3400069857127788
20250805,0.6985464283970932,-0.15286572506998974,-0.3290463332633757,0.1627604351221175,0.5274641988098939,0.9636648982961689
20250806,0.24538551002440545,0.5822760492528711,0.6232031349558441,0.2532015489586111,-0.36209316833960015,0.08296836343219928
20250807,0.8203701525050618,-0.3539769266650266,-0.16857961866558743,-0.13331672804110178,0.22794012996954408,-0.41711437909693894
20250808,-0.5733054872764762,-0.25278419351209513,0.1647349629621773,1.2845626096475897,-0.27144818591869574,0.07408461677373729
20250811,1.0846333058702144,0.6948759929065726,0.9481064590918347,1.1621680969519215,1.0513572445791854,1.7708494665928134
20250812,-0.13805975124355174,1.1500184221278207,1.6450598556382285,2.452484713564848,2.4095229783301226,0.9955202426263247
20250813,1.135527775123339,0.5686166545688269,0.915714719599197,1.4877335925631145,0.9859579002616939,-0.108790092552838
20250814,0.06387198722135576,2.093611203963394,0.3005103815111566,1.0727198994553147,0.2236695255006119,0.499016638946129
20250815,-0.39550168639015854,-0.976189537444832,-0.569853347364138,-0.36111959273641336,-0.5669019875195201,-0.7879490425698382
20250819,-0.05344162735872608,0.7611500231827608,1.5523709583321057,-1.1687854993608262,0.4492310929924071,1.4311048839990568
20250820,0.13360620673686036,2.1492001115187493,1.2233359073385999,0.5545377852661613,1.2445598911049995,2.235056651800739
20250821,0.8330124943781766,0.5965505670701486,1.4752155566673217,-1.0812896703613493,0.18147585788264145,-0.08417749200736903
20250822,0.3047968602689014,2.0581821906336475,1.4013594488565573,-0.48117154265078804,0.015627369115579683,0.6739851239605785
20250825,0.9316618294331929,0.9488514974838779,2.3506066468300557,0.20975942854215165,1.860551556232818,1.7072645492276595
20250826,0.3131064292715607,-0.0168362235354125,0.24295924156118825,-0.08825058163333982,-0.6784616977563152,-0.567249339406656
20250827,0.5005209722795558,1.0690058820951462,2.847970629267705,1.833557327346306,-0.8083489182183095,0.1152209574204684
20250828,1.1071149556095643,1.1635692211879776,2.9335691102808785,-0.3838262757611137,0.6804676425616895,0.8682409149924255
20250829,-1.5186497971887862,-2.403328638830491,-1.8691349034259157,-1.2392117542346524,-1.5771487482629254,-2.0932022237353665
20250901,-1.6771731592163885,-1.265280658024673,-1.5858442264441486,-1.0033770297313112,-1.10762007528796,-1.1402271836838265
20250902,3.2563659488510117,2.217797283322001,3.0900117922463033,0.4239976177811757,0.9601801425709677,2.7358076191276752
20250903,0.08222041038340061,-0.00742221384875221,1.2591620791007185,0.6737724255691,1.1180117159472358,0.3167678752886759
20250904,-0.23511813848338384,-0.42937743840606635,-0.6712013738553461,-0.22911190323232897,-0.2847696255654279,-0.34647136650705695
20250908,-0.4791229151335796,-0.21422391940278898,-0.5456638013128591,-0.9069422147535591,-1.518955532261017,-1.0745655692663367
20250909,0.37291553238566544,-1.1227968215902702,-0.22909369566296295,-2.764535278275645,-0.7480866890389365,-0.9145399161883762
20250910,1.0262351217125678,1.5854927361585065,2.4380990645777283,1.1556487492889491,0.3508584633602559,-0.12654115720517867
20250911,2.636406342315728,1.461903277486709,0.7416892290060337,0.03564787211815426,1.136559822399952,0.7007889139697921
20250912,1.7087107948235325,1.2375907822583665,1.9684036143947858,1.3068989888204774,1.577608219750991,0.7940050729375833
20250915,0.7668895368326328,1.7253508743448127,1.7736389524215956,1.3599481581324744,0.7255266608176756,0.5168062887740607
20250916,1.1062213154901377,0.1230109600747642,1.3991125601125705,0.7461070638541308,-0.2110625630203541,0.5389038091188646
20250917,1.050854608822871,0.16810061875933371,-0.8593634065326563,0.9814433369108919,0.7756460996129999,0.6001610658838367
20250918,1.4392467448313613,0.8644932721808173,-0.7456922883379555,0.6357153391203324,-0.7335357306319318,-0.8920905837036001
20250919,0.8253720746422212,-0.23901578364069623,0.7119219229549506,0.6110649249408138,0.42041352461696907,-0.6929076739368246
20250922,0.40044136180474776,1.5155764214113359,1.9288798240509115,-0.45858095216162376,0.2309014723827115,1.0294490964792968
20250923,1.2989924634977197,1.7824036128452834,1.688986416804495,1.0511493422525484,1.3198455572038954,1.2198032363863611
20250924,-0.3003848558555727,-0.2637091826368459,-0.13962146315505244,0.012541091641069405,0.23024947258627812,-0.27448429113126405
20250925,1.9085029912787594,-0.8084266479910116,-1.4014843813574096,-1.1932388096176498,-0.7043538751617351,0.9595307708826554
20250926,2.567928895562995,0.6865061860480322,-0.4206445408542956,0.7660202594487019,1.2439315577502814,-0.2614225040900599
20250929,0.48451600473910333,1.1703065047508643,0.22112261215226423,0.6782668605505429,0.6183695692434549,0.2932947893791438
20250930,1.5568133944919957,-0.05028635349101097,0.0033010368176833414,-0.6449281109442597,-0.9956951256976994,-0.45637554860517937
20251001,0.3527578231287065,0.4925217839872242,0.368037030991262,-0.28512936655975213,0.07049923521026429,0.7042191586993078
20251002,1.2387388344850452,1.4596716002214298,0.4887429630322386,0.5875637214206707,-0.2590248402496132,-0.1435587237898506
20251003,2.629667033784226,2.4025932136885224,0.9322083379321192,1.375636726302179,0.2295024264102149,-0.005271770741478792
20251006,2.234579384845829,0.43355162583782564,1.150351388675287,1.4038501206590608,-0.2617678240560035,-0.13865342364436664
20251007,-0.07044543816704145,1.1003810917988652,1.7275966101628244,0.6073692311479183,0.5562332480996484,-1.1500034258301242
20251008,-0.7062912398468858,0.20106314219729277,1.4556978850483988,-0.08082268137366935,1.0871115493561492,-0.05577743097929741
20251009,-0.24498817224569855,0.4788325558992685,0.996793491803581,0.4017291284052305,1.9352889122752288,0.2366968424258412
20251010,0.48969219026030336,0.4222012737803235,-0.044923162995832044,0.7508453428228297,-0.0379939279397739,0.07272767798417082
20251013,-1.2018919940800772,0.9925848483339472,-0.31451299279929873,-0.19134618545511,-0.09433151348193586,-0.7506344069271333
20251014,-2.480038059653501,-2.89400288257744,-3.279057815262721,-1.7180788496592825,-2.37075919056878,-1.0203531001346335
20251015,-3.2346722148874916,0.37813409500301626,-1.2194344116986007,-0.6225220206884047,-0.6498446258794487,-1.158659372146787
20251016,1.1303684673728802,-0.7721803123817187,1.7850856776715278,1.4187881626001668,-0.49191261125443,1.296495666181358
20251017,-4.30097812026694,-2.724311897599107,-4.088605830528734,-3.232917994410399,-2.4712892583103097,-2.9022346554879395
20251020,0.8708106421589275,2.580207396090646,0.4640154736887815,1.1601961657035476,2.082249309080472,2.324838126397739
20251021,1.985966722290464,1.3930064475587318,-0.2859792028779991,1.0780404495122977,1.768718337270762,1.1022901101246394
20251022,1.2336084577318247,0.06692861648675773,0.7797473857203185,-1.024284695992575,-0.46824641643129444,-0.09203027394279267
20251023,2.9853765712268157,0.5097282408412683,1.8403521497007125,0.7223664581882293,2.8418903549788435,1.0025678424834639
20251024,-1.0859730232234295,0.17975942714058374,0.17040398705976398,0.25469459790692356,-0.5126183036824528,-1.0726442553657392
20251027,-2.9314034125675152,-1.9388521909340797,-1.6649595647703395,-2.7478284081734707,-0.7586667748783462,-0.3465385057524413
20251028,0.4281833252167818,0.8294613756874168,-0.5641001010843162,-0.5176839252282491,0.5455999612507463,0.10917290345921656
20251029,0.018916456906819576,1.8520046758387092,-1.0053653978474526,0.3392497259880307,1.1914832039490004,0.7573805366698345
20251030,1.2877518702366728,1.0997361857592478,0.6178981616861371,-0.10448995210653675,0.23751933291151994,0.33830853399891925
20251031,-0.4491908305241519,0.2587427733430868,-0.3384716782632006,-0.06279798115893066,-0.40681259705442896,0.44651554618342865
20251103,0.447012834312799,1.0510082647762171,-0.9148115069699881,1.5938021121287467,0.9248809113699168,0.28912451002933737
20251104,-0.7504022841612079,-0.3743530610949874,-0.6383878775632055,-0.1972181572891888,-0.5709959914690879,-0.5792435315968827
20251105,-0.15008812083435452,-0.38158782069547625,-0.2206523994265685,1.117947515846449,0.549133688290413,0.08223839521965581
20251106,0.338357432619396,1.551172420357561,1.0952322496519562,0.4623893648439325,0.1985580464483201,0.4950329806877758
20251107,-0.6603729225899221,1.4303383904565743,1.127092153962367,0.8359738694110943,0.28876238898648343,-0.07919000485667439
20251110,1.0666046940906833,1.6612760184450588,1.3714995171111861,-0.08186799683793351,0.24711969638029715,0.47145272930233706
20251111,1.0588548000281879,-0.1002004514357671,0.15310721157933863,-0.7048448823547069,0.6015860241547041,0.2867186793432734
20251112,2.07912670155461,1.2601489084393152,0.7355526195622116,0.009563362490356933,0.9919568119616424,0.19320493661260857
20251113,2.1444606158711412,-0.3535853833434752,0.8570417698858086,-0.04847066002652502,0.3715348710365457,-0.20672836881537043
20251114,1.9380545690146107,-0.4255389329130362,-0.7506578263736778,-0.10294722439684315,0.6149348464018105,-0.7180071409055108
20251117,0.5258427369826758,2.201453242340137,1.1992361167424734,0.3073551260405212,0.3846693634477644,0.18505838166198674
20251118,-1.9345989384051472,-1.014791292787648,-0.4196249271839232,-0.6112046215153869,-0.7337659555938587,-0.593253233505096
20251119,-0.7139110983353157,0.6985868427388129,0.07667442118320075,0.37172636720208163,0.6587008269375688,0.5321472371270763
20251120,0.6163775672847116,3.8010239399358268,-0.20072415332772334,0.14359088614979293,0.14348943447782075,0.3651072976126922
20251121,0.0063153701897014705,-0.3384236980233618,0.7293826185450875,0.43387354324439176,-0.6142460048422765,0.21607568573164937
20251124,1.099492258259289,2.946524649772386,0.7111122770946045,2.0599157382289786,1.2042707293504642,0.9710478892659873
20251125,-0.6932071714037732,3.9568919722131044,0.8021782515646846,-0.6980417468258684,-0.652024721938478,0.010649400757600205
20251126,1.3190217460711073,0.2719709431189582,0.38499890107958507,0.7757648830049471,0.7604976082561336,1.1454767405608486
20251127,-0.0836046270455625,-0.9583619915425031,0.9995430996847717,0.029482961018662095,-1.287961775223397,-0.4003336667740856
20251128,-0.004774254359175143,0.7031531476891262,1.572896941497471,-0.3201948428837545,-0.6067138617023781,0.7172298292647754
20251201,0.7729766273219321,0.856282088935664,1.781739928053784,-0.15836605259997147,0.5038707793371833,0.851300145652618
20251202,-0.25537928287404504,1.5554826320249096,2.111340147096613,1.064727572774592,0.9277224029094585,-0.007682387446443781
20251203,0.44583743128877845,2.31342596822981,2.536056334535452,0.06972648805262574,-0.001040525213777507,0.5018535660195007
20251204,0.22618707748046615,0.8973049946628419,4.23778722213284,-0.23411115946511815,1.154878397748599,0.31747768527887643
20251205,0.8707651062907159,2.637485452327959,0.2908241692062641,-0.373642063633933,0.6767588960016883,-0.12171149411679293
20251208,1.263381023879266,1.0730315747910515,0.8993811612551216,0.36226874003920334,1.5450369369408994,1.4804684898473686
20251209,0.09224034938399481,1.2454672267647884,0.16511882375292739,-0.9742342485357691,0.136352070085257,-1.4926454400382614
20251210,0.621567383694381,2.881068719560408,0.3270165992409453,-0.02209626121083947,2.5020136254870433,-0.8220996925228387
20251211,-0.1698839624603201,1.2468064572194268,-1.1610134030792936,-0.6073281110648332,-2.3505110314652873,-0.7075010748130902
20251212,-0.36936675057325086,-3.1927397405450404,-0.7293259669954864,0.5902202705389459,-0.04855934359381435,1.400090851452946
20251215,-0.30283789608498807,-2.7263814292532635,0.8059684135054045,-0.8997123806087448,-0.05052412480447243,-0.29808883111717455
20251216,0.475050920517797,2.054150415266244,1.0396118831734253,1.024799729761393,0.19783110920017907,0.3590155183975425
20251217,0.20902644204041473,0.37827661973258,2.5370876524925876,-0.6692882044997757,0.9153335433047164,0.6299860316962634
20251218,-1.1354339904248374,0.07065615334011732,-0.6809590233264905,-1.2113442228658347,-0.38153952897561744,-1.1418134047212807
20251219,-1.6047897087890002,-2.6369575402856085,-2.5040577826275037,0.16726697294508977,-0.46100865992764334,-0.6260148845970792
20251222,-1.6087679744230494,0.8121627927219657,-1.2537101093764058,0.00347278280262608,0.4382231726300415,-0.029858523801780383
20251223,-0.7063601267142392,-0.22114834037930386,0.07064243438574412,-0.8896529505521188,-0.25041371862952894,0.32771018719101214
20251224,-1.066383125372773,-2.289516412633672,-1.0283279627585473,-0.7395700511922411,0.04086933381714916,0.13967163408708844
20251229,2.0078858743134016,3.108869776377165,2.4607095271279698,1.2420210781720464,1.2853177905757585,3.1908206976402993
20251230,-0.23821041594486303,1.1222574274916706,1.2532509518870392,0.09831000971356949,0.6211913825627107,0.7411525650533014
20260102,1.8532603553579365,2.7879536974761217,3.2285982769156054,1.0745508483361013,1.0078603550711902,2.0551259889622506
20260105,1.4827613014775065,2.121981144395172,1.424066452070065,0.7522195990923295,1.3319939605252078,1.9109772878636448
20260106,1.738841238342253,2.8321959496330926,1.1913426211127418,0.7687311519924944,1.1804163084605368,1.9632789298428286
20260107,0.6863795596059741,0.2708449981983339,0.017167329257376802,-0.18719327721165946,0.7456944256304632,1.3583906732884388
20260108,0.5851218179875556,1.0229402047721234,-0.008842793101591431,-0.4488055641139685,0.5326469920817186,-0.15751848063425913
20260109,1.8710924341868724,4.0716661739596685,1.7809057326354072,-0.02676699601668591,-0.8247324418230044,1.5400377840372133
20260112,-0.8059680179594964,-1.3526696439623902,0.6190046326070134,-1.659656422970351,-0.21728913797872304,0.8075473781240206
20260113,-1.4550514586709267,-1.2212143609367958,0.4745894863376235,0.7993558927472101,1.0963494881480145,0.06843557755653831
20260114,1.2819939818590893,5.104247490849372,1.814893944235705,0.8163760721669461,1.2712962277055653,0.45840699313401095
20260115,0.8941238875415946,2.865891636321651,0.2751555687162305,0.5629143436340125,0.44435372557008745,-0.41087593908004355
20260119,0.5908359850384933,1.7413657641105929,1.2344938297872179,0.6989494379334008,0.6382089124258689,0.9796536543232885
20260120,1.5628935296050788,4.053888197427318,0.7329400063544861,-0.7623804802407801,0.42606560065501,0.14552503848502182
20260121,1.3904459543897034,0.8675242900270573,-1.8823465518636573,-1.0794501957647802,-1.3260076804502592,-1.1542812702040781
20260122,0.5093017727804918,-2.056395757786902,-1.0165861375297702,-0.33922503395607884,0.6275252437404468,1.5369091091217673
20260123,-3.6900425543757276,-3.0801518365196823,-2.1302574741842153,-1.294710271145787,0.8950336274297696,-0.40079905636023405
20260126,-1.7175938043377506,-4.2077207831786225,-2.2599908399463153,0.7647444030043883,0.4659744020316591,-0.975344882144697
20260127,0.6161457126362806,1.2984317150796536,-0.6257041951623261,0.6722355111250403,-0.9296453358338539,0.4569047507469027
20260128,-8.561328261934637,-8.41334776457947,-7.356322923216867,-7.964371691823271,-7.012617415120204,-7.064585081395809
20260129,-1.9970164721134065,-3.8549164875038073,-1.8129107971642768,-0.924836889547047,-1.0012810994256636,-2.6698591189333896
20260130,0.5898701833573224,0.2783307321040236,0.8442223337377718,0.8994198380968419,0.7047030809230016,1.82137570207963
20260202,-8.436047746773392,-8.097255717925655,-6.653365451675137,-5.2832824190341405,-4.368940911707849,-5.956880958691577
20260203,4.661761693016183,5.81799100174312,4.8043691079040185,2.912137408901059,1.7534915031145621,3.7659226485372703
20260204,-3.0563900664519115,-4.378062773328971,-0.8733419276570268,0.9474725142118214,-0.39479129594527973,0.10175857224339188
20260205,-2.0988697107031746,-0.3377149567755291,0.2712077887377492,-0.18367485700727168,-1.141095314730111,0.6415193962805668
20260206,-3.5526152287650827,-3.7469080305989917,-3.1402986196889047,-1.9302908494103945,-1.8720210696485169,-2.1446536585564138
20260209,2.4922487993916707,3.659973399344032,2.1687839850220096,1.3078691016805333,0.9088337229499968,1.3683754531839554
20260210,2.0072225942214894,2.3980633287150246,4.219030070083149,0.8165976017387833,2.0610535303344895,1.974259216171001
20260211,3.5005076044283676,5.122133720876672,3.66839095648119,2.0746309810830468,2.1357700073948114,2.063355291885052
20260212,-0.48975074139360336,-1.3150190101905914,1.626849443566167,-1.0555732821376551,0.4070250714896377,1.0269786408075048
20260213,-0.3521316415613224,0.9002148980780855,2.5300821185911904,-1.0408272228497948,-0.584763304730609,0.7000455962307023
20260218,2.163446257943904,3.8613769314849917,4.875544448734342,0.5397360637875499,1.948698134932127,1.21826598755651
20260219,0.06743568838231224,0.7782017652132911,0.12902059181224615,-0.8873209189194496,-0.07679166160809439,0.2598569957016224
20260220,-0.12949630801614623,-1.182727002597401,-2.563422799466979,-0.20485312786290968,0.07974280054397762,-0.36368759112534654
20260223,2.0826348993664108,2.8709272094476592,0.36760239480642226,1.257098964975614,1.5179887733965958,1.4750734383626052
20260224,-1.9939804424006928,-2.75010156357855,-2.8826027118179165,-1.6803202871493013,-1.0883698442705105,-1.7849588865564554
20260225,1.0927862012517755,1.9667297133712163,-0.5477292881868591,-0.4804640234547834,0.7354123350238595,2.644722054809315
20260226,-1.5994952950617238,-3.9423573088234827,-2.7521741678941556,-0.9688051083068975,-1.3322357542419658,0.020327957319635208
20260227,1.0485587941535541,0.11948240881868524,-0.9963086779934278,0.4061789700834299,-0.04690843528983565,0.9025108707466702
20260302,-3.6055184642404496,-7.102344344885271,-4.617937958025238,-3.4677895778993335,-2.1524428455881823,-0.5789798041778138
20260303,0.5794803599243,1.2389716992234476,-0.40660071225493066,-1.6035949903188418,-0.5909271629671156,-0.5809871151934207
20260304,-3.574545725736253,-5.676250269960404,-5.894264088143974,-4.698092302843568,-4.086863676902208,-4.661077881536147
20260305,1.9916610182907972,3.1778269718076078,2.3741352437808927,1.0730982106368308,2.0868627599385148,1.6980672847945626
20260306,-0.7589591365289617,-2.3946666893523716,-1.8943063979950978,0.4041300667364526,-2.0892179187449647,-3.254246626874896
20260309,-3.925766896205539,-4.31659601643164,-4.958881038029947,-3.450674467580208,-2.973558908711777,-4.053956991669423
20260310,0.6361654765974696,1.7802127710156883,1.1988216359603627,0.764239232679789,1.516120744346254,2.810647285315509
20260311,3.046084275771409,-0.05133106947557832,-0.8977997221337578,-0.8504186581703984,-0.928027084580564,-2.010775882117878
20260312,-3.0277573604723895,-2.7119831565751458,-2.3396886296153374,-0.4799256325865407,-0.14095411819398826,-1.4911717371628581
20260313,-1.9873222439764564,-2.3402925471998324,-2.4047619209810125,-3.7854773300699582,-2.7788728109575493,-1.48619717109064
20260316,-1.589919292410224,-0.6549851827110311,-0.9348082204036502,-3.1973415947182406,-0.6132176317550517,-1.3651073458926697
20260317,0.866727452852756,1.35506445765329,1.9871444790583763,0.9632531856294863,1.2755402362279629,1.1948659306672198
20260325,2.7482553392433737,4.521089441024771,3.572650389386567,1.7533709622552975,4.059161399248784,2.495240973404432
20260326,0.18665069258168981,-1.4335624165428635,-1.851025522126333,-2.155650998116264,-2.0986928857050025,-0.34180557125185446
20260327,-0.5649696021873126,-0.6817053066727883,-0.5254857200019969,-0.3311073530184236,-1.4649406517313976,0.0962640434935094
20260330,-0.5305093847856579,-0.40101542549961,-0.6190119444582346,0.19178540584683285,0.4224758247626163,0.20529628638841046
20260331,0.45063822102909534,-1.311247310063539,-0.804773481706838,-0.8970751702713871,-0.18252318438349574,-0.7024082300187515
20260401,2.1248817648732503,3.916842377023145,1.0839329638322321,1.9916969979103065,1.0934648672368794,1.8398583946401228
20260402,-1.2556344261596089,-3.379633206247147,-1.8680711536109378,-3.496248440900719,-1.765952732446505,-1.2862720475702023
20260406,-1.4423001973114131,1.4408811112741742,-0.6023234422729516,-1.5259072077796312,-0.18984429877007042,0.19005757420962988
20260407,-0.48862841634200016,0.38876541741254295,0.5428871595982019,1.4780378318057281,-1.6173594731415077,-0.22600392691571103
20260408,3.7712955598863127,5.96420550464303,3.496516368906745,4.547464056752296,3.7151736292995814,3.002002643417953
20260409,-0.7492507797373036,-0.7854144653120475,-0.15336600999283706,2.831506680759074,-0.9183360925151685,-0.6276662627283635
20260410,2.6917509035909593,1.6103434323288066,2.044790878661804,2.641878016610834,1.7785603284539122,0.5052502190145622
20260413,1.6699886285336114,1.582467700257488,0.8920113649492833,1.601826915577214,-0.16021289019704935,1.4622001809724885
20260414,3.537796459997158,2.720790146557098,3.4091604487942067,2.413207513515098,2.218192382440267,2.1852489799442645
20260415,0.8650039954727261,1.4983860562145492,1.0570972466649893,-1.2387928495657303,-0.026332997392907648,0.33437586673996306
20260416,0.06618148472914234,0.46218400642969093,0.7807680079160442,-0.18867715191219553,0.2749701171664094,0.3986802228842384
20260417,0.09174500365503653,0.17743003930459955,0.025648903309155813,0.36270687362832393,0.6125486082062511,-0.4193571136131061
20260420,-0.644221612927728,-0.9978431851186785,0.4983564399300245,-0.6907473401193435,-0.668147367358532,0.10722146700998408
20260421,1.1448774582937746,0.4867577490525028,1.6133020427753082,-1.2076150849596659,0.03136905006126213,1.037470831556516
20260422,2.0098360897875547,1.4684547495284626,2.8664385544799647,-2.0824439253591653,0.6874678273244792,1.6007934020183376
20260423,-1.300968204705117,-1.8231257344510126,-2.192845365698522,-2.768010952389964,-1.676612727453228,0.13078472663481502
20260424,-1.8663821042671582,-4.919560781268166,-4.536203052159567,-3.7083895946907544,-2.3196986028784323,-3.448926057296446
20260427,0.47646425426075106,1.0002249692398146,0.8235525629153112,-0.4453678186901062,-0.307824674343034,-0.08876637060964374
20260428,-0.5037596861200503,1.2500266836066805,0.8253625987561414,-0.9476629161345392,-0.6576509097064408,0.018191535828543253
20260429,1.3975363349287464,0.43658129224826475,0.8319501973329473,0.2463242240801795,0.19879605190283411,0.3204899020307163
20260430,-0.2699793012996547,-1.6902468405237199,-1.56839730725227,-2.283759774905654,-1.3539506629861757,-1.837500139090385
20260504,1.4696775994432432,0.5388010060562695,0.2926051921667816,-0.2917278066507048,0.7804441577605744,0.3381305616725391
20260505,-0.5041206824064034,0.9912977437126993,0.9065139839581481,2.8553270195410656,-0.04064816888799626,-0.08874187165397121
20260506,-0.9799152934424066,-0.37926882629952824,-0.1393381598437258,0.49180802868347684,1.156536643613088,0.9363472564133524
20260507,-1.2231381011600422,1.0110231357763408,0.8160454317062289,-0.2869145703162208,2.609692634222691,-0.26534275107796335
20260508,-2.9216447381037334,-3.7365280764527475,-3.0485315525549126,-3.8085618145904903,-0.7804338676582047,-2.9770728072279247
20260511,0.31005515673448214,-0.3363596123669963,-0.8129455240851349,-2.0898636162115047,1.9464045514395618,-0.622346174945168
20260512,-0.24608040772104678,-0.26577754950654214,-1.465536765058042,-0.9788768715293189,-1.8235158436180066,-0.7571250239947609
20260513,2.579165341532047,-0.9304402551261446,0.4149703654510591,-3.626031762644407,-2.0992075603959006,-0.20561015697925736
20260518,-2.923839358405001,-2.923010071972121,-1.006329681759189,-2.449323697979605,-1.5637141371322778,-3.263758942192722
20260519,-3.4025675167305036,-5.258536147004827,-3.69201646042343,-3.8114448712588884,-3.375249914492652,-3.8296095569012847
20260520,-2.853350922322474,-1.4424913327711226,-0.7768341534062319,-2.7147891233838135,1.3424662702350547,-1.4482091287819787
20260521,-4.852525872497963,-5.460022330290459,-6.049927364712053,-3.4769279215154674,-3.47995191040755,-3.5563463367506585
20260522,1.3680035683684517,1.2887520244944108,1.6646690126066028,-0.34202368166777225,1.4680807582550242,2.9110665159219336
20260525,1.1985193168133768,0.853731184500091,1.718963266971831,0.2760546929496999,1.1923788682022245,-0.30947907308398653
20260526,-0.4997424883546634,-2.477900346737217,-1.8132124267704446,-0.1133312732127402,-1.5377777115333626,-0.8950754120673468
20260529,0.22869152450156002,2.7922872839387476,-0.8717550036328338,2.625532997936021,-1.0023970093919783,-0.8512712222437683
20260602,1.1488185231937695,1.714480074977244,-0.4879681024607978,2.985176775795464,-0.08384863267761446,0.40666203881936136
20260603,-4.750991814130179,-4.100734559657761,-5.212603048905342,-3.484212101151449,-4.307683548509325,-4.657565992743757
20260604,-3.039756026489319,-3.7773766290525286,-3.2660138979164546,-1.6639858908411438,-1.4327228636632525,-2.281033610912909
20260605,-2.63288635030128,-2.407427570881496,-3.811917046860051,-5.106089375227815,-3.3494369519139826,-3.9492258905271562
20260608,-3.2635034523194864,-4.453614869640925,-5.307922787304428,-2.8009348113950137,-5.355036654344913,-4.868001685641668
20260609,5.716962403403718,7.505669571473739,5.905390338499465,7.093651128384974,7.536367577557994,7.239150922592215
20260610,1.4750816674462917,1.9552572397144412,2.9847143795318174,2.538379954260542,2.2734913072595657,2.952474998082577
20260611,0.5501839205436729,-0.41918812782331444,-0.6646979586107795,-0.4686070062409709,-0.18235240612059553,-1.1327576651619773
20260612,2.799182122064572,3.234939593570533,2.9895600180305406,2.072376510740104,1.8039656007172555,3.138764641944024
20260615,2.9375833682916164,3.8417574256133054,2.9998743484005903,3.876448404221479,3.7243471860358124,2.6373056912611945
20260617,0.6289638815290063,-0.8071933859438333,-0.04225681391866633,-2.30777702838943,0.8788277671922183,-0.07918161533238685
20260618,-1.3319346407913843,-0.079637329201883,0.11109606075481,0.3761034374799673,-1.904503961813955,0.1662818688176325
20260619,0.15228633556990245,1.021896564883026,0.20653813420328052,1.0068232007753921,0.4054655441426699,-0.8443134082115765
20260622,-0.4412014065924611,-1.1498833866551073,-0.46391645990205055,-0.1688095398005569,-0.9997368281982617,-0.3496010059961975
20260623,-0.26868964856812017,0.9771042812220079,0.24046153093586392,-0.1752943724402066,-0.09061329612531992,-0.6408334257109282
20260624,-1.9981871761835086,-3.8708342764737744,-3.4658064067035683,-3.21508533145177,-3.8493539978133957,-3.5987218422307636
20260625,2.4903292064470484,2.1422630080773235,1.986314409681067,1.3831754927006688,3.098695226864325,1.3700670077576635
20260626,-1.7431955338787528,-3.797642902524665,-2.1671266168654375,-2.1721504639039675,-1.3201021110540472,-2.1339440897783217
20260629,-0.7061899671503675,-0.729883603202491,-0.8441014176546895,-1.2393665709570878,-1.1878868894495356,0.09875220309311257
20260630,-1.4484965304830923,-2.8221787746995637,-2.5743120534904733,-2.682067526530305,-2.864364825354083,-2.198644532250679
20260701,2.24638405680449,0.6051640564509437,-0.03168830218911615,2.0503938167314955,0.2792387638945478,-0.40791934201133245
20260702,2.206187445580062,0.3179827814452348,0.5248132115330405,0.317220684348579,0.8241986969008405,0.7372940460698799
20260703,3.1190003183948436,1.0544647268014355,1.352357698452177,2.3916302922224517,2.2535055922205194,1.8481010014749302
20260706,0.781538387359602,1.045099113664103,0.19907344966568669,0.9470102695171302,0.2690675272436547,0.323032609381673
20260707,0.25442780420639716,0.7380692693746189,2.302501425030149,0.8347319733793299,1.1299419400107358,1.8830368703404858
20260708,-0.4582956563142718,-0.7362424201237331,-1.4578918722525434,-2.1298186661616154,-1.4653555682056278,-1.8047727236350175
20260709,-0.550981273677213,-0.15932715349304383,0.027109581961677648,0.6663789748254129,0.543912097806582,0.43554405980854355
20260710,0.02584914010163722,0.3957241927499591,0.41644536314148156,-0.20730903601797415,0.2971872511485772,1.1432027917806513
20260713,0.5245489358463612,0.7537009040250316,0.2222852684140303,1.8445322521477385,1.7204384455458477,0.8554148823676034
20260714,0.03161190072055233,1.1757623129123322,0.9896811507888246,0.054003571775602804,0.2558023514176042,1.0194051661394965
20260715,-0.23049038354973156,0.36248226937574873,0.1810579346244941,0.17422966049765132,0.300052289822533,0.5227663585346409
20260716,1.0587143188133132,0.6490681540510344,0.541784632977179,0.8388649909747794,1.1026163644838918,1.485407890539091
20260717,0.3834190115928364,0.1999867411969303,0.5933173279191349,0.325450593095751,1.8688154049617114,0.17991881359557133
20260720,1.5890601230835126,1.2840380094804655,0.5196504190579002,0.8101417553221681,0.5825086063268887,1.2257478956957188
20260721,2.109121866413504,1.324586993728849,1.1923409300749126,2.7340610245080623,0.8258964522079599,0.47809304112841916
20260722,0.022847741230128612,0.5611557796219492,0.3416370071518948,0.5310716178117737,-0.3384591118885214,0.08744877702167149
20260723,1.3427751615808974,0.09189168716128303,0.6037688148494164,-0.04855351272134122,-0.28772889169296884,0.3647120334168506
20260724,-2.1671794556584483,-1.620412597665205,-1.5021197473941639,-1.5663508406015145,-2.1877615801552386,-1.3964888818634416
20260727,0.8175882223010642,0.13471643506211367,0.2032329569521596,-0.1301091834503671,-0.3736624497281139,0.015226284968743049
20260728,-0.43580970052028883,0.3610060727433914,0.19771736468979847,-1.2452183495098068,-0.6280753184331633,-0.20545914814004065
20260729,-1.441018089962412,-0.3712624340411156,-1.020564566764404,-0.7662248034231476,-0.47818316696638774,-0.6651603430089571
20260730,1.5957379969193954,1.637526618817152,1.812127989489027,0.8310056182380114,1.919476110210707,1.8826839572863272
