Date,Small Low,Small Neutral,Small High,Big Low,Big Neutral,Big High
20150105,1.2622191460923806,-2.1557951766041987,-0.13436973953483428,-0.5047794021701038,-0.35459696989941,0.10729866107230412
20150106,-0.032684515305764335,-2.3143042423946483,-1.6156262535493404,-1.0359045269605747,-0.7070221007780679,-1.2125048595986143
20150107,0.061059410861732756,0.009637595965378595,-0.1317148566533445,0.6766379676694638,1.2015615291412314,0.7713034256559649
20150108,0.2763872990395952,-0.0716066946800456,-0.5600315433086377,-0.24478422212357928,0.8796507074304412,-0.0768763246135239
20150109,0.808369911807115,-0.326091376092291,0.0037898234444518203,-0.14241050946949996,0.5962604096299551,0.11501765292427295
20150112,0.02703183444947989,0.1705086887146594,0.1363813630458288,-0.5195267254866524,-1.1523985005813473,0.12211140615030824
20150113,-0.9216545794592671,-0.4940513026282954,0.034393822671851614,0.6424622998727145,0.09740559979883312,-0.7111941284746144
20150114,-1.0326893746195573,-0.5548751064774483,-1.108274752701874,-0.9929816713488117,-0.8889090938981887,-1.7231368790866526
20150115,-0.25356688684726,0.8758661169913831,0.324780049746192,0.6146103586831166,0.3119872200559696,0.17115508673062602
20150116,0.21102975448915393,-0.2928565974101932,-0.7207363882763521,-0.7718257530326659,-0.8497465730249103,-0.5547396998358535
20150119,-0.3280677174126855,-0.6154399014428902,-0.7618325313375686,0.24740233723187663,-0.10268796527783143,-0.4133897326392847
20150120,-0.16391464076976878,-0.6301216925040235,-0.969909075788504,0.49620117707184586,0.08394161414062772,-0.759601166852995
20150121,0.044016933863731914,-0.6689725234832072,0.47388792360897275,1.1593269426745232,0.5291240164608813,-1.141676570417034
20150122,0.009707371178852942,0.17536034832934597,0.3808222530138555,0.6572707536125075,1.0095702628006424,1.2661084290243074
20150123,0.5398730296874125,0.3467085056264059,0.6707947231212849,1.0357051350995692,1.7669349489204276,0.2907600679211459
20150126,-0.3846277054576605,-0.9008879386908077,-0.15680979841335385,-1.2353915980559018,-1.0419948995988935,-1.2925527268366626
20150127,0.10876270335901472,0.8559067230764575,0.12328691802069608,0.25423277123622234,0.3985942523623242,0.45461953877398786
20150128,-0.8917172150664303,0.8346297113734753,0.8428529019139844,0.10636398948613433,-0.852955395591685,0.7772926954041829
20150129,0.9052488813322563,-0.008365190399383486,0.3035530270585192,-0.2025560144611422,0.0913189317711223,0.25993428679240577
20150130,0.2943014923215715,0.2137272803873977,-0.0026591212515174423,0.6761755915220267,-0.07184424168496115,0.4787397215331514
20150202,0.02920147701723558,-0.290069762580208,-0.4056596668909721,-0.46810786189677694,0.08286379493063373,-0.28181079323819286
20150203,0.16831301525126913,0.124913771045104,-0.1045084041636151,0.10968965210061375,0.5358624287856698,0.22905714079491293
20150204,0.055551629563940344,0.188719361858528,-0.6296181164435594,0.717980277004483,0.09720727770673003,-0.2959487835791043
20150205,0.506507556461215,-0.2988824588144363,0.39667343477627426,-0.911619545515698,-0.3940323239656227,-0.6467984840209672
20150206,1.1974525612663924,0.5602406898481905,0.23407514962867368,1.1422975287122095,0.7489100137298123,1.0044080779115876
20150209,0.35390540519659214,0.10771482143463224,-0.10354333474153599,-0.13032607249598882,0.5695470416518686,-0.11570443637562788
20150210,0.7508959645187864,0.5701775029364247,-0.6183870499853074,-0.6337933405098658,-0.23109652730017974,-0.9094816241843299
20150211,0.6220979695925699,0.5514976562444516,0.5199439604359252,0.41993786328332405,0.35767413188203656,-0.7104199238150187
20150212,1.0811064286313194,-0.2348277467423585,-0.22150767555697334,0.07865382910734235,0.3331597965511455,-0.7248177802200215
20150213,-0.08941979376084352,-0.6308123804123161,0.3986952309481293,0.7743720757684183,0.46870235367953317,-0.1996065962303617
20150216,0.5330760730354485,0.2176839460479854,-1.6826537778920472,-1.098215417026353,-0.7370419700167902,-0.04055048897888867
20150217,0.4206104439512714,-2.0805511822534006,-0.47630462521109995,0.3782832136966884,-0.11407482963293908,0.19288912387383658
20150218,0.3991218901992789,1.1861164239230129,-0.35569482002313607,0.3462942496535342,2.0790049038891105,0.7871383705156085
20150220,0.643674124930062,0.5984657407444177,0.07161760389762224,-0.18946411132527677,0.9183091591100695,0.4135103857323207
20150223,-0.010707346359648309,-0.24798861804379083,0.15797210615752275,0.23868189965827116,-0.6711857372116244,-0.2970435296275128
20150224,-0.7328972911702479,0.7873164596119095,-1.4585986061514968,0.2813015486116858,0.28208026590786406,-0.5367773793583255
20150225,0.0911221253672972,-1.0142290076003406,-0.20972731511977463,0.5431699690100531,0.636665313440531,0.347540457618387
20150226,0.277171035904109,0.7719412775496137,0.91614358886209,-0.020520084861068513,0.32954960704406433,0.35553891430454515
20150227,0.8264987113265626,1.3767456365255644,0.5465095374124926,-0.5872075189343863,0.8806187844463939,0.29199487112923567
20150302,0.23026084646423786,0.10260375806001568,-0.09680372687141466,0.5993125771961687,0.5463413296096102,-0.5628985928107411
20150303,-0.11231954623808578,-0.44754156040091064,0.10257512848307276,0.3580853920857471,-0.4511359939312969,-0.21498193456338044
20150304,0.725112194492255,-1.1911138444873561,-0.693415845250651,-0.47246435177642165,-0.45941698278057297,0.7044487925470969
20150305,2.7976367967486095,0.774655082497905,1.0441443763749887,0.014759608514564908,0.0989094173984132,-0.8779470784687673
20150306,1.6911727689771796,0.06939459029967321,0.5611498361663554,1.3118153383834974,0.8465596594158664,0.7295174044705769
20150309,0.2555396166777073,-1.9471410666827997,-0.6384435476078166,-1.0780241794925993,-1.6676417065089648,-0.8491814386212059
20150310,1.5917628596650066,-0.8727393920208236,0.1719942119751626,0.2783962448006338,0.6514730356292349,0.3707056728471147
20150311,-0.2515036542417168,-0.5415959031831639,-0.6995306061288433,-0.6111633661659523,-1.0439234117266594,-1.3423373632046418
20150312,-0.04389693092282536,0.08958727638393164,0.8064351763553156,0.32545460543615373,0.3356157406750894,-0.40171856165469
20150313,0.1081886228265977,-0.09871271111649658,-0.026325222329987484,-0.25350240003885954,-0.25287035032348826,-0.09862187486799003
20150316,0.3142311503507115,-0.10641504086257271,-0.9475774160395014,0.13502282251004735,0.43515816277365815,0.5013318497771941
20150317,0.20962180992359364,-0.0013777009552056489,0.0673412432697577,-0.23922470306466287,0.35857990979794696,1.313133410024158
20150318,-0.4040805393289391,0.10811008562278696,-0.17990141084723674,-0.5940555970347239,0.2800522063148356,-0.25457788378653506
20150319,0.3415696312363523,0.6946428910385163,0.3722261443829473,0.6891954802716256,0.5165939465422376,0.3993598239739265
20150323,-0.7998051954576934,-0.6679129173400398,-0.46196538315609237,-0.05040101604255977,-0.670753829155491,-0.845428516132638
20150324,-0.6587072445203765,-0.6627064797661011,-1.1643731331063505,-0.014375139329171003,0.6260656169949599,-0.28467272804891697
20150325,0.5781856423798758,-0.8737112655983768,-1.431084963272798,-0.8922352519968304,-0.6869796851172578,-0.7887457887848859
20150326,-1.2790203727466902,-0.11759255258619694,-0.016892660897340463,-0.7063160703285953,-0.27529712353583147,-0.8267134546739314
20150327,0.6826695757087092,-0.08790419118507865,0.9898700131375272,0.6188675709412274,0.6826793664899448,0.7261573903467395
20150330,0.29149236269169476,0.936819114393502,0.5414903633401491,0.9838517337048791,0.7110164243268313,0.11602614738620647
20150331,0.7337356732618379,1.0495807131801962,0.21026087731148457,1.7665757136729274,1.760041516747753,1.5411452964605392
20150401,0.539965194333295,0.201753352470178,-0.6163330580980275,-1.0279220133715525,-0.9010741734133259,-0.8323206175300804
20150402,0.6037254613296922,-0.3107000558565319,0.19473129319710353,-0.018829199973498262,-0.04073152593787222,0.0855922703063776
20150406,1.2213837186508656,1.1771853443688447,-0.5721534124487073,0.6843868277750348,-0.1301813324657154,-0.40068619367093883
20150407,-0.21702552496483282,1.3844406252151125,0.25558369854312396,0.6023725986154584,0.9964650969768818,1.0388226969034655
20150408,-0.0790839937189879,0.05598492617899857,0.06641163207485314,-0.7373485854327343,-0.5827608523594972,0.09518662056931082
20150409,0.08841534777823042,0.6296288706372053,0.788526297001709,0.41009848136519733,0.21578267854096395,0.48431261349457694
20150410,1.361612220646027,-0.5002891332623636,0.13486007802521066,-0.20307210730938852,-0.1890338566994941,1.1615674572831896
20150413,-1.1395737862381432,-0.6275092950484543,0.7981141613964315,-0.8712388855602226,-0.4699962765373595,-1.6892736410585296
20150414,0.22477659026464927,-0.8834129456735481,0.15670401013534274,-0.33686314666894945,-0.7058909937985169,-1.3040427590733896
20150415,0.035806166045531634,-0.6315352304463545,-0.4519608492749714,-0.24471060472985043,0.7596493281868884,0.2792902335934549
20150416,-0.18834894007117242,0.48723854713875236,0.021772581473861616,0.0869051780254712,-0.0764093091354483,0.35316306241172235
20150417,-0.005253125050658524,-0.07822936368718564,0.3163493828387412,0.08106166015839213,-0.5097238908869319,0.35271840742651733
20150420,-0.31062053927418704,-0.7229267577025151,-0.061150621586959504,-0.29130761001221317,0.20959047198509084,-0.87235539598658
20150421,-0.27926243387377,-0.14621532885382668,0.6635242930480165,1.4868398147975006,0.3595124009550027,-0.09069278731619912
20150422,-0.16495238146344882,-0.665424512845429,-0.14485750520593388,-0.22252624201500332,-0.5952924587555218,-0.17990311269999448
20150423,0.4488533607076489,0.2856919461358716,0.5810178500375823,0.26853051010442214,-0.45721864498550835,0.09442674278856107
20150424,-0.14835121937175855,-0.10732483921629418,-0.3586423248412214,0.4166045155796833,-0.5132971846182065,0.3574721056702143
20150427,-0.34734699972867034,-2.392477017974083,-2.3174918663738264,-2.50261012795974,-4.264678746326124,-3.8679881564815166
20150428,-0.386630185353845,-0.5269783321023781,-0.01966033486925337,0.03269716859583466,-0.8374606137037391,0.32094880704382894
20150429,-0.20172049498253272,-0.5659299401163371,-1.0214777582481498,-3.0833547467343165,-1.591967367429027,-0.6458401774527475
20150430,-0.5510193286226123,0.11268822269999515,0.2717422614722725,-0.5563286244103457,0.36158707619521363,2.2882802209967457
20150504,0.25683835513976716,-0.6864377337913897,-0.300413942521716,1.5017164438802952,0.699921242650192,-0.0775359683731587
20150505,0.07594539343084467,-0.6298056229876803,0.4604617910919688,0.47198802074022883,0.09380064149137075,0.11673866559574875
20150506,-0.6390157108537934,-0.7867760838205929,1.1420144344854162,0.5162275201365637,0.9427068237112323,-0.8261436221660401
20150507,-0.07720944959644525,0.08772737432402374,-0.5402155430681094,-0.7700090669011793,-0.3786824210676402,-0.26984893159332246
20150508,0.4177672332153485,0.27803894694285586,-0.05133857739203278,1.094084548691057,0.15093988899917976,-0.0850147629865412
20150511,0.21831686825621535,0.6033394385064815,-0.01643764563027889,-0.39865453325986433,0.21721991642851546,-0.014678582586050863
20150512,0.0924799157367974,-0.32395812198207274,0.33153775748114817,0.42251907864920885,1.3501453509238721,0.3441823429853343
20150513,-0.5676445393594011,0.4094991773957218,0.05357223966310781,0.6112199960419324,1.093155655905469,0.5813440923240862
20150515,-0.0049819677791481986,0.021954022088995242,0.18376435468439103,0.1656667194905205,-1.7371868397607764,-0.038967712365577854
20150518,-0.7047705434538309,-0.08859357637281745,0.38699570820673185,0.15791752625353214,0.5531312165178677,0.32980008647675196
20150519,0.6757175332340322,-0.20023480722418746,0.5469572554674322,0.36106702824934384,1.0920417166691299,1.3555981277947897
20150520,0.19670839226224793,0.618218268740274,-0.7663825728839343,0.37448127465891873,0.41877303530025134,0.3792108349441085
20150521,0.1337606109153184,0.8640790421626023,0.15681581373106407,0.06936605173996568,1.0884961859170157,0.016167708695604462
20150522,-0.4437350026742023,-0.26754149687229006,0.3048715008566992,0.21623784813951824,-0.4328004000135339,-0.3167223075515001
20150525,0.13639798848738557,-0.878807930071427,-0.48035318044692243,-0.1375208139773775,-1.4646148914150885,-0.923063461514342
20150526,0.5819986912875489,0.3939626603869922,-0.00960184067298105,0.7818465088606728,0.35868678127081094,-0.09334694012786143
20150527,-0.24069854017483394,-0.3304514532163977,-0.40551496134512716,-1.102321420618536,-1.6339458054422125,-0.3229183301792704
20150528,-0.09623697951589995,-0.03744988688282417,0.041976766113576675,0.015509840396463432,-1.3127909918404501,-0.9034942511610359
20150529,0.5022557660615325,0.3443657995059564,0.08419749381955963,-0.2822186103360824,-0.8449635640282279,-2.7898841327836146
20150601,-0.1009523987153773,-0.30863428337528237,-0.6309923879558899,0.21418856581005294,-0.15411085166912036,-0.9468820573571154
20150603,-0.058335592666122704,-0.6566279995548535,-0.557757061829548,-1.459358177570659,-1.4406266313949905,-0.4339838868401135
20150604,0.11296389956018953,-0.2826008449741328,-1.6751200636901264,-0.6296433450289923,-0.49758841914929075,-0.3910560291117141
20150605,0.4679231919181325,-0.41252006714656103,0.20520645714900543,-0.27104184116728564,1.0355920616783247,-0.5215209569477722
20150608,-0.7276976604942192,-0.6336652880158022,-1.339728088702013,-1.2488901454703707,-2.4690618043456958,-0.9493429716606152
20150609,0.10479139874022764,-0.8441276824721436,-1.4045714616512028,-1.9405295267692797,-3.267276052365448,-2.052561280257447
20150610,-0.18656158097496262,0.22640697730330503,-0.3493300121941891,0.9550741692678216,0.03843958699938905,0.6538184421532274
20150611,0.27624357147570455,-0.3161481426421469,-0.10513133815163521,0.139553338856526,-1.120329951442192,0.10690228656036233
20150612,-0.7596884107850167,0.020434189820261916,-0.13652430157169618,0.08619712764808732,0.954223965407181,-0.4469201954118898
20150615,-0.6486628623167385,-0.7080224381921516,-1.1161893292258516,-1.536962575808074,-2.636268710944774,-1.7399972764522251
20150616,0.430752162732787,0.7588143345974042,0.5909563413439008,0.4331163044016071,1.4333390076030865,-0.7412319241227049
20150617,0.709375314772281,0.9934108401216788,0.34807865370758506,1.2259117481181696,2.1418436899133315,1.1966697922049934
20150618,0.4694332313302817,-0.05017224913109412,0.013094124428728952,0.5127888937138234,-0.4991638683857335,-0.2699481178004841
20150619,-0.022822684407673516,0.7083796401967585,0.2797914835811376,0.4670183875960968,1.403281886764562,0.5479607155812726
20150622,0.4933738618909543,0.1212734119497459,-0.9685668989675098,-0.6227930353105963,-0.3910076158480617,-0.14318977286395965
20150623,1.1014186829027475,-0.3341993763486152,-0.008857943630678107,-0.6752951455491607,-0.15905996192725266,0.615566729239373
20150624,1.11222284200861,0.2893122271186945,0.39874101240170684,0.756782135061363,-0.8980045119361602,0.3676724253317892
20150625,-0.015302849527399059,-0.3621617686840972,0.009446215684850875,-0.7780132339493543,-0.4855117641867553,0.8863045097704237
20150626,-0.6949623234048676,0.23616152012847832,0.22011243985468779,-0.1269633454149058,0.9879150662528335,-0.6748912412199918
20150629,-0.4794422693681611,-0.19961905558466547,-0.8635614597029881,-0.8628068187397869,-0.92071226352418,-0.06689087673252674
20150630,0.2772436144801408,0.47855576212628415,0.564014009292406,0.8728951335730512,0.3378131468491411,0.16718959392375943
20150701,-0.4440691452969361,0.10392763906326129,-0.048696258404887935,-0.16799030325837574,-0.48184595604034774,-0.4016926184990177
20150702,0.5081602248710494,-0.15307547450675202,0.5146969835649152,0.8400245178945217,0.2866734697535379,0.19383562506765908
20150703,-0.43019115795478674,-0.3106448326209375,0.14625407480826538,0.7405918419501947,0.571688753956585,0.15300255237418425
20150706,-0.7724530624101467,-0.42598492035388746,-0.824728263610651,-1.0446725694363854,-1.6352581349617052,-0.9908359987913586
20150707,0.4338764860194885,-0.13427892483905715,0.137061699070695,-0.04793154011840925,-0.3833008004762219,0.36802006357659606
20150708,-0.5932307590816105,-0.8846590493716274,0.29209740276914964,-0.6361130605905623,-1.1911568082928876,-1.6810068784511845
20150709,-0.4520161920621111,-0.8433657387410722,-0.3485814357800098,-0.646348158366031,-0.27383279259497145,-0.8784581812431691
20150710,0.8875971846855856,0.11655432917309973,-0.01259388123581606,0.3876692593228026,0.6353822754396404,0.2733802386555643
20150713,-0.3647002281297348,0.8022916418206048,0.42570354893798085,0.8031968494927152,0.45228942586559523,0.9746400269423636
20150714,1.4505715711579206,0.9609315073897131,-0.19372768732893084,0.4629136120330437,-0.428176428053796,-0.08374910612695582
20150715,0.15803222354707552,0.07395384148174808,-0.7307842277813764,-0.62273889183987,-0.04635655989334258,-0.7341018460685398
20150722,-0.1946868920008894,0.2553931247327302,0.3772493641671173,1.8707508653970966,-0.7257794993752249,-0.34994846990322237
20150723,-0.04564042159771649,1.394799968078297,-0.03994999153547803,0.75340245706818,0.5959142387171182,0.22107057068492178
20150724,0.021997196361686643,0.8934632185620217,-0.4088715277655931,-1.306372566782447,-0.7695765147125012,-1.0847587925632995
20150727,-0.15635007476686696,-1.2052241681124554,-0.5443569239614149,-2.2953840877854597,-1.0426845020335167,-0.8820490948734663
20150728,-0.35685857277688665,-1.059926848831232,-0.4858713097252065,-1.2428800148963377,-0.7327236664565663,-2.1087697905522047
20150729,1.6695682186552148,0.2007086729505903,0.04129547833810353,0.26672931711828246,0.3857051140141203,1.4892544111220716
20150730,1.2731475586462933,0.429638572053272,0.32065113584188043,-0.5844162844282155,0.2173224058748308,-0.16214903799816774
20150731,0.4995010914365551,0.2346054593449993,-0.2958433624750108,2.1109085616411996,0.7662898187180326,0.1583041871992097
20150803,-1.289277815360343,-0.4016850897659728,-0.5787948349419396,0.034151164920244975,-0.20028967114128401,-0.8475962160402492
20150804,0.14411829512378319,-0.1762962470923618,0.657357263831203,-0.3883615117274563,0.167143466945269,0.5780788820706441
20150805,0.2727908770063426,0.7354529460841215,0.2812712343495396,1.4443868128963413,0.6479526166438256,2.2917920373105036
20150806,1.0759962432728194,-0.04569926494689574,-0.2428518967259763,-0.9168329857827343,-1.0674935002009767,-1.8766674559215033
20150807,0.18134473187034866,0.11584940920923781,-0.9578802278454115,-0.6715170260097352,-0.26906677109785937,-0.5931709569427581
20150810,-0.054492931565339076,-0.08832505472514948,-0.3451377830381401,-0.3433075049301081,-0.6841436048986386,-0.6632482170151097
20150811,-1.0670842157430793,-0.30010276371355626,-1.0752785385022925,-2.8374767056449435,-2.0578339971050315,-2.1136777737944556
20150812,-0.6501100530260131,-0.940671631972494,-3.0609176811792858,-3.1755295620347685,-2.672132866707984,-3.108110306747063
20150813,1.0035032624896678,0.3803840742609675,1.5686232960495154,2.3763222128645416,1.8505422352987368,1.324886145847307
20150814,0.24753777608320326,1.5159226681060316,-0.3183998537768859,0.1268960919946845,-0.0844106263281002,0.3743623454845501
20150818,-0.08933310181273102,-0.3860500356828634,-0.9459208404363875,-1.4123997442277982,-1.8446249295138828,-1.564599200079755
20150819,-1.0070371168197934,-0.7437816962596958,-0.027995577651593356,-0.4054981985531343,-0.6696468974612722,0.21451610613825622
20150820,-1.4588019170689024,-0.6826333281382669,-1.6466277794227866,-0.9787994330606105,-0.7279704438347149,-1.4764007053836432
20150821,-0.3910342071564098,-0.8506097563548825,-1.0889952976592268,-2.33365258461653,-2.3019084936623893,-1.3372501055781245
20150824,-1.0635171334026174,-3.356627651687246,-3.0244595439483666,-4.0341326174384236,-3.853461297569985,-5.824851340990651
20150825,-0.15884896321903497,0.14320829198891902,-0.32436379938850823,1.1957455172746951,0.5801687099280018,0.9770930493896675
20150826,0.15396474043031572,0.07147334854597044,-0.362124372419466,0.603528990672857,-0.6557872337324787,-0.933188945137893
20150827,1.5573843121859852,0.49401540564643587,0.9625964247503055,4.550858071786806,3.259027244289799,1.881754065119105
20150828,1.0698505264788445,0.21827850550914965,-0.08323070594375392,0.2623056365288317,1.2023789381780505,1.1533306802092274
20150831,0.05382586934599272,-0.3775352179994748,1.2527100913856188,1.5266421512332005,1.5373361285555176,0.31950824431229924
20150901,-0.8549682226083958,0.6266655204945739,-0.6820918895187709,-2.203630522709917,-2.1223994813459948,-0.7743292571333353
20150902,-0.7649754836747502,0.3882629611294332,-0.17697081330214523,-0.20658668297017807,-0.2560966986939022,-0.15024861957205382
20150903,0.6936497320337471,0.8800351012417359,1.4656777673658063,0.6873973280847084,1.8186239512593547,0.5448743612339004
20150904,0.11432183600680165,-0.442147811855324,-0.4861276216859858,-0.5241528112664029,-0.5678478379641831,-0.7553629299374676
20150907,-0.3796508126462322,-0.77974293353995,-1.9819349456129645,-2.4273744028850217,-2.129233119697399,-2.2140621901029074
20150908,-0.1028458986871757,-0.15871577848006768,0.3523941740057712,0.06118960878546505,0.9140822423591438,2.0731153057605844
20150909,0.7054308866587056,-0.31445895023502307,0.28238006554317074,0.7603457360731655,0.3263950615379205,-0.09990127760610638
20150910,-0.08819218396487964,-0.06376504882074584,0.41397068358932454,0.06812228921282533,-0.8516633171679314,-1.1519380837546345
20150911,0.18545395651587374,0.11155445265059016,0.5271600953929445,0.6409703582661073,0.639292414927196,0.1993918201500326
20150914,2.2775947482741072,0.061727829983663565,-0.013323933384735089,0.6721698062059731,0.6753888809530011,0.22464279446899968
20150915,0.28160148712954264,1.496666036123953,-0.22094325307779064,-1.0278747721388366,-0.6239424653635983,-0.2611811898050965
20150916,0.3078905387372162,0.1507442787928759,-0.001193587252105001,-0.440823590388428,0.10023185783926232,0.6036225545333932
20150917,-0.2182403423016847,0.08992465696165822,-0.4477766622351136,1.0848217690131072,0.3714729980136515,0.1637267482214517
20150918,0.09215630899785122,-0.055624387595005716,0.15202502797248518,0.08121623992644057,-0.2855988409378262,-1.5571482192700763
20150921,0.137720160523646,-0.07704459553633879,0.0403891501298289,-0.4517608035071381,0.2724966913013405,1.1061496076241244
20150922,-0.9047142142707755,-0.4039023696272704,-0.44171782437781554,-0.8336449997036836,-0.24286453498069205,0.7438044217533395
20150923,1.2891713331258896,0.09450017911757937,-0.7637991273344233,-2.6499235124988907,-0.5870415729586581,-0.6664423509980916
20150925,-0.026238655453148563,-0.3998180810567313,-0.008413105748331142,-0.6540769178634445,-0.8779528072896217,-0.16641553696177033
20150928,-0.7227307973869047,-0.12923896111381722,-0.5845771891938427,-1.878633887281273,-1.864001658652132,-1.161673184262898
20150929,-1.364696109107058,0.09037305197965949,-0.4358223991663957,1.9893587795313619,0.11321146153001801,0.9915258659427906
20150930,0.8964216176546275,0.13600067802097604,1.15550290907025,0.9564178757525237,1.8963577048916915,0.706802207725474
20151001,0.15991500714489723,0.2145907377729513,0.05912975931851004,1.104332971453111,0.7849259621094686,1.573932384055695
20151002,-1.78831796719522,-0.5885540500442719,0.009348075590343908,0.12666593623733574,-0.6988329681212814,-0.4246180862074883
20151005,0.24463805830608412,-0.10110268756164545,0.4452876739181484,3.601143779177575,1.4564577230967266,2.135861890776481
20151006,0.4072592544985163,-0.5266120619102346,-0.06282716712333748,2.7397877366989634,0.8237782256716515,0.8827347866919979
20151007,-0.09013169838495688,0.7984421394318887,0.9862898313540382,0.30419916682759934,1.829586296492287,0.6435667437517747
20151008,0.09063535758335861,-0.08758239643029402,-0.6883509028498538,0.19714986777492052,-0.3082197830237686,0.41952607960902444
20151009,0.3375105074721765,1.1616411785250154,1.25213079728159,1.977791309404646,2.896087857420726,2.133455064136248
20151012,0.060048505626738115,0.6916977840985751,0.20989158738539843,0.9935980140160899,1.1567640873057665,0.5950168907268087
20151013,-0.38500339466290984,-0.74275113002245,-0.9713682241980502,-3.365013779599018,-2.4366089751922857,-1.4282131416291208
20151016,0.1087127657666806,-1.0309601878424128,0.25561716646873994,1.031883233975823,-0.5601603189770837,-1.5348024528062105
20151019,0.425088223853759,0.19230628834636104,0.2038033194433033,1.1084777555872083,1.1554231678305436,0.19876409789972832
20151020,0.1571075110666894,-0.02177955007646417,-0.11210518968537898,5.91841401688826,0.26388222364095987,0.5124318903941552
20151021,0.6401164558758657,0.033921873765888344,0.547732337439142,0.998078173745608,0.41489985168218607,0.7709799523525759
20151022,-0.5398709876405337,-0.36802016083899686,0.28888107231968874,-0.31012309431465224,-0.47776412050063843,-0.7547125046062272
20151023,-0.3626769358470847,0.5120031062789951,0.9754291188769936,1.5288164195717975,0.744706054176416,1.74090637443213
20151026,-0.19799449579576406,0.35587240178436086,-0.03400734901238273,-0.45321341210518484,0.7107713900125826,1.0517324613460004
20151027,-0.4122745231828368,-0.20959445009040867,-0.014191201444255067,-0.8350666774532793,-0.6649729878623563,-0.2993153076454532
20151028,-0.32132747953658347,0.0010564263888739242,-0.5097520827226395,-0.36803673790841024,-0.853314611561191,-1.3160005095138343
20151029,-0.4504532205717354,-0.9230502465680936,-0.7417295872900214,-2.8404625353708033,-2.5684454898128948,-0.9822480853471396
20151030,0.0023639124848287914,-0.13802711177463303,0.7046748103161689,-0.3717310396065537,-0.4612610648431449,-0.9405539142193655
20151102,-0.07034372161612075,0.16889012811249463,-0.7795508948892576,0.3183967041459928,-0.282759982536585,1.2290700104371424
20151103,0.18184771627195873,-0.1692266346025525,0.5237868879833781,1.5084750394284352,1.1682685809651614,0.45360638615835164
20151104,-0.025252508032553644,0.3655940238059923,-0.578848419232895,2.1373563092158707,1.7046791727146946,-0.48818288843924873
20151105,0.12831789685355757,0.4747908815265133,0.474547850754072,-0.6706025294468386,-0.8918497442930842,-0.632976885616126
20151106,-0.0420349263204976,-0.11314328955209157,0.589826590061773,-0.0019884610418734886,-0.6054970983886357,-0.2733341824068009
20151109,-0.18896750078291788,-0.8132560993744302,-0.5758727909508649,-1.2506503190371483,-1.1868748122285273,-2.3529199605241566
20151110,0.23907522264315167,0.02873422273189588,-0.38947119682246245,-0.9201768219567209,-0.6642169001049547,0.15072232859006718
20151111,1.8241926199838048,0.07404740655055937,0.24236459698929574,-0.11904394833328223,-0.3526345209048712,-1.4778185736935316
20151112,-0.05769488132536883,0.5119736818309896,0.2909863191366024,-0.1580196048672951,-0.11438947878229012,-0.04697294138003313
20151113,0.12240868833495633,0.5989437904320983,-0.6667805089725216,1.054535940284657,-1.2996671017737418,-0.6922714257948811
20151116,-0.822670199566527,-0.09471942523572355,-0.27345622025475985,-1.0059362122406137,-0.4260566446242899,-0.4408052675285219
20151117,0.32808609812398903,-1.155742753671016,0.016110589770524663,1.4745953780489112,0.4634275966547496,-0.2013455101898207
20151118,-0.07966496698054396,-0.4212600139260093,0.23653538212621977,-0.04401828712560952,-0.9123969960668464,-0.13845152010262157
20151119,-0.3830052763618881,-0.527157866574986,0.5594647264691525,0.14151474428736688,1.1297554731983792,1.8558011636502336
20151120,0.1411169362187529,0.2508410691157472,-0.21955962520156524,0.9950581977917171,0.6617252263926792,-0.3618626024964406
20151123,0.8264020916030191,-0.10282328026140848,-0.07647643494471759,-0.34088227511658836,-0.4728857494346314,-0.43638002415349547
20151124,0.03912918256281505,0.5626452206790513,0.6089736464350956,0.29020078024008766,-0.06718653631055937,-0.13490885484470655
20151125,0.1179334997932328,0.3044055325832772,-0.15278735929748918,1.0872161227600305,0.7424364604224322,0.09134681026535062
20151126,-0.19034295042605498,-0.8083255171391825,0.10844406227049151,0.33289868189106553,0.3093026494756499,-0.9260164384909934
20151127,0.27320501105890294,-0.6284436251282678,-0.2488286725225107,-0.7847450034260992,-0.691470367483608,-0.8391968396785154
20151130,0.22355480584245824,-0.18195698769717578,0.05174165774504588,-2.3704459970006417,-1.1986018651469748,-2.2389593417439917
20151201,0.27886169805007605,-0.4906124693053768,0.22457495518597645,2.7309210551074803,0.28261683516769753,0.7405598080602395
20151202,0.6072294204615364,-0.06233772187454781,-0.13357675357740403,-0.4036468455663713,0.6762392746332315,0.29355374638752063
20151203,-0.21621909358222435,0.0537085211615411,-0.5414117557209771,0.03927361852402533,-1.1730871419226316,-0.7032404626814868
20151204,-0.15321219389282778,-0.38678080386555524,0.37345894374846356,-0.5982442438936274,-1.4625707851416834,-0.8577958390339677
20151207,0.2018082956050046,-0.9280090498295285,0.051110991478620776,0.2370132032964795,0.07824989040917349,-0.3737099309936253
20151208,-0.26326245138590615,-0.6684882170261274,-0.5267171475997933,-1.2319843762650473,-1.9379013586099763,-1.4390445188160188
20151210,-0.2150934327130697,-0.13376939625808124,0.15083405975364075,0.2643172528342215,-0.4217487627338394,-0.8152531330249959
20151211,-0.2716294183323812,-0.5332228006367944,-0.7104668900733799,-1.8238836113976415,-1.2628667493398482,-0.9635571077852031
20151214,0.22988891270283068,0.4188632398749047,-0.10770530825316826,-0.36977028213433266,-0.9329448452911269,-1.083930372450156
20151215,1.1576508152699474,0.26529215329593886,0.08936546768470525,0.6623463328767182,1.7569655899256447,0.6432494275300016
20151216,0.3768766038502947,0.20064682424198532,-0.0047230031557948604,1.8723152742845417,1.3782952116957305,1.4792110842126067
20151217,0.921889174287033,0.3392645501279724,0.25013171565950565,1.8462002249110838,1.0507605756038934,0.5851393081013935
20151218,1.8465489207392776,-0.2670543652753428,-0.3976706965760752,-2.2886319048811186,-0.9156091139924385,-1.5277638267704825
20151221,-0.0034440050340061976,-0.0171957254040614,0.572066107289616,0.604072105393701,0.6347056566382651,0.6480132270677887
20151222,1.9022534860293725,-0.3063872868155964,-0.5512707288768952,0.5904956357280767,0.1730580905072209,-0.12826606527561904
20151223,0.6863626247908103,0.3807519828764885,0.46517688817497865,0.10007818636314943,0.2448701145521478,0.3206029394395125
20151228,3.78063315987568,0.5877538564388525,1.0735367057987841,0.5592867267839398,1.4992214321726163,0.48238265561592714
20151229,0.35121562754533714,0.4433000718558187,0.3388582960036311,0.177866954232907,0.5687140057677309,0.9878793289595458
20151230,0.9398923515948152,0.0015054225465981053,0.35117540942919667,0.28506829519038646,0.8335726853668207,-0.332351022489824
20160104,-0.8537964560636937,-0.5715403722668074,-1.2657361791285449,-1.217014654082734,-2.224501259077625,-1.6656164754949936
20160105,-0.8662548311124743,0.3440663714042093,-0.3386485861588845,0.9207632269652658,0.5997558756694126,0.35409019978474715
20160106,0.80395330865973,0.23312054173137173,-0.6691161833778613,1.313747267970176,0.09548851450212938,0.014550905569516015
20160107,-1.0211708889918636,-0.2884450611454759,-0.43960729941743004,-1.8196233723001307,-1.373229827746684,-0.9592332640444673
20160108,-0.33709440148585723,0.09549613790483133,-0.5080369933655138,0.5048623457823349,-0.12149164987920796,0.12610081179567462
20160111,-1.0798890847057732,-0.33127390120907163,-0.337050966898598,-1.9417820476468124,-1.3956228918823947,-0.7254349638983455
20160112,0.5419993484259025,0.39871394900275636,-0.23115207084404996,1.3100890966125753,0.665383472964451,-0.2693272074245482
20160113,0.4403286595505521,-0.16602579267282017,-0.1263504200746705,0.6512083664231192,0.03740703213239731,-0.6694994938577664
20160114,-0.05148552840435584,0.4037033230151805,0.2924164266497122,-0.5815771152999121,-0.520699270620126,0.1859954564730535
20160115,0.8977301446692775,-0.28346024794566915,0.092987319095135,0.36359737800726954,0.028501531531826673,0.4124682840303649
20160118,-0.7307805795135924,-0.4264751190422636,-0.09125009789250785,-1.0549371362450615,-0.9010040616898828,-0.6389360751270712
20160119,0.42192026864744886,-0.20585256651622658,-0.6754521037774291,0.22240740496426137,0.6022892440065136,-0.3407415375888229
20160120,-0.5872996688530558,0.03843454327066962,-0.787716988416112,-1.574587534970919,-1.2057680904244756,-1.8910254565251072
20160121,-2.140983945081267,-1.274063159234123,-0.13655279490151648,-0.2611980542834529,-0.6006849764346383,0.11208908860207638
20160122,-0.34926270414632665,0.032375515793278666,0.3848122472388087,1.0910551875709797,1.1150203895994348,-0.32322499695203455
20160125,-0.5584183985004346,0.6067632756709667,-0.8546703703988572,1.3317315570696893,0.46087276456643966,0.3394101984935316
20160126,-0.021973069687413496,0.023216530651214342,-0.3054440785318709,0.2970409130464803,-0.3504112873104577,-0.5611899526964909
20160127,-1.6179624235544487,0.08133521025623446,0.0858765790749249,1.9982406981361365,0.8478372997615079,2.3345776895732957
20160128,0.3776012881915021,-0.1210893572520052,-0.01241441953209033,0.3950341812473731,0.7523842733446897,0.3902527636610446
20160129,4.270632895723478,-0.1376931730600269,0.09196685347924159,0.06120043815411119,0.884752095530935,-0.10905188859237312
20160201,-0.2629875925761557,0.2963469951974185,0.19472449274393436,0.47831536443834494,-0.6101257560776585,0.8524039880209521
20160202,-0.6309128364781666,-0.11218243169846843,0.035811224517437,-1.0496032172594179,-0.5714758145140533,0.7878228448306678
20160203,-0.8349572912573461,0.22864518859987717,0.039580945390761076,0.40563188540116674,0.08994321391664645,-0.4020861959350892
20160204,-0.08492126973251704,-0.1671052444237716,0.46507190670531534,1.7343083717438763,0.6062693600146826,0.6287784110567135
20160205,-0.13500898034789374,-0.19033186504395022,0.22030227241476033,3.2593480606207224,0.8167591141120414,-0.23868233854201976
20160209,-1.659492231540622,-0.2408961628009613,0.3628667852137548,-0.6941676100965539,-0.6052346090274214,0.6881597016927813
20160210,0.08720912416766027,0.40786115078694873,-0.16476113951552382,-0.9155771942984509,-0.3834290453831682,-0.08833659980012808
20160211,0.1649036385611596,0.9240472227024167,0.015274154550229214,1.045203808487233,0.3348856604276994,1.087491369504437
20160212,0.8690509402239855,-0.4339299341386404,-0.4169895484777942,-1.5042963715939597,-0.2986763323396843,0.062122297279886905
20160215,-0.20256568498737407,0.12784771712687032,1.3041253552278802,0.5794607069189334,0.22066337617056256,0.6570543044583564
20160216,0.029373346148921568,-0.3553072917247449,0.4927849135035165,-0.04586172966734483,0.7396044648754699,-0.05957411387411206
20160217,0.5111930304042502,0.333646197287278,0.1153803131368503,0.29988985152673947,0.623950661757656,1.3461371957732333
20160218,-0.024334049337370472,0.6912952680171341,-0.3046882294680071,0.2636704191152553,0.5131144928080472,1.7167555073008953
20160219,-0.43144082095250696,-0.4254707282431851,-0.19327309318353814,-1.751250042705967,-1.2961305721786558,-0.8867326835580771
20160222,0.07878352050969198,-0.10093390228932361,0.4408031684832213,0.3191084597980824,0.17479855095974303,1.057313206159789
20160223,-0.020566118426713374,-0.5819238314126259,0.07133331212501665,-1.2446725175036537,-1.665119626754508,-1.0732802114312596
20160224,0.08676601986361049,0.504035810346349,0.46181882860957335,-0.12238393435841087,0.17274552195194617,-1.2943707030388396
20160225,0.31024021321007283,-0.07277879776075852,0.2890560713474152,-0.09386354737913195,0.7692631864371846,-0.21659853158474554
20160226,0.26331315274242206,-0.07194294759976969,0.38989704540206255,1.8991590366187527,1.1150070444998132,1.101597302679712
20160229,-0.11491971418582682,0.7882805088413084,0.6589550478969622,0.6970429335856827,0.6256611747123085,0.039214525667326236
20160301,-0.1253029744800648,-0.5192813965242165,0.2735868955348462,0.3119276125980579,0.7053874198397034,0.3817643985482287
20160302,-0.17377306678369822,0.4352686540925811,0.13537829518958838,1.4124615956175985,0.9322155688013818,1.4029754201170608
20160303,-0.05451890498882435,0.4092578890129126,-0.8640165605358099,0.07021802980846209,0.1342574441055082,-0.17007482024410941
20160304,-0.4797320376294408,-0.12795474676571286,0.545009954991711,-0.08145170168927769,1.1169207332339075,2.1210068753011067
20160307,-1.0865677359480244,0.21878542890852046,1.0747764416627603,-0.7151599504131299,0.6209027097604841,2.0723181670698834
20160308,-0.32637848236763645,-0.13545614219503044,-0.6282625948985378,-0.643882396652091,0.7404136237564654,0.9324157301081871
20160310,-1.1474971693886484,0.3881216897276998,1.48092319794837,-0.5725686447800278,-0.19119297439891925,0.9258257064795744
20160311,0.17504959290400657,-0.08633438556646522,0.22247128469486274,0.4592448504290082,-0.23539476406164414,0.6310684026020099
20160314,-0.5359376093261523,0.8119306485949542,0.4823909986278136,1.4774353279962833,1.2692645607081534,1.1747852928057574
20160315,-1.2433752557752344,0.9980723887443792,-0.030907616647262076,-0.6893565275492216,-0.5774279898945407,-0.7515492011113458
20160316,0.5600828853066708,0.10655724939138843,1.6744477426983027,0.20919961106983603,0.5231346095584397,0.08142057825468386
20160317,0.7183390731794002,0.9798673548310488,1.4325273697574241,0.29790360151982986,1.1478956997210483,2.0725859415255377
20160318,2.882213493547897,-0.32734706374838607,-0.17538966634031175,-0.12849782932942574,-0.20755534860210195,0.22823957482063817
20160321,0.11093697439889832,0.6256201003071366,0.9788760546951698,0.037624255098394836,-0.03937301193905602,0.9333658984415093
20160322,1.6708981397242393,-0.40529778224137925,1.167073215050774,-0.8502079908564558,-0.09840417522887686,-0.04750023181634822
20160323,-0.0026696154521850903,1.3350964248625579,0.9855649007468295,-0.1673632632200614,0.7233660588880539,0.42607272376226696
20160324,0.1980393033710059,-0.7402422875007957,-0.54588025015617,-0.4331415038775696,-0.8330691155717008,-0.8937102023684255
20160328,1.3132842321282998,-0.15083232763103957,-0.9252310817470333,-1.2169924709498896,-0.6360446692421321,-0.9525349441026646
20160329,-0.250908208103773,0.049656671387811054,0.37428581966992064,0.3313705834709699,-0.38784744897438383,0.7849923529872593
20160330,2.4735404189367847,0.03505308041145049,0.8394036266326543,0.7555516596061511,0.6652897582174584,0.6292987826802343
20160331,1.3639045411291169,-0.2726684333264574,-0.9104870806984806,0.6946770718020663,0.16766809925461756,-0.3394805091856393
20160401,-0.5080035097593284,-0.440927670517414,-0.30785209125857893,0.1999906294867708,0.05275430766599019,-0.1434500246536676
20160404,-0.17463034092678822,-0.3534072908612582,-0.025426019848553548,0.2257089748222894,-0.41229758967859087,0.9071206497466041
20160405,0.8714879402274717,-0.23395968599773534,0.7058524428365471,0.2942837367123795,-0.16093922641601152,-0.48172571026807787
20160406,0.3503048060903425,0.34374710084659715,0.3442975133620406,-0.019579910296292056,1.0266712110399012,2.227440688574615
20160407,-0.462497568379199,0.17500433933030354,-0.2473054956190767,-0.221277175316212,0.5684167923178155,3.653636843537242
20160408,-0.1468249218608756,-0.2660808937751407,0.7330505740118,-0.5985051173298286,0.44218136897944926,0.26998466250773
20160411,-0.8454864603361841,0.4142033598685996,-0.805770428642791,-1.4653081686155291,-0.5799575179342816,1.8886733755598597
20160412,-1.1278289301859792,0.8549745909049153,-0.3486335783824317,1.1321042241256896,0.06032695947137663,0.7292688073409488
20160413,0.4708545202925315,0.9827231985851429,1.8268925968156577,0.2979374396175149,1.2135836454668187,2.4153681797964146
20160414,0.125347394101716,-0.775442492372978,-0.6117034913508067,-0.9395846121663236,-0.3651755650058892,-1.9872535322405132
20160415,-0.09427991307483181,-0.297501298805084,-0.6379933015080951,0.5357957402918387,-0.4518474308038298,-1.2864382652809478
20160418,-0.4357130517543207,0.09159937297610206,0.9479637857868644,1.0506538791459188,0.3070785205093805,1.0130793598286179
20160419,-0.24103570236109845,-0.44184381325015326,0.7507628012326435,0.3048326857769508,0.8481281199689441,1.9282749350424848
20160420,-0.05929673004134869,0.21262418968145616,0.65979257582968,-0.32989171936227474,0.7976111325594301,0.000517938437573899
20160421,0.6451933023110494,0.5146310501909763,-0.09580022711434731,0.49432780438281015,0.48226623764937954,3.241844996662435
20160422,0.3752178776544192,-0.6262798138761404,1.321285621654401,0.4345641119123858,-0.024171125890090725,0.28098745479691184
20160425,-0.12093461819972628,0.6549987676499905,0.4662678518848724,-0.7127903847104643,-0.726390603929977,-0.12380601382360368
20160426,-0.2465081697354782,-0.026563868692526915,-0.22500088077781075,-1.6978299346462797,-0.8551315937168428,0.6779761739194233
20160427,0.34579111743699975,1.510052692279994,0.2315379750717462,0.6399986186630324,0.09863018135319745,0.5936097164590162
20160428,-0.10370440911097899,0.8454467031986764,1.052374317226244,0.030677401676688754,-0.12160262414586888,1.013676647922701
20160429,1.1085876075580923,0.3932770942914662,-1.0508442878716646,-0.1847185877579466,-0.4861411588872333,1.8834662809296137
20160502,-1.493045850566572,-0.2912313704432117,-0.2927803428574011,-0.2896828990861302,-0.679171857548606,-0.286209670331289
20160503,-1.8864995148246508,0.06423245299793634,0.6105334657072617,0.12018884990752611,-0.18740518558647667,-0.03396896557351994
20160504,0.15459083758952188,0.1729055030547112,-0.3178696291428332,0.4143546061234019,-0.4202965029893772,-0.24272929254583256
20160509,-0.5132065983691153,-0.467409423437854,-0.29495934120751155,5.112849385690429,-1.0092544151941505,-1.9329429453643916
20160510,-0.46430217161660636,-0.32631728227156515,0.8583141989860845,0.5472235874999603,-0.7516723053901416,-2.068421856359666
20160511,0.9945544580587875,1.1229897182689073,0.4068075678346222,0.7663346500467038,1.1352329563861505,1.3681225411923763
20160512,0.019504262846258117,0.23722092988263227,0.06584809327348676,-0.12002437505590866,0.737932320714617,0.2657357166384659
20160513,-0.1185683939026143,0.21791553302359623,-0.4227376830014337,-0.9417120043590913,-0.8933984671740604,-0.45753048816774694
20160516,-0.7684669113267097,1.3091595213877951,0.02258099635174465,-0.7693018970370509,-0.24536635137804044,-1.2095707105917448
20160517,0.2678369286126055,0.2186001981688818,1.2441242319781287,0.01133292804924543,-0.45824867049447643,0.49342985059750805
20160518,-0.22348750206582724,-0.4168709057623422,0.9286024470436121,0.10692322879358872,0.47931689260074467,-0.485435112420945
20160519,0.4330558232572332,-0.22587010753634898,-0.650241130593977,-0.6854500458334203,-0.2710413749104725,-1.7815321019960462
20160520,0.35131305036173466,0.14420662528755776,0.5378457770088937,0.33516156650689394,-0.24818445140967296,-0.24762365231820638
20160523,-0.07501584949538245,0.24642773260581952,0.4109396255569974,0.8367014782337553,0.3458218210902392,0.8067953902716464
20160524,0.3217311957537797,-0.8941764571711518,-0.9100651888171617,-0.6927533205708136,-0.9511106207869411,-1.1840618137719603
20160525,1.9307331356716286,0.3338527322274,0.8495528433901537,1.468653837680906,1.0162834087238055,1.1924435550132662
20160526,0.06339991303638719,0.5745162883000487,0.1844776922452825,0.12939770688662292,1.0688895207224547,1.1867485325967735
20160527,1.0197639289581557,0.13530386271764422,0.22313754828372376,0.5030228424392889,1.1895904910251853,-0.4617123711440208
20160530,2.066559438771095,0.7420598631582693,-0.15674002508357268,0.3207579584685554,1.137385508274274,0.5574077312255062
20160531,3.902906718075728,-0.05246955539216448,-0.45870111424435145,-0.9291792528045761,-0.5072883916611194,-1.7787766234907205
20160601,0.12713198752019952,-0.21576270817529747,0.21472358098556452,1.108928380346482,0.20768037357641847,0.10834439873812834
20160602,0.6604643412426773,0.8852213546795829,-0.24529047879106922,-0.2505000441227636,0.4166923518140197,0.8620825734844378
20160603,-0.38325028194825805,0.5308844945465965,0.15669979123784575,0.3889934956000018,0.5550100618466112,1.1075529038885903
20160606,-0.13079343021029027,0.16786711714457517,-0.5832438218338848,1.02315138555223,0.615067544158145,1.8528111342400087
20160607,-1.677180114624665,0.7842468107758873,0.07959021547878872,1.0311455342750342,1.1227407755861099,0.5480015542405825
20160608,-2.0068605545661495,0.12018161726374808,-0.3464873685070914,-0.4685536910572101,-0.038020421242033135,0.7676033945390461
20160609,-0.2095902077473613,0.4745215085072762,0.5703464163653786,-1.1150591785227126,0.03218609505425566,2.1643813704654535
20160610,-0.8368599101585563,0.4812100201780817,-0.012026398039819298,-0.7815870319416978,-0.38121333926411616,0.9376482851592371
20160613,-1.4811239305366655,-1.0407721373826275,-0.10238430358169254,-0.7391570066952332,-1.0181976651676452,-0.9714604463965085
20160614,0.13170135354037638,0.07980134046308286,-0.7808384170334488,0.5349454923913181,-0.41852086770561014,-0.3692318773216224
20160615,0.4496627271193248,-0.045756578237961205,0.21158274504657254,-0.49752474719280926,0.9723035178934988,1.022569916626943
20160616,0.6615076328698142,-0.07799478140149128,0.34965362285987506,0.13922202024725563,-0.8159840975002333,1.8079764209611333
20160617,-0.4906518047461134,0.45480795742212554,-0.1885742027561473,0.46501116522162783,0.14734910617388672,-0.024053375770273704
20160620,-0.9091748754097863,0.35580576780686746,1.2208474519225483,0.4609813093885014,0.9493390507963665,1.223595034210009
20160621,-0.8726292743438856,-0.200056769493121,0.3691018256844178,0.20309175773361204,0.4909615720386411,0.261468867006649
20160622,-0.32273909279378465,-0.27944453502572325,0.43240870570015,0.31535429345126786,1.0288843361665572,-0.7668559014371183
20160623,0.9982546564215131,-0.5024644067900492,-0.6806681052568018,-0.4404961939902923,-0.1924374746590581,-1.2997720332843152
20160624,-0.9906790444100191,-0.5218823636604939,-0.6991585603791957,-0.8331467878032449,-0.8371287516930533,-1.1832150827692607
20160627,2.1761180149611077,-0.14397470377304508,0.21633946676017957,-0.15902344872320262,0.7221528977421028,0.7606202424503026
20160628,0.8452316045254,-0.17081728670449417,0.5740752220835971,1.2391723686709222,0.3235086368484335,-0.03340659648787935
20160629,0.21380067034708067,1.246433806156619,1.893113625324117,2.403078680058343,1.1302330765065332,0.7146947147116771
20160630,-0.29013817891752125,0.7112702783247031,2.3257466698116622,0.6789534628442259,0.49555631160496394,0.7072037385288524
20160701,1.9357156123309203,0.13970074195591203,0.5360802757608988,-1.1673605425753764,-0.6642195405676831,1.0358515067064407
20160711,-0.46389590527746966,0.9687891510594941,1.2048312492291018,2.009409078420352,2.0971533843166483,2.9769575911971113
20160712,1.1488830288690286,0.7479278293896732,2.005009619308255,-0.07587721084277474,2.3127703661239916,3.6080004147245353
20160713,0.11446021730164607,0.007636618949005256,0.13594936780630004,0.9342895552554316,0.013948518114171611,3.417649950349616
20160714,-0.44816289575022344,0.022452574827467927,0.4141923273083438,-1.098076016782922,-1.3616145879083283,-0.2520633107160498
20160715,0.4246511676449456,0.3725869918008823,1.5063792599770052,0.44030831375927587,0.785644022441369,-0.3213571000789088
20160718,1.2241989615310398,-0.10165474008172184,0.531964496698128,-0.13148839103767918,1.9146715342985758,3.2911265024522214
20160719,-0.698102530774699,-0.10116069605367137,-0.5924395568178101,0.8383971915526703,1.3875340304395518,0.22125027523726024
20160720,1.152149124320998,0.49172729349767724,0.4103287963350753,1.4928081749371405,0.9881616049063084,0.8495937880070819
20160721,-0.24518014897358903,0.28916842491299594,0.8060409757603058,-0.37157520450444237,-0.916063828234559,0.00177097385622094
20160722,-0.000923365959571971,-0.43018387395202606,0.337364612854063,-0.2501393889331443,-0.563444412435849,0.11960737490926476
20160725,-0.2793857578357754,0.06728006140534823,1.1404137688194518,0.6758973784678128,0.10582764850120205,-0.11460343368028258
20160726,0.6263433134132141,-0.47864116608438884,-0.2827456504570952,0.18514061697833412,0.18443136030258184,-1.0654174580091356
20160727,-0.09806093802100566,1.0148397801122748,0.8952063144028922,0.611650732134773,2.041846144453869,1.194591666373038
20160728,0.2880098931977048,0.6210970507691064,1.0200652792919818,0.11375469525737598,1.7767355433472476,1.6042206583030583
20160729,0.12249573515431661,-0.15832389278505404,0.3262659204989704,-2.1839822593743135,-0.16314272481561662,-0.502661890298399
20160801,1.3115394531650417,0.6127161056329034,-0.08940070547989344,3.2067157882856856,2.6954259759448576,0.5859803582244716
20160802,4.545532556931718,0.758167060806184,0.09076394358096283,-0.006403291814198577,0.5519595119992319,1.9566392271679642
20160803,0.8717664315496565,0.6406140448210146,1.183219212664313,-0.46057351085682807,-0.4517197089229123,0.8895272161063568
20160804,-1.6237824749758902,0.8763182550324803,0.459497259274088,0.20945018264626092,1.2926213142124117,-0.17558922179193637
20160805,0.13649070525532084,0.6395232200734582,0.03191036768130743,0.2622353200330041,2.69105238023879,1.1174784650021812
20160808,-1.2274243945666683,1.8766587054359816,0.7849541212829387,0.6224725689949016,0.896152112952181,1.049593841759925
20160809,-0.29985422641938,0.0694217304242093,0.8439626576771164,-0.5710445426211974,0.12991413644940827,0.9759222065091392
20160810,0.11182423185337156,1.142107327774325,1.221087544516612,-0.2631444867002593,-0.6847634761287613,-0.2325688222236682
20160811,0.3873852685149786,-0.6544977551366302,0.926435562067743,0.2675196326308968,-0.9846588713483597,-1.3932649372418318
20160812,-0.45315585624901356,-1.1216169345007956,-0.8823456706771674,-0.8990939362887352,-0.5565161317051106,0.42546199686840497
20160815,0.9845934958415249,-1.600124891479047,-0.4867964500313201,-1.078027678147092,-0.8915985653626892,-1.5397411292921404
20160816,1.2224368180822456,0.46623740320151974,1.0049115221600065,1.0195056905379685,0.6590736716530905,1.161012870031931
20160818,0.5601613556278418,-0.16829098029862585,-0.02023731673642288,1.8661693448654184,1.704001550656789,2.150535973588419
20160819,1.428664436031253,-0.25699176100761706,-0.9498541256925145,-0.9381220365276314,-0.48087536889449295,-0.6466157224102042
20160822,0.4803923739031386,0.18148881432795888,0.32077268721262414,0.2801533306082074,0.038850647961914855,0.6474128946822519
20160823,0.01119332869525158,-0.5332201791482901,0.05392829343397526,-0.13948837538626954,0.05196859442054982,-2.2557126472620186
20160824,0.05151391876694667,-0.01417136924852847,1.5592496715796493,-0.6764617521760522,0.4829677523126855,0.8542345198636639
20160825,-0.9647042622818531,-0.31351427151571065,-0.15050273276016843,1.0851834253052626,0.7369217567823795,0.2833922184030352
20160826,0.8275708490409095,-0.3047627631886972,-1.2952903092559331,-0.30057655509458314,-0.03626046854540725,-1.1521456064936746
20160829,-0.7512162500793128,-0.9801120620866955,-0.8529240774073363,-1.2135155603780852,-1.7573713039770653,-1.68611808895985
20160830,-0.3852059464479901,-0.36302231428580456,-1.6992739497305718,-0.27902254830178175,0.43440684086329284,0.9029954100999762
20160831,1.1258462169031143,0.5486047657428668,0.9736712168374043,0.4382857454358846,0.2758775859291432,1.3103120323540374
20160901,-0.8356280702177414,-0.4224918260546139,-0.0561662989835363,-0.7675190982906894,-1.5166327367004455,-0.5257426021120132
20160902,0.0499151741976412,0.7518563886200257,-0.17113452369810087,0.29250622785501385,0.759225333251673,-0.23862767981890648
20160905,1.3386369536196674,0.27575037726425133,0.040919759846643984,-0.0402104133966941,-0.017020807889078587,2.0888712868056056
20160906,-0.512180930872521,-0.4128090096119101,-0.3986094407879044,0.37185199562341037,0.4875559420999545,-0.588854828926944
20160907,-0.3304208270481922,-0.612964256572128,0.3520376927379464,0.16804211345551515,0.4671456571912418,0.6472080790113283
20160908,-1.519872577964019,0.9646958613064724,1.1468606412213436,-0.06970666106490284,-0.4550435661319907,0.7611531079968115
20160909,-0.9529785745640463,-0.7489769718637443,-0.7840099292033957,-1.7896533464874604,-1.5735100761779461,-1.0341596194971348
20160913,-1.6163845999500592,-0.246807484966856,-2.893260975350328,-0.9003356477971991,-1.8250062135896459,-4.987609203226808
20160914,-1.2770664860241028,-0.7536622456927922,-1.865586483133459,-1.2645987891555242,-1.4251033567668183,-2.9629192952048924
20160915,1.1189012714715243,0.5117233302806637,0.961761820450694,2.4015569419916005,2.684313184730763,2.337124049589244
20160916,1.8717129972733841,-0.06702370896035015,-0.019173948400274685,0.0636937943632709,0.09429764084358579,-0.03562866827341732
20160919,1.604409336472968,0.48062147119320364,0.6508846445835151,1.0620980048137765,0.853468285365264,0.6995785713477501
20160920,-0.25942095909398827,-0.16402283221723385,-0.35028631430315027,-0.40105120595351973,-0.26085559995648394,-0.6182558904852402
20160921,-0.555660182638029,-0.1132273065054811,0.5699866900463035,0.7052450367688942,1.0560216291579412,1.239680106965483
20160922,-1.8022332542272506,0.27525750253991305,0.5108452896299974,0.6487786843675027,0.8857847516304094,1.0556007105519276
20160923,-0.9570605573560013,0.5495776415598869,-0.08253629685176102,0.29283137561262074,-0.12631609303024677,0.03692681203733239
20160926,-0.6175261802258437,-0.08324267520416163,-1.0959165548053722,-0.8963022319168115,-0.10344708404916678,-0.9284490179798426
20160927,-1.2430182883963703,-0.004994505359959476,0.3975387677589261,1.3195173631784811,1.1205585259590802,3.6529654787805175
20160928,-1.504346175139579,-0.2003906745293609,1.7018269624035756,0.4043154579235375,-0.9829018245273607,0.026351350716377415
20160929,-0.6322870406462816,0.42361155293491354,1.6111721007174216,-0.27756396211043477,0.9915042620788647,2.599480627632896
20160930,-0.3080843818763642,-0.5358149157947582,-0.38182106248587694,-1.3996237137369516,-0.9282202785817784,-1.5947388843043506
20161003,-1.1055581879958938,0.8755658686521317,0.41340905278470913,2.004682018742447,1.5456897705070238,2.870077978258291
20161004,-0.6277471573962978,-0.328956093356458,-0.8460243215016714,0.41560149001255464,-0.17761150636348325,-0.5994967421229249
20161005,-0.25604099838737254,-0.19390577984623975,1.193349856893194,-0.84453476479634,-1.1553523955298592,-2.801264841374577
20161006,-0.2763512794686126,-0.5052551357591815,-0.493986410093646,-0.2280029692697603,-0.17166900553374195,1.6606766818455292
20161007,0.9369041273357338,0.7225518971671783,0.5429979450940808,-0.9293591776937197,0.09402025805099891,0.8487036413244713
20161010,0.8932853826800835,-0.1879769281869274,-0.360467103326502,-0.48791985366466234,0.06520137045531739,0.09922389147528266
20161011,-1.1473284186260273,-0.3079251328082101,-0.4330758841361643,0.5615911517848773,0.25392276576557155,1.4929245535686737
20161012,-1.0621098464220018,0.8504301270109184,0.2757297567620379,-0.5540816688946775,0.21164645094119372,0.49723798652493106
20161013,-0.6284695828362062,-0.09754403618455414,-0.025619720841626774,-0.608790430639415,-0.22111023433956473,-0.628663809278254
20161014,0.9032833507318865,-0.3682322396905561,-0.0878537350091736,1.3412736524723836,0.8231075543298956,0.6396245736310986
20161017,0.1615915331240171,1.2075474664534054,1.3293188943899092,0.014333369809260395,0.3456753136346749,1.7673379116910466
20161018,-0.08628476921103662,0.3503792612197688,-0.15359898576387657,0.3470365593657417,0.6154763470028272,0.3799815102408166
20161019,-0.8592761323858842,-0.5766449647346138,0.4604045395723333,-0.6295793704261764,-0.1112291007285306,2.065776996588388
20161020,-1.484519454000702,-0.7001546627598009,0.7482888810200998,-0.04744493605918246,-0.5103435324872981,-1.2433575134683907
20161021,-0.49910458251308887,-0.6777717979534131,-0.06656257947309387,0.23474279345405114,-0.2699615923843932,-0.6925794992438968
20161024,-0.009040340228157905,1.0796383962904972,0.6662616871868511,-0.16127013559002065,0.852983368362833,0.8429893715055055
20161025,-0.6350676079518405,0.8650570853019666,1.7478491433666907,-0.6576813454998064,0.020806555453954316,0.45138626598762815
20161026,-1.1404988044394628,0.882643198778212,1.5697580579323682,-0.030341077796994312,0.4325794009430065,0.732352455843249
20161027,-1.484039074723665,-0.4019040160222109,-0.696023687174368,0.24946600660316118,0.589986912671489,0.9263670753095877
20161028,0.69849594175521,-0.16942110873714294,-0.859325958738291,-0.14348705679099266,-0.02586158695571717,-0.33711409561714106
20161031,-0.802217842400748,-0.004192512785026486,0.6593217735890698,0.009055436643368898,0.4813035989856468,0.6295651684914416
20161101,0.029305012347239798,-0.6130464434743927,0.43937098701005217,-0.060273446694651255,0.06393914665080233,1.1571413430335116
20161102,-1.311980245770546,0.08955216635770903,-0.9272048959381716,-0.08570451180445365,-0.4825090100206946,1.4963796483877063
20161103,-0.7391729894902019,-0.6074933615609385,-1.2898970712588065,-1.3858519886919427,-1.6731083589084663,-1.9429708411985491
20161104,-0.012634677323719945,0.037051198866144816,0.3867060686164552,0.5205243728399177,0.6322844391538774,2.224060258775841
20161107,0.3045368387310536,0.518496958321415,0.5594152953653374,0.1463483418706757,1.0989800241839331,2.0830040332859587
20161108,0.18751453094837137,0.47814877227949515,0.6114539543632275,1.727940837677444,1.5070888342471565,0.5661947967579883
20161109,0.37174148533663787,0.005253941570794842,-0.969610645865413,-1.10618433960545,-1.106266367256907,-0.6951687890691621
20161110,-0.4639006566202091,0.6994565940563879,1.8448724223499473,0.24088421049295608,1.0660557560297341,3.5950445851477317
20161111,0.2843575528677621,-1.1198811689410737,-2.1567445413786603,-4.610920042066251,-3.3145679664495,0.08409312732406043
20161114,-1.7963330305908287,-0.2133501240943956,-0.417404148261409,-2.0819863839341988,-2.912685287071693,-2.486421527171173
20161115,0.29513923248771656,-0.4074643876737903,-2.550586702698739,-0.27073416926087135,-0.7612507238854496,-5.384618625994401
20161116,-0.7596331204972309,1.2532963023466597,1.2828465836402883,1.7323393752524359,2.9877650676186707,3.118520307679809
20161117,1.6844923555068927,0.02753196248562002,0.24217411425468877,0.19291691649629855,0.055688097395613194,-1.0954449090046499
20161118,1.2068412215465543,-0.5109439603686485,0.3972257261675367,-0.3623786833126439,-0.5876547455806477,-0.8135166336778225
20161121,0.010232216087713053,0.38434742605908756,2.3829312008615338,-0.4210879696677646,-0.9967837871447428,1.0911006101337262
20161122,0.6924192951258021,0.13540873678996432,1.5503336076114953,0.835347791247406,1.9951345212183775,4.216298776496597
20161123,0.30647126698522176,0.2527150435171223,0.5312810593880273,0.08677262145134435,0.007266480360100958,1.4849905847599447
20161124,0.0499164058923743,0.3163708154839575,0.3289237513143612,-1.8814362623447596,-3.0999053881387373,-0.6400483907605419
20161125,0.41262461391311217,1.573201802346034,0.3209663442897273,0.09774940663459716,0.7849253070967664,0.1275559648376967
20161128,0.6974922146150326,0.9111316044938654,1.6244517774177842,-0.24119342402247101,-0.6186384570952181,1.1334163443544831
20161129,-0.6984341879969257,-0.5135923654728228,0.1721745849064613,0.25378558447785116,1.0706982105497542,-0.5586285857289611
20161130,-0.08718526646832096,-0.3684185062604624,-0.04764754842457109,0.1493022571876014,0.6732056845624868,-1.5554171931253395
20161201,0.5800952769366277,-0.35015532957432033,-0.1572023250516045,1.2261895632551831,0.8238029260241565,1.3254499428591782
20161202,-1.0794357696167347,0.2364998136631891,1.4425093068480082,0.9455605734516148,0.9283570211824712,0.7624468624976276
20161205,0.7654781453835217,0.25130013815905056,1.7677590243153833,0.3588757600094393,0.40611846336249563,1.5894083118971023
20161206,1.9709052765618735,0.6094323783643605,1.0182679372089518,-0.028072834820752082,0.4632930743396922,-0.26931737109567594
20161207,-0.0038011504900702818,0.37839978729962603,-1.157822409658725,-0.3822725695975685,0.5017289799272484,-0.5959094731462766
20161208,-0.7532566548899376,0.07252423834971557,0.10532241850625176,0.8401441914243533,0.7918554739041744,-1.563333747973307
20161209,0.9721971502688667,0.27138662057287816,0.4287440212967331,0.06149542756160525,0.07180632990829929,0.45785143060715694
20161213,-0.19361150968202023,-0.20524482005607547,-0.38196884924885505,0.005444315742613919,-0.7355287846553432,-0.40317978114728603
20161214,-0.46036529888460526,-0.5878270842142864,1.217369959627015,-0.8127447979312294,0.010514761987369451,-0.28169537594420596
20161215,-0.9464691084121072,0.500031062591415,-0.28460761649601707,-0.14847981538146504,-0.1885289216623051,-0.2024768765924492
20161216,-0.1542881429469722,-0.3059104664934678,-0.4321208539642054,-0.43495173500251433,-0.2744905351436743,-0.5149644006670354
20161219,-2.2466255890056113,0.2247950798684455,-1.1559289355399451,-0.9202185464905495,-0.3699317899738067,-1.138603183069147
20161220,0.3900820898481022,0.04598112405465986,0.15144212631930265,-0.5578463425542157,-0.3637280598311317,-1.8248486551954217
20161221,0.18669298187528768,-0.03213172352811241,-1.3019965019057778,-1.1700904299592236,-0.6009337690054737,-0.9600002005548949
20161222,0.5844000524919793,-0.19096735775599574,-1.6483656868822263,-1.3993034934343351,-1.2175335164147638,-1.9583241707817327
20161223,-0.49926893660824384,-0.28134157995500314,1.834996412026554,-0.5766027095087766,0.5341684947571164,-0.6151668944795797
20161227,0.9974535211511971,0.6867985389282409,0.6857928573975216,1.9463189664696727,0.8942379370424391,0.3759656803066055
20161228,3.3513914518024253,0.9243087810969303,0.8720516396045198,2.171594477537806,2.180138057769315,1.4159823042857562
20161229,1.2446391443137728,0.40058754138350033,0.08830100650925571,1.9393279245986421,1.8351063905114127,1.4420910563189555
20161230,1.2688834501355124,1.3767806549861044,-1.3158920605941462,-0.1628857741329593,-0.17927833279307928,-0.42007834617854073
20170103,-2.5617375931189725,-0.5506879793915812,-0.2947368007327407,-0.06970093741517305,-1.410182717764328,0.975771477146172
20170104,-0.5133091791032784,-0.2754234573183305,0.14615310428667552,0.7012193296018477,0.04997579303088089,-0.47361400774306345
20170105,1.2147292911020557,0.12176935831643317,-0.3610128665165969,0.5057669779628013,0.2815574357349161,-0.1630016086088061
20170106,0.9182227366767387,-0.03187648766502317,1.935742454854827,0.29449604180053557,0.5919980835661656,1.4297278084936815
20170109,0.6210084138576079,-0.0334582923187495,1.2674667692961703,-0.7554044551278922,-0.5925610671022334,-0.10816426360724724
20170110,-1.490430393489954,0.08072160069741462,0.7186402777026281,-0.263858886842541,0.29597058783017705,-0.372720123217569
20170111,0.08125708939359148,0.7714021301273072,0.3933326275608019,-0.4875656517859009,0.11888205064620762,1.923387816488064
20170112,1.1174293015559404,0.11660112218100314,2.3316029936253457,-0.14037097072507365,-0.4195473954923332,-0.6326202612795917
20170113,-1.0445711284423083,-0.40937943806868826,-0.09625150304344564,-0.21412952953725767,-0.6309597746946233,-2.0227094804808705
20170116,0.2795604276560461,-0.0027503244567980553,1.1339758814907193,0.08587137235919155,-0.9281691163521165,0.21573284247290728
20170117,-0.09454305412519902,0.06632990544264836,0.5849070696445555,-0.06511942791131567,-0.19218296791329958,-0.08444020304065798
20170118,0.40467453798435116,-0.1724766449494066,1.2288660618490492,0.46619295133359256,0.9444284466080187,0.6980653876187173
20170119,-0.3013551914909623,0.24054370041375053,1.3104558459444295,0.0447213628784854,0.17281726795300253,-0.07210578564845894
20170120,0.46070979057051986,-0.05699883457123534,2.0873567417185255,-0.9865496526470684,-0.7835056852918703,-1.1883266299555444
20170123,-0.9564466146429396,-0.16580843756273653,0.876897533999109,0.010483521814039899,-0.2861103116707686,-0.4749095639714762
20170124,-0.2311340977866334,0.5594290589597575,0.6308699078202423,0.9627041258242939,0.581966532212579,-0.8872708425084848
20170125,0.856213125073555,-0.5593985286022474,1.5546221628670118,0.019536325592784395,0.02831950437116846,0.0819983567014195
20170126,0.710171047190429,-0.34783895852332464,1.994659671438145,0.5908421515775493,0.14852640637884423,0.4083645160831647
20170127,-0.3523604876219084,0.02695983213891257,1.7148158609827522,-0.3887377587522938,0.425355666682459,-0.0016434354471208121
20170130,-0.20751150622014808,-0.09095596986699586,0.29833459074238877,-0.41083861259526333,0.22431060193948693,0.4952003061737898
20170131,1.101896759740582,-0.08726832427588138,0.1629459084264541,-0.3968969346238234,-0.21044642710377903,0.06988880365857476
20170201,-0.004902402836455297,0.6066463998468594,-1.376511182512654,0.7849075621559114,0.4305820432007853,1.818322403301467
20170202,-0.2244498985894267,0.4075705975400831,-0.6454077127573038,0.4401490673369112,0.35765928853079626,2.1967357328551445
20170203,-2.647925072867846,0.03513316399250391,0.6009616647397658,0.21558048072762345,0.4632964934302484,-0.43666695415879003
20170206,2.09614199630291,-0.21996809010830184,0.5152589545389265,0.5456158738940847,1.0886656055004593,0.24948082576015984
20170207,-0.3936352138693661,0.33657169661114744,0.7258174931480663,-0.32399810278127267,-0.3971554151175242,-0.6214799605210904
20170208,-1.0696713013034356,0.07874945441465245,-0.5764352393416505,-0.28847740742736183,-0.4324777225251249,-1.0034947414995938
20170209,-1.7920824302483838,-0.3088255613055574,-0.27887515636394017,-0.04514889391157144,0.7187884496625399,0.9686307229379851
20170210,1.3049851873896585,-0.022824430379764164,-0.18818164778447607,-0.19188240788606087,-0.14891948426290139,1.9670566768756428
20170213,0.4924039603218465,0.37365989741917616,0.16632069981398778,0.7194284976488038,0.8916378603443206,0.5648073988729674
20170214,0.6017303561113106,-0.09096195995614831,-0.22274768437785586,-0.6137527282581773,-0.21077697061356626,-0.7464750999792602
20170216,-0.8068564912778428,-0.5397707817052172,-0.10515402588515269,0.1478291474990534,-0.09164608648137991,0.2706891657393729
20170217,0.3598182663013664,-0.2138947097323727,-4.112649416667656,-0.726744276267325,-0.23364145944430337,-0.10457167865239908
20170220,-0.09745806685952418,-0.33018542193972694,-0.08958145626110683,-0.10565011461542356,0.5985402738255297,0.7510050755463243
20170221,-0.21998544118561658,0.3044925431237842,-5.419785263029166,-0.12248331282911112,-0.18423030075289418,-0.0693830144142976
20170222,-0.6913728821935204,-0.8000410604553417,1.2848657576878566,0.4753387273304608,0.1872520617565163,-0.5559398142231092
20170223,0.7957730495127346,0.38025633996177716,1.9037666140943963,0.2777792210383534,0.16435291066087432,-0.05431146496419608
20170224,-1.6188989169930394,0.38724712660691557,-0.03244565198946417,0.4860686526978203,-0.06897938337027298,-0.7405686056784174
20170227,-0.14705087613200057,-0.18820669368526746,-0.1834353400455425,0.10047198375956953,-0.36565004465979506,0.09725317390352464
20170228,0.967267645304187,-0.004099529643458137,0.6082387647901514,-0.14251152989198262,0.5999927652197632,0.2214920776234947
20170301,-0.9778981931616963,-0.6926385402875156,1.5837253786632293,-0.11450990338105743,-0.8997552297000021,0.053078370341165935
20170302,1.1617462524228728,0.3645941707186378,-0.20857231566435994,0.8825240911344577,0.7938920152654662,1.0015910830560943
20170303,-0.049031306110110265,-0.3779575167485387,0.33274482355479995,-0.6110886173299331,0.14434351707580406,-0.22700162263438864
20170306,-1.3006512288865884,-0.33607125781218944,-0.10790022480015035,0.4206909932346765,0.13680812184722874,0.21872316973139552
20170307,-1.4189899075560648,0.49707951801573563,0.5365634996753762,-0.13959846006307045,-0.12322965068705827,0.3157455222185556
20170308,-1.7977896282545556,0.7884753754313819,-0.30412777044729516,-0.11493765899006093,-0.17557191481583675,-0.5002808757195301
20170309,-0.27595404301646653,0.5204893938343742,-0.0987887170510297,0.18641523841690447,0.08139124843167966,-0.8111366150537459
20170310,-0.2845698143261366,1.4609994611554498,-0.37531980677577587,-0.14137617257426136,-0.20772417054209924,-2.4325935306723823
20170313,1.197958584280552,0.2665930502931367,1.3556355949801315,0.29920235782028043,0.17944905468737743,0.5899880868875256
20170314,-0.7334367278429256,0.9402909837196497,0.0930242369635561,0.3644243538495255,0.6460376490183285,0.4842165448825091
20170315,0.3947931962626983,1.0299226672458077,0.5426883213884052,0.04693288161379674,-0.27861803447363875,0.38500258437435153
20170316,0.5660088948460712,0.40465528056276584,0.7570979298520222,2.088345302428815,0.8861383112931689,1.5514931405681407
20170317,0.8071170331108447,-0.31894893091563004,1.3510195688925943,0.35069644517717435,0.1499979493923488,1.2270139287709882
20170320,-0.2167543618427701,0.36359161000113105,1.0791859146905713,-0.1069283422316361,-0.03482768761774486,0.041900808349667765
20170321,0.9296067658153643,-1.0371329300296463,2.0890793969165506,0.03842003554882515,0.36132749169013634,1.1983726517903892
20170322,-0.5472794142213078,0.7414682617491832,-0.14804480770720316,-0.22124371622843558,0.5929421754055052,-0.5598224827914584
20170323,0.7014919813300623,0.2248298278721088,1.1495682677412387,0.6976025338083659,0.3514288749876286,1.0867267456842038
20170324,-0.5247513734810771,-0.12110398281951307,-0.3859483341366193,0.12689215180515703,0.1863992807929424,0.9519516402015439
20170327,0.5727727770706789,-0.8093990055468604,-0.14604303682569766,-0.26607347621603705,-0.8983571996357363,0.5497166547007596
20170329,3.8605973026474243,1.1194188102383582,0.2806825662655843,0.7386418657513372,1.2400763826771906,1.603410771222977
20170330,0.41863142937261044,1.1487964661897723,0.6580379585497023,0.11775856821988531,0.23838175078484755,-0.46926223959903157
20170331,1.8431515877221083,1.793001304295929,0.34460585690953827,-0.8037069397351666,-0.1823406960141102,-0.3780147164265826
20170403,-2.2353303289248183,0.4230138272459389,-0.6314192670526287,0.832299152639097,0.7053190308315807,1.7081884325320693
20170404,0.046161296813149934,0.45728705965151706,0.2452753900631347,0.7870136304146605,0.5948513901609079,3.122656158207536
20170405,-2.056154879221602,0.22572943462595302,1.7789772713048448,0.33216844202901313,0.7787499015169026,0.22136540492801532
20170406,-0.7000443255637502,-0.011847323034929753,-0.5224949599746878,-0.25141775251807497,1.2448746575737715,0.25010344053334244
20170407,0.3520584477927513,0.3025048055522225,-1.3624878777578227,-0.39645474877431597,-0.8462626618491204,0.41930144407277886
20170410,-0.25596151248135646,0.4717724478070502,2.3469306940544863,-0.16844584161575513,-0.280590072803341,0.02961931480613524
20170411,-0.5331070143280994,0.008887818454745735,1.1026433966701839,-0.279418946710839,-0.4222534558286073,0.05427628301827958
20170412,1.2609701292910738,0.4238606115510115,0.11065975173695827,0.42729778498711335,-0.1430801298534236,0.0791928921270607
20170413,-0.6444622235697792,0.1885222667865007,-0.9629625281882831,-0.5443970629039786,-0.23127725758762466,-0.33302121388295
20170417,-0.2845586556170163,-0.20306179431118554,0.7649994084622668,-0.7133978115763251,-0.5916968018558435,-0.6051704512369858
20170418,-0.9755517390696941,0.32212349360745396,0.2847068438642978,0.6098628312680902,0.3447740978026158,-1.0536991184859565
20170420,-0.03928508103818794,0.15360707510818,1.1992607864237523,0.10316840938667515,-0.8609855870061643,-0.8836862438032399
20170421,1.145086037178893,0.6812850179677948,-0.059053774137711415,2.075148120097103,-0.22531356183478793,-0.8714715003778618
20170425,0.46933652974233114,-0.19501779843002454,-0.2634882885816166,0.16209940652265384,0.6470617071433795,0.6319190907326349
20170426,0.9215592879136576,-0.19379308252769373,0.8218758427872273,0.7569100729518293,1.2437367279551181,-0.4038699182190875
20170427,-0.5894651811585961,2.053702915084457,0.6581113963805955,-0.5842165965076125,-0.37760457972698486,0.24203771306063926
20170428,0.029687030048099906,1.1967082956171569,0.8661209219799135,-0.47256235250876755,-0.5813532143730646,-0.030737741092078066
20170502,-0.4439851732639991,-0.05132179969290551,-0.047565414464766136,0.29195934935861567,-0.5888976315665005,-1.525180281826141
20170503,-0.35023357509610176,-0.3520419009831629,-1.1042149896222158,-0.06648808746468256,-0.4659111564558002,-3.0031299364091093
20170504,-1.0511049167795523,-0.05268309092661282,-0.329136849673532,0.46357890132592205,0.1424071716757694,-0.11457606161707984
20170505,0.0990874721665167,-0.11139971636402626,-0.334782590978285,0.20621779002798946,0.7876859672606019,-0.577807702856019
20170508,-0.1294665196974383,0.33966420543051457,1.5351992820652625,0.41679940919100184,1.1954156509000466,1.800377777742244
20170509,-0.979702680032338,-0.00174587067134617,1.7926582224546752,0.12458095611957498,-0.6634539505956092,-2.0816180421810557
20170510,-0.4646380921153016,-0.950937729779017,-0.8232581107789282,-0.39248886722494847,-1.0669359306366142,-4.498330944823084
20170512,0.5835313797647337,0.3944625857646208,1.8436168998492999,0.5453436072621523,0.004159666127890426,-0.49776663376691915
20170515,0.2581377553649521,-0.4464928109872125,-0.2994983740527276,0.5368803885800055,0.21380384783148362,-0.42651500544838095
20170516,-0.6480058141772816,0.648325148456475,0.07345894946729774,-1.0968861723539078,-0.6510848883758835,2.0855975522839616
20170517,-0.46312534700901814,-0.040576373161085894,1.1215729558940912,-0.6016879634889819,-0.4565661003697163,-2.16799019852115
20170518,0.1266941275798395,0.9341857208904887,1.41207341926879,0.6688109792413849,0.318404636999421,0.4762926895949349
20170519,1.2242013563321712,1.490690740537904,3.729916169701869,2.547207910037943,3.145987886553487,2.4324860094133505
20170522,0.6834349895084357,-1.1373147534863333,-0.06005989274177522,-1.116200440983947,-0.4501517969544915,-0.6010008972972973
20170523,0.4768952379434716,-0.5269469333041717,0.5288779496899807,-0.1086584127102513,-0.8887556947643247,-0.02602728331346148
20170524,-0.9423423446704299,0.5683542592567267,-0.5391561082790398,-0.6151624940271159,0.050306339075315974,0.18283942693276958
20170526,-0.07163939552091843,-0.5751411568222341,-1.0433751809998417,0.37273670372482365,0.04236267819789825,0.38233505674252033
20170529,-0.2221747302525611,-0.007935664552766722,-2.3807307401327855,-0.3817345893013088,0.9650529440027916,0.13805147887188685
20170530,1.3708656772180199,0.5457501709379209,0.15673291156429325,-0.5258188764731245,-0.07311807920937588,-0.20414518304850654
20170531,-0.26272390547656566,0.12527105199457123,-0.25179847882554957,0.7836530881023867,0.7265098599989559,3.188323510674234
20170602,-0.24242992364445537,0.5501830988411391,1.1216557715287532,0.509625148559003,-0.9347776754502034,-0.6629986604915429
20170605,-0.47812402853538083,0.34671449241462615,-1.1110414259278207,0.3522266795732631,-0.0965299808956397,0.5176280283799094
20170606,0.671467163954984,-0.08212874521906541,-1.3966342439038295,-0.9001002203991316,-0.6495825391423969,1.1612213126872728
20170607,0.4326567992852353,-0.1030869948127315,0.38332335252241007,0.3003941692847379,0.16775022483494098,0.08234021726977123
20170608,0.560458786828072,0.501631938756885,-0.84589867684025,-0.15668880797401538,-0.5266184511185875,-0.4589219658009928
20170609,1.1464302291158157,-0.3626796706031149,-0.9098069993781518,-0.422269555685003,-0.75115887194157,-0.8643973926754518
20170612,0.70778703964804,0.09426239908172207,-1.4338128660363352,0.5122332615265051,0.31614452052101105,-1.0827794949516412
20170613,-0.14564485098987606,-0.5090985583354333,0.5114616390822813,0.3108534687418968,0.07214443330084327,1.8774582194317764
20170614,-0.8857817863516473,0.5306881269533296,2.0524161326806003,1.5029299951940358,1.410947004945675,1.799842763454574
20170615,-0.4069664404775097,-0.9780210284715882,3.3479341261871203,-0.3229188715459483,-0.27128511296841556,-0.953337857542496
20170616,-0.19071688956547805,0.362498206980839,-1.3141107251412754,-0.9354102689313294,-0.8240827353792569,-2.0958706017904483
20170619,-0.25802810798969766,-0.30498147483525434,-1.3603111466118474,0.6911598497580266,-0.42036484552216535,-1.6817204907114753
20170620,1.676098906177106,0.003206036072676066,2.112664401242577,0.9217125682152063,0.47507006795167683,1.2494308632955138
20170621,-1.1016342893630138,-0.5014504644434462,-0.845966441029006,0.55178339661277,0.6209512392497567,-1.3915706650953
20170622,2.19756155462404,0.6440339626104925,-0.1900141070619734,0.08073551395730107,0.5419249969066359,-0.13751599063716724
20170703,-0.8185398090317332,0.512754633799691,-0.2835970223204693,1.2765306276210155,2.2069625026901774,0.4587792990406624
20170704,-0.8723328484532125,-0.6012898706917326,-0.8611390110591347,-0.7616847109531577,-0.5059599822066781,0.3257262319415591
20170705,0.014931921432497717,0.17145309830419775,0.3383887131071337,-0.9116483517598716,-0.5641775614367804,0.1910127986892663
20170706,-0.9325438631439045,-0.15094126502580593,-0.021580888935522687,0.5238480831572286,0.023694027402975812,1.4521866903835172
20170707,-0.477992185544291,-0.9811159711089243,-0.8590611221130976,-0.48487211513582285,-0.6981620214423071,-1.16300596607988
20170710,-0.15571829689582145,-0.5089956779970651,-0.657460325222948,-0.8040589273433861,-0.7763500247138964,-1.1318995623513213
20170711,0.5177523300442837,0.02745157134786574,0.6870031107718927,0.0015898914972599207,-0.2217689320909409,1.734133003019702
20170712,-0.12295087946563442,0.4537476799270372,0.8025064376712715,0.7642806575328277,0.8953797349171266,0.7784963517447494
20170713,0.6663771885698426,-0.07778705642775284,0.643371260032641,0.20115692912528152,0.2138348398308952,-0.8053122949501572
20170714,-0.21800145236795065,0.16580458102353215,0.21653708615933134,-0.13770642019035714,0.2154617377556627,0.1502247941447235
20170717,-1.1367619723884437,-0.07386268971522829,-0.6032713469090967,0.04286397043746756,0.29550422259602604,1.433232337451879
20170718,-0.17715093190514608,0.18130354133532076,-0.023464277697033537,-0.41211055236357536,-0.4048853296214239,0.32390309670182943
20170719,0.6720314637326671,0.5364733336247078,-0.7389573637454873,-0.39729339916619466,-0.2413444553588163,0.293471757192701
20170720,-1.5677454636454857,0.32340779427227395,0.7073591153006278,0.28784640332061595,0.6176168232159945,-0.16731148909804286
20170721,0.0701180506666369,-0.12961777091890564,0.7349956525595593,-1.172207479306773,-1.116368766128834,-1.3672514688374529
20170724,0.08254628798475587,-1.030433048123606,-0.8507686465163292,0.9234869230527524,0.07931026861562607,-0.5655809789160342
20170725,0.0278385350362894,-0.38819701157626757,-0.7228498784188728,0.09953622007982414,0.45768618112557474,-0.09322574370360633
20170726,0.5042930998256263,-0.8131717011382692,0.1969276139799136,-0.438573253131178,0.042133807339025164,0.7495951276398609
20170727,-0.15664908916677928,0.41058749863172994,0.006109631581811938,0.4155204361317946,0.08206565142130118,0.41757051940138157
20170728,-0.4458039754107695,-0.049834783912439694,-0.654452958345137,0.21554491319353955,0.026797151039777627,0.20437463717303822
20170731,0.6866138110721339,0.3097688416214748,0.6611466721321063,-0.33236142221835546,0.84974282480578,-0.40260775894403733
20170801,-0.5588660362692032,-0.621490057709243,0.04063076885963843,-0.7177416378902127,-0.12993401538387508,0.22384738075455182
20170802,-0.21484575567283512,-0.38950315541691916,-0.266521920287528,0.4071492029771132,0.652442864228578,-0.7443161240206708
20170803,0.5412836057716642,0.03819545156744056,-0.6069352506186636,-0.8489527720969645,-0.8578574841744149,-0.4517066278079373
20170804,0.5227212402798382,0.24200824914975336,0.14054915031369616,-0.2991412962221463,0.07478011531046654,-0.21437132932769978
20170807,-0.032568699084376075,-0.6868432047967595,-0.4583646788051279,-0.6274256889222197,-0.2714522891845408,-0.25711804689178586
20170808,0.07560275360327685,-0.493003574134442,-0.312938115387436,1.4653896407552813,0.7666544959249727,0.25799917698715863
20170809,-0.9004745543101209,0.2064214914059925,-0.48518619355089315,0.017248188566811727,0.6222543443066583,1.0074055145060279
20170810,0.6400388697174022,0.27812792508953227,0.39198394942718606,-0.06688139033068262,0.12744744382954773,1.241762011204983
20170811,-0.3228713400862995,-0.36976432675684096,-0.7691320853157195,-1.066021844915771,-1.1496164975627552,-0.4481913751509783
20170814,0.6781881286386854,0.18427788135001358,0.33776227572462675,0.5218374170807779,0.6219308024464005,1.5606525110375125
20170815,0.4840107427438292,0.7637385204944258,0.052779130101300024,0.5827117842342187,0.31089782383896564,0.7346590680308821
20170816,0.7047738416810438,0.14042757214279966,0.5368595704670776,1.490561452205604,0.38807532688894897,-0.3377763102532984
20170818,1.8106060763130722,0.7361771170759381,0.3949477044449326,0.25572875337933226,-0.3782662711158835,0.16868203270682564
20170821,0.023371000560281133,-0.27758062954574053,-0.5988736235167104,-0.9413629328201171,0.2916626646617236,-0.33431984650572893
20170822,-0.24240377997294607,-0.4106679545832553,0.6850071318564889,0.26166181213336703,0.40508645894156825,0.1984897757980646
20170823,1.291121655334344,0.387503279823975,-0.1133058364402437,0.7816806684646703,0.17063678905598445,1.0134187342266066
20170824,-1.5090720106876656,-0.23828321585791468,0.9476149654244004,-0.4747915101018474,-0.1773047111092944,0.08669445124442506
20170825,0.5424166377698003,0.38763073428269595,0.12428161288449834,0.620633433729149,0.028348597059279227,-0.19532654459511906
20170828,0.07895702457906648,-0.8274605691772043,-0.2906862652199993,-0.220088582063294,-0.28818127160001183,0.6330655111704315
20170829,0.2005211647531428,-0.3209228893714245,-0.10270040757387948,-0.16697278095678128,-0.6720997464835587,-0.29363703691932935
20170830,-0.016557672413185415,-0.4382971001521822,-0.36943305964828105,-0.5796326326169121,0.19850074163323592,0.5862445898400548
20170831,0.357110436486069,-0.13903456626063201,-0.9839476905372702,-0.09371174098208157,-0.11719607169329092,-0.14794333147999578
20170904,-0.3143822804700585,-0.47181514559786264,-0.4586697828728215,-0.6632603687320884,-1.1608711772684979,-0.5871787493133811
20170905,-0.046802899663735395,0.11126299964439189,-0.06112735181334353,0.35713905536867324,0.2557054839622365,-0.4679384959589192
20170906,-0.4360450687872144,-0.2572845740371373,0.580440126236165,0.09266221250147309,-0.426318974407122,1.075331598435152
20170907,0.3068772068592943,-0.07072545119160538,0.4605331804547146,-0.18743155424041327,0.6400409968935193,1.4607460480086023
20170908,0.9467363600557348,0.318355429532369,-0.20698788147214775,0.5013917061429091,0.541444085935325,0.8218746575181025
20170911,0.5217322099958316,-0.046337132853107164,0.7685387901240603,0.25990222713928113,0.04380787966457886,1.4057101627137867
20170912,-0.7713663130510494,0.09087359024066503,-0.3489052889225871,0.17604810779511038,-0.22753837421688283,-0.17736615119623944
20170913,-1.7208236226721,-0.01449699407383438,-0.14539189419470505,-0.37231394097307063,-0.7517171522484124,-0.6652714669852666
20170914,0.23650038563515888,-0.3919714835363433,0.8313620968255535,0.2329740095128477,-0.13981361279591922,0.9463366426765669
20170915,0.6334877303018605,-0.08149175751203219,-0.03470615593888154,0.19624988990938705,0.5753958442369353,1.1917705108151968
20170918,-0.16519606747236543,0.3056578139557565,0.14757975892232172,0.2956463569619151,-0.0001146420097497902,1.1282089946738845
20170919,0.31754642367611335,0.1410587122132266,0.6274928935791926,0.14134060845482263,0.24423657302909946,1.6868586457745687
20170920,0.041844519776397616,0.27956062898579026,0.5412230489240781,-0.011304019402763743,0.2525990433597615,1.8758689158272512
20170922,0.5141625368809323,-0.3211133131291756,0.24081407971399643,-0.12088592905992196,0.3611989949421772,2.3936050613432154
20170925,0.07409686553158841,0.00638399575959989,-0.4287072076736392,-0.12265578014846479,-0.5117222104940141,-2.3090235015643548
20170926,-0.07050099632711723,-0.60939461693105,-1.303754523149014,-0.31773906539513197,-0.5034525966082855,-1.488740729084966
20170927,0.7759514216438396,0.11582755009270251,-0.34175454562543295,0.456315544296262,-0.941112009338946,-0.4452638842397244
20170928,0.129465926688395,0.4622460085690741,-0.19037783346783646,-0.36850054682893796,-0.5467768154373069,0.00769555961216227
20170929,0.7776755143024933,1.1375634780247714,0.3024220636004437,0.5732496583882222,2.0451038953044565,1.46576043431248
20171002,-0.5054320135754264,-0.07380323811049815,-0.1371516928793182,0.5101806810103825,-0.29233509995037793,0.5862441253356789
20171003,-0.37319796321064524,-0.241734315424472,0.1096473658350313,0.44583389630357667,0.18400417690109874,0.9413597942639681
20171004,0.4175889308185625,0.1788180025737121,0.6120308322606954,0.07627716399720066,0.514728846303071,0.7087681915019922
20171005,-0.11726153093123777,0.42030658661642945,0.40441755586602,-0.9086593415727114,-0.7303687171914842,-0.5262842303890559
20171006,-0.7726030542128969,-0.39593330842340474,-0.19480252315818594,-0.01263085332233697,0.4426682970858207,-0.31927586046282636
20171009,0.48920093248202967,-0.29909119590834987,-0.07574102132739592,0.18566618713777433,0.11381738149567576,-0.4359953271378854
20171010,0.4227166731857657,-0.6209170740563815,0.06340938203380261,-0.423761102482015,0.45841540902620254,-0.18195691441113326
20171011,-0.5079457619743895,-0.24504254517409874,0.39494206845196245,-0.5749777930608493,-0.28446577779051346,1.2939748906225006
20171012,0.09152399737831406,0.33720178709492316,0.105900510170011,0.4413733407810776,1.2722222051548766,1.0755952449610968
20171013,0.4163807659522266,0.7108305538880524,-0.5152710123566334,0.007861041012215523,-0.19340949285452877,-0.2693849683156028
20171016,0.6291808785672138,0.2847351143395595,0.5907261429332591,0.37500739459039917,0.5990175708420941,1.4803612196869942
20171017,-0.07964538312479175,-0.401688154742629,0.44235997030861374,-0.114404015768086,0.1678132938501049,-0.628438857422588
20171018,-0.13638535508499358,-0.030682152470633592,0.4517089771298653,-0.7053877903167839,0.24022468160404298,1.0048600911703345
20171019,0.665808398196523,-0.01921451099439726,-0.29643758753884525,-0.5726509435784738,-0.1679338896500552,-0.43496328824449565
20171020,0.07224436065086932,0.4830414396621343,-0.5710147463540839,0.3061529463316434,0.4430802258093433,0.003377512462555948
20171023,-2.103002058394315,0.4800479915006786,-0.09666350507007113,0.724135037862508,-0.5307474018170677,0.779428861466127
20171024,1.5598405077769646,-0.09497272034149101,0.08003559555157833,0.18451540639338765,-0.5517438088238235,0.8807991106716614
20171025,0.8172376737846949,0.6985695463153533,0.6613168638039025,1.144440106598408,1.615043957642646,1.3111213361470462
20171026,-0.8193946243046089,-0.5678094135484851,0.017824784739716732,-0.6085166478643534,-0.5787213344845976,0.015215621316705277
20171027,0.7243675959791662,0.872507154206041,-0.19618464687924878,-0.37700693634187493,-0.617427176336922,0.49482541825583615
20171030,0.07119868184687571,-0.34499270196586507,0.807621648284029,-0.42770273325429353,0.9322020248936105,-0.13491589905145313
20171031,-0.022239006429406807,0.14945020562322966,0.3510818163090677,0.8594412123963959,0.12937658736770574,-0.2813907369676548
20171101,0.2032921160766367,-0.8207243386791229,-0.3766492076948274,0.25135466869392303,0.9802910062523111,1.1419654580447443
20171102,0.16763185397900687,-0.36533782567922396,0.11099446604752798,-0.1568925332135363,0.4416920910441611,-0.3856474970012977
20171103,0.19796819775587055,-0.017740157500545865,-0.9464695534553048,0.46312624775928385,-0.19515047708042638,0.787870913405498
20171106,0.2758541521889141,0.004083507710111872,0.3182830744492282,0.09702003252450377,0.5173392822177192,1.3369003184038297
20171107,0.1436056932431299,-0.37304723445116045,-0.30963190922519934,0.15172911849866333,-0.06501511733609343,0.5290558063726007
20171108,-0.10721438434852654,0.05161627670457924,-0.619715736658655,-0.15087673439451163,-0.10698489994599857,2.0311876461477487
20171109,0.178879785749672,0.46587307563813046,-0.059851701389587,-0.24211979906936273,-0.5092325640268194,0.10854511216268004
20171110,0.34945812917225405,-0.28452034341742377,0.8967644838714787,-0.22373549234820284,-0.7013036229934284,-0.04038927568492207
20171113,0.47485920903138346,0.028215776634317277,0.562033298149129,0.06909403067922291,-0.16836053379777455,-0.053350311439435735
20171114,-1.2084925334286427,-0.4537162349098109,-0.48649031912057944,-0.47476334469892123,-1.0225514183087288,-0.11934147888874938
20171115,1.1869444444837878,0.3811870472892899,0.07961421237200189,-0.005793564795165888,-0.670336535643968,-0.280107416242383
20171116,0.6443225185865092,0.6088755203762539,0.7725353367289434,1.2271977126407911,0.9812294354089509,0.7080367305793358
20171117,-0.11892015389187485,-0.8189430023066461,0.27127357781606637,-0.2946139209325392,1.179247012072326,-0.331483450219086
20171120,1.069912093683648,0.3251851422142071,-0.4159634082268846,0.01350582773296794,0.26914973542802006,0.5434045409086754
20171121,-0.26597948415722,-0.01728511255557622,0.3528395234537486,-0.15207205875995866,-0.8738618558262748,-0.33906016426743124
20171122,0.03129931578480292,-0.3765718614302355,0.875100090971122,0.2714117406414022,1.1957924884633289,-0.536242810678016
20171123,-2.0215265699063774,-0.13714548831476012,0.06713001588441853,-0.03074308439881826,-0.15143165786655485,0.20414790118018
20171124,1.152982606947917,0.04764514789802804,-0.3932938718363586,0.38060373049159,-0.3783052750245895,0.10704605315078224
20171127,-0.365474126442393,-0.15109117974036493,-0.5571763706990114,0.46939618844709186,-0.5479491531735077,-3.1429469859413395
20171128,0.6434380948293027,-0.6461260889396839,-1.3383589738301875,0.04220064320148088,0.4543952775722263,-0.5795915129581614
20171129,-0.42948147302038314,0.2762719406286574,-0.016204375889164128,-0.37120306507250084,-0.10525663307398622,1.1315130772117619
20171130,0.1941413331639742,-0.0473852176211381,0.18983793024967904,-2.411477696738409,-0.9908633143352559,1.6462090876906321
20171204,0.8637440931129279,-1.1402976133474434,-0.7732651359025874,1.490292496754162,0.2551701845331039,-3.018442154746661
20171205,-0.903573735724288,0.12575400904468723,-2.261995657882241,0.3638695916392686,-0.11381471596310998,-2.345821478822147
20171206,1.1381029416681352,-0.0494711523569686,-0.935164504600508,0.6448421782571703,0.4757765158517961,-0.5892424884931241
20171207,-1.094567087490051,-0.842581422632753,0.21784526135036117,-0.40857301392543954,-0.7743021623391068,-0.5977294196304883
20171208,0.3694259664893331,-0.5393218880560131,0.44942401843835406,0.45866653463773716,0.26959553428929633,-0.24402486236408016
20171211,-0.4747102845562053,0.022318181903535097,-0.7700913313367601,0.05838919543430768,-0.03780220605506572,-1.4286679170070342
20171212,-0.3892223949968882,-0.821120617887092,-0.12889232094513428,0.14115614780034771,0.24922881827854163,1.0824488066737594
20171213,-0.23360977201198327,0.08498214701873498,0.9334796096809826,-0.007625180066510918,0.5259421147288392,2.2676292125335715
20171214,-1.199815855937001,-0.08090793389384779,-0.36104117453352425,1.1269507359005355,0.552432610671372,0.4835299790932097
20171215,0.8198898440765416,0.5875549981433337,0.1275331009182381,0.3087192929511764,-0.4728333934823655,-0.22464848562939052
20171218,-0.5529304376734306,-0.1256997457547195,-0.5645862057059863,0.10959058878949905,0.07095933733733037,0.2779445783999712
20171219,-0.36630402448041965,0.4296224052077942,-0.2431345188181451,0.3832935548656015,0.5557949483097027,0.9191530690926986
20171220,0.07953846972207777,-0.4146182118690172,-0.6813450692951805,-1.2044244961967587,-1.290114494525212,-0.8398228969242744
20171221,0.06661780256925344,0.8173972888557793,0.9740729247412112,1.3635008470529508,1.0272099194549216,0.11475165958364912
20171222,1.1713272244416986,0.04044138233573559,-0.7525798013916252,0.8542400628007297,0.7201607538901225,-0.27282070723134033
20171227,1.336685179133868,1.9981679265544603,0.5416635959333661,0.4328841399353228,1.7906497635706988,0.46174113629328756
20171228,-2.9036593481036546,-0.7612637011053693,0.2697927869971871,0.566450214920605,0.583256087174473,0.15373449803368655
20180102,-0.9656522929300662,-0.8659288315675178,0.502136573001157,-0.0720516648254959,-0.6305003010295679,1.375644632650633
20180103,-1.6008091183936566,0.3946022662805568,1.050363072214051,-1.7306908010738662,-1.0049267270414053,-0.05408945574860385
20180104,-0.4027417003020531,-0.27841991616502765,1.0919094154440332,0.7587586575849204,0.4824838904313303,1.299869088629311
20180105,1.3274712538756024,0.48099626108823706,0.8838768621383571,1.1329427797936247,1.007374117519997,1.1315084905157893
20180108,-1.7493371230900456,1.4071221945886268,0.4304312990764981,0.16896873577911264,1.3053549001779254,-0.16925905618020287
20180109,-0.37975143104165526,-0.816331875419215,-0.06376614069861099,-0.4611981413656683,0.13516663352826164,-0.01214854543081102
20180110,-0.23928556891016584,0.9150947647051411,0.4328636532940166,-0.19602665106671527,-0.029447622522163083,1.2639343312214668
20180111,-0.15400001194329582,-0.05267133516531511,0.6643312856509787,0.16677386440558697,0.34195535327054116,1.776114790751622
20180112,-1.0024519754202232,-0.04992209877277816,-0.8173634000545252,-0.3316752346525076,-0.00035251097106885336,0.23516666042920675
20180115,0.7355476550639161,-0.32386013981682643,0.370249167730642,-0.2165233515581099,0.771999733447958,0.3695688429113411
20180116,0.28894148222305427,0.732747760770075,0.6585046079032335,0.5747819413158092,0.9067702417247615,3.233809118233186
20180117,0.6572635296580109,-0.014189454439546756,0.30110931284855735,-0.25182718777639657,0.9227615402590814,2.0530939304595814
20180118,0.07661658717630307,0.7933591452072989,-0.08076606349810547,0.9468740483201071,-0.42466161186684104,-0.09340521004145858
20180119,-0.9193078062235037,0.3015153763958538,0.8735827633427105,0.25433750126472326,0.15181753052699737,1.9163488356432963
20180122,1.4352644791174243,0.3883872809593733,1.217230600834477,-0.09999742095023376,0.6743142149325403,1.3684276888108748
20180123,-0.6649177578882693,0.9676340332652535,0.47802308021580076,1.880706899471401,3.007866291206317,1.4692377463652317
20180124,-0.6079578062543277,-0.2703420560942038,0.22397018930876153,-0.7902994604835019,0.07872708226257293,0.5946373537704114
20180125,0.5136768324284814,-0.4419834408871089,0.77797957230089,-0.12531495397807324,-0.19355915423893372,3.223184237580614
20180126,0.1339721752036857,0.7750470887010175,0.802818944669869,0.46568655468051495,1.0924196791382184,2.866214265018674
20180129,-0.05073316770713653,1.6094594384535108,0.9116642028160772,0.09405580086083759,0.44087102752639806,1.2880181983646029
20180130,-0.1925680594722082,-0.4203938200047896,-0.8652183054910292,-1.4882432548561644,-1.789894088689209,-0.819205927552639
20180131,0.30227423965889555,0.30574868163805063,0.7878025103993512,0.03742150340003758,0.6800547067820037,2.8655968716111304
20180201,1.3122692432499965,0.30180640352259264,0.7129247708748147,-0.11998483816576117,-0.06020886496797288,-1.0795187505345494
20180202,-0.036931064790451315,-0.15865799487081472,1.016155885523636,0.7995173195385985,0.1458907984995019,0.3055528557611879
20180205,-0.4486791368307744,-0.09322788021798097,0.2219653009307107,-0.5703655326414883,-0.3838858718943798,-2.020079520904651
20180206,-1.455316879332749,-0.7433864870535015,-2.570188801557593,-1.1990953627337133,-2.165967282158756,-4.053219772475168
20180207,1.5863426332906199,1.0414258132723655,1.3889807302310309,0.7750827199869579,0.7414889420234604,0.5225828847735118
20180208,0.32611332920032793,0.8484772057794336,-0.23183331918579997,-0.0522664214094899,0.4478485232652092,-0.07779236158279586
20180209,-1.2096510702689656,0.562393823409526,-0.6290644413286692,-0.30409427945576967,-0.831900757989461,-2.6945777124561294
20180212,1.2862076819215558,1.7400698091941773,1.1606697724995985,-0.48778209879761614,0.8557206736496976,3.0001597902644717
20180213,1.5892002250962984,0.283613141629266,0.6689473539338905,0.7349067537227351,1.1288453020633231,0.48825369769183186
20180214,-0.4038405824362808,0.357931936446936,0.9095094790354964,0.18522049579388453,0.45034633055969586,0.9380017507730173
20180215,0.9347170515448737,-0.2518483543683883,0.2532825457942681,-0.23080775012640337,0.1976318942556564,0.7140807474169173
20180219,0.040567617513636,1.475237475118068,1.0211656445535622,1.45918329944898,1.1863599419245965,2.7784845643464484
20180220,0.1581790309479287,-1.0025614246807255,0.6450357658810463,-0.9293158378949988,0.5316381643387097,0.18049253677471153
20180221,-1.64773234354589,-0.21586789364601427,0.8253094741204503,-0.3939037943345749,-0.2745647940622555,0.808624341038442
20180222,-0.2660264956592775,0.283305493352998,1.0835335927824858,-0.707051572464046,-0.8812951196244148,0.8971083261990589
20180223,0.08964132336517955,0.5406194860478708,0.623836597494262,0.6006941672364097,0.1058449176433283,0.12343374518212738
20180226,-0.057049985983767176,-0.2069327450720036,-0.7751714296258525,-1.2336273739732182,-1.011683052497535,-0.012209262227189674
20180227,0.360470626230578,0.5733701386546658,0.18994932492994765,0.870600295286879,0.5766470398712473,0.31775479916450344
20180228,-0.3706084057173341,0.4314598744605349,0.37155268229021926,-0.27672893586213765,-0.07586242298313141,3.8863305804751382
20180301,0.6057327148321524,-1.017621214623631,0.5260000199136371,0.10169921710090214,0.3451826946207666,1.0307011658104968
20180302,1.1889640403777315,0.05985753594299905,-0.332512891272695,-0.3188445690724346,-0.41148555527013786,-0.4379340168720851
20180305,0.25106365444720397,-0.21705564069236863,0.48966378925241977,-0.37986876161034283,-1.0263839250301066,0.5265091465881324
20180306,-0.6536451381458563,0.14313841744308697,1.0135563016785134,-0.8593033139238258,-0.7186429372523234,0.07858504401593114
20180307,-0.31995413538366824,-0.801904584408189,-2.9019715806256396,-1.960977282007137,-2.171491862775916,-3.462310195872139
20180308,1.3818968002721703,-0.16030165488251452,0.08958404309144917,1.0698920546468145,1.4741457375549458,1.9829051433359102
20180309,0.13810545763850388,0.5914559086120947,0.2949048881349621,-0.17928271288677494,-0.5563872320613787,0.31410497670900955
20180312,1.3799888093630042,-0.012066871488791184,0.8287662411571525,0.8657760398632853,1.752415090517363,1.1811199981686968
20180313,-1.0571289857072805,-0.7056412029467938,-0.40628440432240515,-1.6116188993928096,-1.1549716498873728,-1.7925107666823186
20180314,-0.09819063441581113,-0.03165206337690494,-0.2707885785597402,-0.308364701590596,-0.8652454261642579,-1.4973107656622717
20180315,0.9356377310343831,0.29810560433386674,-0.9127328758091537,-0.6989632197659644,-1.6054004030997844,-2.158713656946415
20180316,-1.1172161330438242,-0.08968511134679888,-0.1404860325575942,-0.20743405140000826,-0.3531593574803223,-0.5184511102956989
20180319,0.5853233240873926,0.032551917750421114,-0.7312651299250877,-0.3646039461436262,-0.017476949335117262,-1.182321440046791
20180320,0.12366651821309671,0.048544502890916455,0.5532306835422882,-1.0633750526581731,0.014579503319104384,-0.2999092074545298
20180321,0.41243423049564093,-0.6291944786329903,1.805592692952189,0.9565454950021338,1.4357909071182546,2.2745567303926637
20180322,0.26837464049733323,-0.06910287260239502,-0.4876403886918814,-0.6096812281966429,-1.559232130928345,-0.20106460341524282
20180323,0.17622627082799305,-0.7350119175798729,-0.6257442388985669,-0.4045586188781821,-1.0859978568369717,-0.8222446810471437
20180326,-1.3875678894441186,-0.20102498034349028,1.750533395002973,-0.8025001457415375,0.5114517551356642,1.3099134897520226
20180327,1.0753263191895326,0.5012687718060644,0.27226966977444306,0.3753855758571505,-0.4037952888057053,0.387871129345135
20180328,-1.4104434181909546,-0.3412070578694063,-0.2631469662019677,-0.964146992003703,-1.2182338885298647,-0.8928127912264385
20180329,-0.26281060473917367,-0.6237637014061611,0.28107195216397873,0.855497838066354,1.3147343843330646,-0.9172127542890469
20180402,0.11008559740770814,0.30444464962524,1.1459718530874472,0.9892894745248191,1.3507293560730809,1.7665202165398888
20180403,1.3330985041717194,-0.0858131694779372,0.85447508391783,-0.2436940254848182,0.1273876389217214,-0.8405581844400304
20180404,0.09435349378839306,-0.8343912513211529,-1.3860778844644999,-0.7011264422150768,-1.8953955269601424,-1.7434092110526596
20180405,0.2541179480275114,0.914273678991889,1.3212615610471068,0.371313225481533,0.5381070177338608,1.4102334626245983
20180406,-0.27537684562104986,1.2709624600931089,-0.20074882009499928,-0.1793683431048575,-0.2511490874198223,-0.47205459007911377
20180409,-0.39173180119662687,-1.0833183202842058,-0.0553601100062351,1.1659319188539012,1.2982922132125394,1.5335305364756124
20180410,-0.29468281762068443,0.7625762503556537,0.520755597600143,1.3390590679761292,1.6037870861794097,0.37761511977274015
20180411,-0.5444117950462237,-0.1381526454726365,-0.16239621309227967,0.4954031953051119,0.9540750358176071,0.5342744808196742
20180412,-0.03539892636471115,-0.3177793186271219,-0.2124812203972272,-1.205351265066273,-0.6981673218675514,1.3306157600328594
20180413,-0.11902907885382777,-0.25467960939296647,-0.049607667024084964,-0.8226986187821158,-0.2762400451589467,0.21070389487400049
20180416,0.18875248066948958,0.3298867855088974,0.6093649556619788,0.466862627996036,0.1013536532179323,-1.4074235433757774
20180417,-0.6537393161661419,0.28627233033458444,0.40214098118071573,-0.01623366502530517,-0.06546389620126203,0.362739329441297
20180418,-0.47734315258743437,0.21362607277738188,0.240891495902685,0.5167345512367716,0.8482720545417586,2.787410408173454
20180419,0.9320123774316815,-1.006010153019886,0.44267684211588076,0.694216570152391,0.5023240290873999,2.321870950749486
20180420,-0.27268145867386173,0.7203793108939598,0.06658185741995255,-0.7564451963765267,0.35616225702786125,0.5237627495408232
20180423,0.33976849841437773,1.0264548551375428,1.8626289203343682,-0.6460318526284126,-0.524668451702418,1.1251865938701837
20180424,0.24863239272507656,0.07672148712837167,-0.08328125844043686,-1.086407256177839,-1.5987111946183432,-0.3663661548227082
20180425,-1.7353411589593803,-0.18388027051622613,-1.0814617930222217,-2.105342474969601,-3.7022854809829053,-1.524515190946735
20180426,1.7967184739394144,-0.9391831936523521,-2.864573852963956,-2.365058261192773,-4.1221525376181924,-2.9268473402597346
20180427,0.45950302994402015,0.2802814946033067,0.17976870482324872,0.3563216658676449,-0.49512245827993673,0.3871516350192514
20180430,1.2339498394289878,0.39856026642656084,2.320254205833355,1.5535861155187969,1.1895413112810032,0.9453835614972271
20180502,-0.3236251824876888,-0.4057478879568575,0.28986367426227205,0.543929689195746,0.15659051806446575,2.175736448669605
20180503,-1.6045871634765179,-0.744275299998847,-1.404183612819592,-2.509007001156456,-3.0842393972092563,-1.2689014451586684
20180504,-0.5245701089429196,-0.38820774633801036,-0.15246752743583164,-0.5710765474290133,-2.2302954665158903,-0.8808791139393315
20180507,0.2237882623409324,0.2962399503717372,1.765411323878685,2.1636568496257564,1.0961689060162472,1.0187496762559123
20180508,0.7668771361269052,-0.7521309612858809,-1.0654616568061464,-1.5996643307987706,-1.0908267780030925,-2.143555811062937
20180509,1.7618858791511907,0.8281500692388705,0.46188845006042734,2.346208749173778,2.981467082450993,0.5765456004497451
20180511,-0.2787024766040415,0.6193607504102003,0.512152502324343,0.47099501085631323,1.192108951495275,1.3766688083488714
20180514,-0.49412767568613136,-0.8774863018113871,-0.6587107330364421,-0.0002965087436892777,0.05215240007403945,-1.4174469122044535
20180515,-0.5789939799597037,-0.08341329910129312,1.124811734357715,-2.33765860856809,-2.3545223489700393,2.4585411636268977
20180516,-0.5263882554760629,0.08427888210505823,0.522813870736268,-0.049973294003892284,0.2027987899255206,1.3286573887386883
20180517,0.031168381187673184,0.49936298715212973,1.2175609654483035,-0.9462952828126693,0.004910650951030172,1.2911450032022518
20180518,-0.35278239668489364,-0.5889094714839496,-0.4142986228784311,-0.7651352479237485,-0.08423486341574725,0.8690703101511099
20180521,1.0816877664197926,-0.9704540912218885,1.103622911184706,-0.3999816072212688,-1.8741966506089698,-0.6816076532552329
20180522,1.3914594845877852,0.9408220451260276,-0.12437761486705524,0.9706978553787324,-0.8970199136098485,0.5284727425052943
20180523,-0.7045338079641665,-0.21127303964815553,1.2246090159528524,0.17788473560892287,1.9969086304309676,1.504492219582335
20180524,0.758268539349973,1.879911937128649,1.394972244485475,2.55134235010017,3.3309748346317662,0.8564243659557944
20180525,-0.9003169925557023,-0.2191934022156578,-0.16531013048378543,0.3296163988400615,0.5963495559313156,1.0934133967281994
20180528,0.42291721822015693,0.2845470189832628,-0.40566191470319996,1.2484520457284598,2.1732627344482003,1.516542490628059
20180530,-0.456970914613642,0.05436228672854618,-1.0737826737073268,-0.8752578214721782,-1.4164081727553546,-0.2759968283673274
20180531,0.2635065303454248,1.1060930424255924,0.47160395611460004,-0.3897817633215873,-1.1947394125665307,3.9028948859445056
20180604,0.24647492423923778,0.1511038984818806,1.5424747379528994,0.17977769906379118,1.821122264261795,1.56559896721089
20180605,-0.3538246838420268,-0.6343435285987898,-0.5095407057368024,1.539935058115927,0.5867529885825112,5.166984451840703
20180606,0.9071394005761408,0.12814332314866395,1.0470626758949462,-0.5536021750217168,0.11975423190495671,-1.0821540950528548
20180607,-0.026814979384964452,1.0823044488746207,1.6568257539419164,0.18868649593851244,1.2946164985467292,2.063894709045694
20180608,-0.45752267490309595,0.06583176272330168,0.858071397914191,-1.6385135890383287,-2.799562153705655,-0.812455602842532
20180620,2.2401147214623314,0.13359040954097007,-0.01307068114587231,-1.3596730124744751,-3.11153586523335,1.0807574456273958
20180621,2.2483000369681374,-0.8433675867833036,-0.2968980048400138,-1.65329755406102,-0.8220436629968297,1.6684675480668585
20180622,-0.46887830164585276,0.024668782998172593,2.5347105155958296,0.09834866333868705,-0.07605174795218926,-1.009504614512781
20180625,-2.0022363001210093,-0.12341649179448344,-1.409800691284763,1.652578984053828,-0.6815050254082679,0.13346906880245837
20180626,1.21590710339241,-0.4616787361615443,-2.3069368231439054,-0.09518381253367506,-1.2925539036419593,-0.6012362073725905
20180627,0.7889291033475928,0.38672546023211074,0.3701762759460257,-0.8634652012481793,-0.5824849885457479,-0.2267674620501695
20180628,-0.816027438123305,-0.8605891942242649,-3.4608215923118744,-1.3857294971379566,-2.726780933345259,-6.736675523484431
20180629,2.1170301588906386,-0.6942292198227301,-1.6508655868076643,2.4901166490644204,2.849866746642962,1.2072204761140255
20180702,0.9132244538128722,0.1830863729786119,-0.15604866970264863,-0.5376886745896253,-1.8408541372259082,-2.903065031589271
20180703,-0.3686097554375768,-2.365341478782014,-2.346189349869815,-1.591349191434605,-2.6521564636898356,-4.677959704177974
20180704,-2.096553466344906,0.28717384107738947,-0.313670524560819,2.4930033223373496,1.3758975723606084,-0.5518599237781773
20180705,-0.47090150432440625,0.37460019670254757,0.010907342931575883,0.11457000450739523,-0.46622300071883027,1.4388036234540775
20180706,-1.1856169695017997,-0.2560350165596469,0.5064768377812333,-0.6728831043392138,-1.0844064495126402,-1.9823436103058283
20180709,-0.9477234515737194,0.35551939264626725,0.9830893153151906,1.911424655175219,2.317359760943629,2.931060643170578
20180710,-1.1301165159050184,0.8093401784883396,0.5680206576757824,1.4005249752478304,0.6672453741986434,3.2429116409572196
20180711,0.46889843812678544,1.103681305803214,0.31339281696723387,0.30618748186552047,-0.32809936223278663,1.6963632793657375
20180712,0.6251076466198859,-0.03720859710978448,0.4279139802547499,0.09864290213938717,0.6702872512842781,0.5766136293435373
20180713,0.7194771782092854,0.7334910685812513,0.7537824795069741,0.4217717278119414,0.9546908153131753,0.7818166176079071
20180716,0.07831121277795249,-0.9951001333607792,-0.5199088165204544,-0.6373714541511929,-0.920070753228323,-1.7885155014835254
20180717,0.0649532082619404,-0.6594139722257419,-0.2128565450605473,-1.096819570636012,-0.322468721950349,0.15616077464162378
20180718,-0.6023587478326115,-0.3379729245785383,-0.10644300039256528,0.6049474149404214,0.802141741748633,2.019458233573024
20180719,0.036971731318011215,0.6981883153146852,-0.12011785648854412,-0.371350313548567,-0.19784940679338767,0.7466018110713745
20180720,-0.8355367800349938,-0.5422036150652938,0.1701666872109353,0.4975837018686924,-0.3472449904139408,-1.4492287927500993
20180723,-0.85202338400923,0.3878728093785433,-0.28952300734337505,1.1901398716163452,0.7171341717202012,-3.3233506364739456
20180724,1.3614703628170264,0.09022078688605417,1.5924597475414886,0.01955380898356404,1.118666505078614,-1.3897958788914455
20180725,1.0693084656005607,1.7388442081503803,0.36084658810306913,-0.37364203888784525,0.15238596406520485,2.408211340651262
20180726,0.15989859280812374,-0.5154593204049212,-0.07841796671332688,0.1861043870468536,0.25530646347536473,0.7322876599296642
20180727,0.4111881741080121,0.8942513207311465,0.04142086974368259,0.7396709429727004,0.9704209880010448,1.311962589466127
20180730,0.600783855828816,-0.018399530423833094,0.5803926437024842,0.4503257745276869,1.150647842534722,1.1489110953170385
20180731,0.0347381612619992,-0.4916711363043331,-0.3818280897305259,-1.500335547775459,-2.1991873452507464,-1.4892882424072331
20180801,-0.22776892725292272,-0.3253010604569084,1.4478963020840412,1.3532493385765823,2.8880861546966945,0.6788928402872652
20180802,0.10919546956504002,-0.18581754213226415,-0.3859772796323821,-0.31693693267803563,-0.5004183622385475,-1.293949636266733
20180803,-0.22957660015652295,0.4801449757938385,-0.4505183260046044,-0.1301598681724905,0.6048007890522461,-0.9501255980313517
20180806,1.850962832693377,-0.1664546243042988,0.44497250816344674,1.685670959934146,1.2780572421918133,1.3584363967650221
20180807,0.29688003269358076,1.40563931350099,-0.10534626108185874,-0.35927713332499467,0.6264214935695525,-0.11766228521535535
20180808,0.15901207216270535,-0.18545046497238948,1.1181146141267606,-0.2907961413202024,0.23337985576036033,2.3572334526734644
20180809,1.0774873466604717,0.6180802504534404,-0.44369310108178733,-0.3539273613045849,-0.5109627230247302,-0.951274188482624
20180810,-0.19039374947154883,0.2677692681297654,-0.5990992341579335,0.17244852440386338,0.1694621041773862,-0.40053383142311566
20180813,-1.3518052771495124,-1.7155234216120636,-2.450617195450639,-3.4453625157659067,-3.8746630304724374,-3.8058167885505494
20180814,-0.7280010973795069,0.049491408440111094,-0.659322030153294,-1.43114996694048,-2.53577321484082,-1.0737852381433044
20180815,0.9316234453285884,-0.33450086568413523,0.02601459155660356,0.9220718414195213,1.2175178655858498,-1.0603931712868429
20180816,-0.44327556235850474,-0.2145564937221709,-0.46583064452007,-0.22994521110497468,-1.1386139487031364,-1.8132584136194327
20180820,0.3767210412562163,0.9600258278493703,0.7458509699450471,1.943405461453735,1.7470858806455734,2.285496031667717
20180821,0.4514231652493655,0.5106390070761415,0.31993618581205474,0.7976923148382137,0.6540721277090653,2.911392437476904
20180823,-0.8419888199944282,-0.2986918907475789,-0.7571673751021075,0.7219757058573875,1.157257858728452,0.30004860215460877
20180824,0.961752126216448,0.22293831582044943,-0.19645087797207708,-0.17283867386670196,-0.4421938231276463,-0.8586264175649888
20180827,0.48469573763348894,0.26780252032683993,0.6306513572300266,0.7679362437458082,1.1356664606238236,1.1586034003455754
20180828,-0.5082779842854872,0.5207973866750415,0.574280260088183,0.30448268021156266,0.14292419717265745,-0.6955231682204435
20180829,0.011209997832533814,-0.0810626298899337,0.2064080371886842,0.3782072276648058,0.48439254263642234,0.03630538516851592
20180830,0.09742732647833154,0.23819769929574985,-0.4767414825371989,-0.7219125782340432,-0.9802895072586781,-1.3984432607197008
20180831,0.4803630759142378,0.6714435732568315,-0.23923453451343968,-0.1371665243252881,0.08306765937858451,0.7399578679527604
20180903,-0.1710475993342598,0.6185503234165449,0.22266117643357747,-0.724992253105875,-1.3339901497476272,-2.2975034103120366
20180904,-0.40586203695847556,-0.7700166115925523,-1.5770706970978308,-0.6918557434967203,-1.7741565411972737,-0.8460350731640297
20180905,-2.0057307387717644,-1.4929775591849517,-3.7208088383247415,-3.649666957768014,-4.174474618595905,-4.792970393012162
20180906,0.6754570362288045,0.015638249759429963,0.9734556137554116,1.87179744885137,1.4392067670765638,2.1345813135503593
20180907,0.8074003913638005,-0.07599563995532688,2.013557034741662,1.8080178307956722,0.6520841469421169,-0.12608993000738788
20180910,-1.5003164522487025,0.20748659870593908,0.33169095350083677,-0.3934991392299258,-0.3442416823120392,-0.41785586997784496
20180912,-0.20112846573318194,0.21302157981249237,-0.44396168120783425,-0.9010569384630539,-0.04681314115315846,-0.04124108333359102
20180913,0.308648068975921,-0.6993865445089015,0.943100373844066,0.8762625502770192,1.3688005482986658,1.747325109266247
20180914,1.4776385923875455,0.899929130658495,0.5296434290666532,1.3263894455993943,1.121887852004902,1.4882744009892652
20180917,0.8324330644294609,0.23915842442002133,-0.6750247605768503,-1.8518969666563825,-1.997601724999215,-2.0447717516848662
20180918,-2.0637761004867015,-0.23413587262345958,0.10872279037368188,-0.15839384302713608,-0.27310342822207984,-0.19047577931303195
20180919,0.12613043217655664,-0.5502479149271152,1.097046403029575,1.277643491930797,0.5317215984590007,1.9020592501736087
20180920,0.04452721330223883,0.09711879154584421,0.00989928786961874,0.9944916092712361,1.6773806660759762,0.20368649148315565
20180921,0.33108696533004683,0.23923703483362543,-0.19501785867918162,0.04677279523952942,1.170869908073139,1.0544194850163282
20180924,-0.7411467153777237,-0.4604704687626938,-1.0761776023809249,-1.1020288723514142,-1.4445760401885077,-1.6538485923918587
20180925,0.4500758162075447,0.2677980228635986,0.020694974711978776,0.014045968530991795,-0.29797866885523117,-1.5876762528500292
20180926,0.4338796715490785,0.422389565044697,-0.3405571654078052,-0.07614982124335581,0.16981324431009265,-0.6425169973732069
20180927,-0.09821700687230973,-0.020557807292601014,-0.07903741199777307,1.1928946173931694,0.6986345279056833,1.0201796592785677
20180928,-0.4650843537467705,0.30972686184305304,0.3059613791094422,0.8633558170233954,1.0772610793514619,0.01475567417320592
20181001,-0.4766978832584442,-0.18010801980768862,0.4853020799502141,-0.7809291308217169,-0.23802231776661867,-1.0453228844263622
20181002,-0.8061465174895486,-0.7489514177023624,-0.3675870352357035,-0.9248120978124691,-1.663224155918314,-2.6789568305806672
20181003,0.22074266991829747,0.005173662263235021,0.09861396432650629,-0.3995395543441858,0.6498156842692023,0.2947193665564432
20181004,-0.4950351654558891,-1.212623454211458,-0.2757163522410808,-1.5604095480762121,-2.280020973155806,-5.0821519809374776
20181005,0.06328830553315574,0.45840729615246,-0.6939608162950526,-0.7158053076260892,0.011912758379221339,0.302578187357628
20181008,-0.6303151884066442,-0.06190312395420739,0.21104090177395599,0.8262616479864116,-0.15837785223427311,-0.29012804683978544
20181009,1.2611286904794894,-0.05412742570988541,-0.9334787573706516,0.7078649534525997,0.18406731929200967,2.1532844377927995
20181010,-0.10167736468302732,0.29511905432152746,0.053710561316514624,0.060374091595106975,1.1716633695468712,-0.42131157291305676
20181011,-0.6503442188770039,-0.4621475874722259,-1.010901398937516,-1.8498572857371034,-2.3494231814881426,-4.443626503433217
20181012,-0.2010687002718675,-0.16768583698304682,0.16026831700065655,0.8729933189624678,0.8165898830181558,0.9411028973178424
20181015,-0.5042635688653304,-0.7966913755087469,-0.46317549777226535,0.13580026218505634,-0.8560431231717793,-7.588823893478752
20181016,0.08319579632371596,-0.6737369533481155,-0.3017182765042361,1.5493425664991112,0.936226015381722,1.148712134890286
20181017,0.34414386486898424,1.0572869795916529,1.2365832214078019,0.8127031427345652,1.404325406060331,4.568594688296282
20181018,-0.22748398885176574,0.5767774630254223,-0.36348546801490506,-0.6569964259106715,-0.15450256530501782,0.582901867012571
20181019,-0.5412720205296506,0.010158755603487094,-0.002142884760595452,-0.1622615972941621,-0.5701720572439912,-0.439740223904734
20181022,0.009732576860253698,-0.3066058031541949,1.2221906424923308,-0.016510298519185264,0.6098843435404919,0.8853896786915876
20181023,-0.5014666404699917,-0.2994586303921409,-0.757355234331924,-0.5311605656813722,-0.9077456882306391,-1.8540711142284612
20181024,-0.7901879615359266,-0.3950896562698391,-0.1551589982880512,-1.6227472751753826,-1.3974542132742038,-5.6584713109868545
20181025,-0.2830151914516066,-0.3651692308065051,-0.29405671141568945,0.9664999546179587,0.5542917231026142,1.0113148298804187
20181026,0.6479237186906471,-0.6914080554667672,0.05029784632669481,1.023661561456778,-0.6167273687403388,-1.1662052906873714
20181029,-0.38590219994997155,0.026710076451664583,-0.3297363023459241,-0.3731976820998052,-1.1625881413490562,-0.07485114670245877
20181030,0.6061334553304631,0.2830136666684473,-0.242769928258119,0.7846853376757729,0.31951633410384644,1.734043245352447
20181031,-0.5534826272968028,0.4634182824731031,0.4390958409545972,0.3035857702458184,2.238102167857694,0.24615276713838807
20181101,1.1235051156007294,0.416050156849322,0.05394469955706147,0.004814724706790226,0.9457976493209982,-2.5817597339140264
20181102,-0.7218313296206268,0.19306808284941016,-0.01201835196812422,1.534612844381671,0.8871295816123609,0.011280192889812033
20181105,0.5182746792877971,-0.2697860900069465,0.20182432591482188,0.5350504668163666,0.07568305298597479,-2.568287213625565
20181106,-0.15230784113800944,-0.03402185092287388,0.22116449145756392,-0.08392959780753138,0.4435112943570981,0.28291265798804915
20181107,-0.1947404114426181,-0.4385924114679728,0.43020253796171964,0.1658377613712106,0.2507152649524592,1.326948790684214
20181108,-0.07631572995250359,0.702582101772746,0.722632881472861,0.3417250345168341,1.2141446478119509,2.28431205428104
20181109,-0.11492749458838411,-0.32808856429201105,-0.5913561391077323,-2.1806803748506116,-1.704135494339159,-0.8584773411822874
20181112,-0.2518753085221743,1.0631176065249741,-0.733832807618171,-1.768210976323272,-2.0623276601788563,-1.2786163505074772
20181113,0.6272127746400048,0.509855430619422,-0.6195159958093116,1.0900246924061523,0.80837034621964,0.3701995637036326
20181114,-0.4224271574992455,0.20916753849768233,0.46341357046884735,0.4010031285832606,0.12370357303355217,2.3431792730115273
20181115,0.289182608399783,0.4514574955494057,-0.3658492806526819,1.9188573249203527,1.6413984749668702,-0.30473389017976127
20181116,0.00759494851254268,-0.49811661680262087,1.2472281694456795,1.1441534071066022,1.0861306845367305,1.3662867741018574
20181119,-0.5659760013240172,-0.6938516425659019,0.3315461306222796,-0.17188512733431627,-0.1872983023520333,-0.7150248387671438
20181121,0.04059713514657661,-0.24506809538983534,-1.021055853389123,-0.6743665445190151,-1.9942331092341392,-0.06646050713300847
20181122,-0.9349522354943777,-0.8011229980830118,-0.45187829498134136,0.7920011072093412,0.7800069658302157,1.6271850374822427
20181123,0.7372601621635528,0.2944986140398299,0.1797031702637144,0.18124831498183386,0.10279037532880063,3.2284251668184396
20181126,-0.020476363106857857,-0.10952120380235926,0.17267833137043495,0.34246509154175514,-0.2257282338478928,2.1987011108708407
20181127,-0.21127240521928445,-0.1998800082270714,-0.32513371898660426,-0.006885890239409512,-0.19490084139333405,-4.127271988013737
20181128,0.34677039135078,0.46047001853333525,0.7709333533898289,-0.33878612236610184,-0.24699742814165765,-3.130484980877209
20181129,0.4176419680454237,-0.098636833125221,-0.26286990521040204,1.9391460467116637,2.7114531469626493,1.2874323644287493
20181130,-0.159115252709103,0.29068022296033924,-0.25612903172648877,-0.7331058398795334,-0.5919200718912893,-3.336923356750019
20181203,0.45383817789397063,0.3120678666941618,0.5173439687640924,0.7673051444133153,1.7388282715996188,1.4605118948829723
20181204,-0.4553114501443075,0.33353687606241966,1.4561071881101078,0.5872213095642319,0.10306048482005394,3.2859769509981547
20181205,-0.266671661669884,0.12144957465600077,-0.410075612198636,-0.29760095086655136,-0.3299791014676738,-0.6104310388864327
20181206,-0.07500395604923919,-0.9729081458273968,-0.3806540610655449,-0.022618957224945137,-0.46803858397298653,-1.5386053592779243
20181207,-0.22871945452197892,-0.27211024596202965,0.5573506853520381,0.15316344213906427,0.4287196569635345,-0.3384465576767551
20181210,0.3986271851628824,0.9229055050239047,0.24583659869136426,-0.15625106098675293,-0.65223367887308,-0.7204451094723759
20181211,0.052436179352001226,-0.2204414419437013,0.08978840777133314,-0.7544778453797738,0.02316369544610371,-0.5662861986476433
20181212,0.12988022160390075,0.44554130728132296,0.04289848697669749,0.5819825496404335,0.6088870123554049,2.4583842038741426
20181213,1.0188579390711263,0.3669194355655045,-0.23022473312295316,0.9631625763396323,1.3780521625829136,1.6765442653362599
20181214,0.5638723330442269,-0.9489400616584206,-0.19583774277717286,0.159132617810625,-0.8654915290367998,-1.658717908136518
20181217,0.21098137238864484,-0.3524326704809466,0.23027509050432518,-1.4015634435977609,-1.4960120720692254,-1.7751788297652147
20181218,0.7771826429199539,-0.0714188788649728,-0.4766562397733459,-0.2027843254637712,-0.24829994621630166,2.0031151282935498
20181219,0.10645734280790417,0.5546766501262598,0.18449477883748186,1.9964971090565184,1.243193794180821,0.3511331081389337
20181220,-0.42574096950993534,0.08666547886345698,0.4519069270386182,-0.4861039903855382,-0.3539775023768209,-0.8090649887815408
20181221,-0.34998093148683546,0.19052577272170687,1.4339322223315936,0.4935168194888802,-0.2682233023576512,-0.3395381611989269
20181226,-0.46808122116602774,0.7566371804208165,0.3726127797794403,-0.5851123044948523,-0.9010684874000136,-0.268812782045367
20181227,-1.0686757708374854,1.362274664074037,1.0178048545512453,0.8726427560778652,1.1735032428044068,1.0982112563132556
20181228,0.82826825154875,2.738295779615203,1.1381256997821982,-0.4227469398236742,0.8860314714328733,0.10283303602683898
20190102,-0.673640585496599,-1.7504970231210903,-0.3420112282671984,-0.10335195522717987,-0.22041490931542979,-0.794093712583928
20190103,-0.4075937208633736,0.1702744842687574,-1.130990943950646,0.8342166124163379,0.1399772887441464,0.13021663227479077
20190104,-0.6101663450628207,0.40080351218416577,1.275399554398442,0.6606521293205195,2.018528946141972,0.788648435300239
20190107,1.1278227410540476,0.39478570518613604,0.7635659376451533,-0.039392712981732005,0.5065240161515262,0.5032629279480832
20190108,-0.41237094888392484,0.29020790074297925,0.8591662918140097,-0.6027760692613291,-0.32715502406467656,0.6757661179418339
20190109,0.20328256562396613,0.008214645197555296,-0.005744092370885143,-0.2450207320160536,1.2768187811559832,1.292923204720946
20190110,-0.47939705354203166,-0.16642545303080838,-0.24280650392977143,0.9034626368217366,1.0163445208837067,3.4507659263032653
20190111,1.288014578004382,-1.0369508412529915,0.9127401068009834,0.5030403403744582,0.2270644051674066,1.2394964797916468
20190114,-1.346404914945499,0.15508522605393182,0.9161882497726623,-0.5396779670094768,-0.13240305917937856,-0.6232835954801477
20190115,0.49754876833899164,0.7694250599521688,0.5379038148057773,1.022743938655232,1.2344591156956162,3.147283490184971
20190116,0.6647749960873707,1.3141725487847267,0.3474344695217625,-0.15320760962265512,0.40366244625899594,0.09970509076205313
20190117,1.709847375453781,-0.7468911328247821,0.44673989029302863,0.344628263871091,0.27399033834036374,-0.822850682672349
20190118,-0.12390440859284498,-0.1259949776729632,0.9417236433859666,0.29352577110781536,0.537768423498825,-0.0410186557360894
20190121,-1.216328202783829,0.9242789947927375,0.7366250084281983,0.054989345754490625,-0.03470501303983567,-0.4240975347811533
20190122,-0.6674959503988644,0.20509396680929898,0.3034548961278761,0.16155386369743005,0.034992661444911005,0.28360342026835844
20190123,-0.44262462314550644,0.5797196048702815,0.9284987020203926,-0.6198808312181202,-0.2173949525972876,2.6645224954642126
20190124,0.009660039845137955,0.2724905843691214,0.41206916730791454,0.18728536849960095,0.2759849094784164,1.288668183944505
20190125,-0.08543387175877926,1.138834742824613,-0.014039113510828267,0.2292537893720981,0.23489215543246894,0.3740874691994872
20190128,-0.44039735426131454,-0.8139903410873381,-0.014311981375846133,-0.4285429002729045,-0.6943748077425633,1.3202148888807903
20190129,-0.04898328873462031,-0.03215306399158671,0.3618127299679347,-0.15103091613987368,-0.8461869694376897,-0.609952562046196
20190130,-0.2747940558590771,-0.878013664244329,0.34068739691381533,0.3188210901327132,1.097985790153373,0.6291774252137965
20190131,1.2603749532714303,0.5042986263476592,0.474140118618953,1.100392127708097,1.3350965146364273,0.019807733877825258
20190201,-0.763585897549022,-0.020826866511125634,0.9490629349507824,0.10293254493774379,0.38432875047743015,-0.522058043662998
20190204,-0.05367002459778275,0.01942491501071162,0.8385922731889243,-1.1317546126706108,-1.1935626639633772,-0.5136969647305226
20190206,-0.2888583187075667,0.19721279200688788,0.38893363626427746,0.7204151593297423,1.3279156261619725,2.9427209500306
20190207,-0.022392299515809174,0.7741257314252606,-0.3037944490912246,-0.12171802197420961,-0.5330855093594599,-0.10110459724735749
20190208,0.4590151867056236,0.40182600408818087,0.8825539817188182,-0.34134985069006835,-0.16574174490758165,-1.6494731178820352
20190211,-0.5522733100274722,0.07320603121382006,0.23116319674632674,-0.4384270355337198,-0.5540519436607717,-1.213710892077248
20190212,-0.10097366859482837,-0.23293413559976828,-1.1716859514776348,-0.8940078187199614,-1.6433946507528359,-1.5556000990998475
20190213,0.4142575120190429,0.844122912229914,0.1924285248616332,-0.08060548698212588,0.0023586624353902027,1.4359201110790232
20190214,0.53492407265253,-0.31163718042394517,0.43304163232745374,-0.05050624643562993,-0.16122826805218823,-2.2722688014389876
20190215,0.022975509017625257,-0.46608537054224786,-2.0756139805061644,-0.4737192964242684,-0.6418899023151993,-2.119152248412452
20190218,0.4691006498110586,1.2584506655791852,1.1952638703477267,1.877120082809637,1.402486488415057,2.597752467664235
20190219,0.3973832522982156,0.5622359297135183,0.722796271093109,-0.3454748419913002,-0.012709693049789498,1.4410935631449189
20190220,0.5558788665322608,-0.4308671933163903,0.6135015977350275,0.4388489402116703,0.2664120097294442,1.333154103058946
20190221,0.5471069082983748,-0.4786761850851855,-0.3155475457483368,0.04703442514457823,1.7892490262197376,-0.4524708828798859
20190222,0.7844453752365763,0.458177556026301,-0.03924748014817772,-0.5102947589596795,-1.0461088549296873,0.40629557286103213
20190225,0.7042766157274785,1.3759494353898112,0.38466284120416677,0.2842427830600847,0.7134455492965024,0.30626210262579007
20190226,-0.6796568055317407,-0.9704028678269278,0.34335051231140173,0.5662183055512652,-0.3436847126937795,0.1078354887513023
20190227,-0.3611635430391276,-0.2539340137806314,-0.5168177824246393,-0.21980563057459718,-0.5220314397578681,-0.9286444706575676
20190228,-0.9045383156907622,-0.7171801228559702,-1.0402074208493053,-1.2243440498447968,-1.3380176699138624,-1.7021442214328195
20190301,0.2775366102946407,-0.8363553121803585,0.8903573758146677,1.0648032611058198,0.5286022709011436,0.7073594560433544
20190304,-0.7460859508773802,-0.9712445757055139,-0.06433480546120403,-0.10388355299805074,0.005307660095336098,-0.21051637630464798
20190305,-0.07734615142362244,-0.5929495458048402,-0.5278849485956848,-0.5465181996069215,-0.714541420471892,-1.7717947676959407
20190306,0.5743092488953314,0.7292678089650912,0.20932937824619177,0.08002695282246453,0.5600345150837835,-0.06671284692056997
20190308,-0.03445081311097831,-0.37260562387802776,-0.6302582310081924,-1.0570729507587127,-1.135864608642584,-1.1093640786757852
20190311,-0.4045494939511274,-0.28014903238488886,-0.8140656175236927,0.20170372863373504,-0.7668891113952631,-0.873427000427935
20190312,1.7720810367877033,-0.8891831610818122,-0.767719148107407,0.2002505669155455,-0.7894252662558418,-3.3156599233787305
20190313,1.8768707085355436,0.1022463513040329,-0.25466885541711287,0.1433152008613791,1.1399444034429074,-1.3132419956396402
20190314,0.4293743008491277,0.5274919578373686,0.7896281381866768,0.33526010745071877,0.968875756308696,1.54692031337963
20190315,0.25306768851747596,0.3854079828346807,0.2515930077878774,0.6426527542406268,0.9576109426710597,1.9227951492110853
20190318,0.2688801340950092,-0.13170813058089145,1.2390589009305484,0.7972186094885444,0.40623747528645116,1.4412170036598064
20190319,0.10703122465318558,1.2639430713299702,-0.1527939586229202,-0.9276619587284209,0.6944447419777756,0.20204539525562482
20190320,-1.0086441810061186,-0.2908709240692514,0.008405340123842678,0.07488846723429629,0.08051288754110021,-0.17558614693650101
20190321,0.33274039026617563,0.5792148363693123,-0.32677375122714847,0.12716220241916085,0.9618027988165178,0.1061040843924832
20190322,-0.6605057703413059,-0.30636552939772743,0.3366129559927233,0.46010686025350156,-0.07956532633896238,-0.8333330084404746
20190325,-0.7845526311541642,0.08464975195921987,-0.8835725871166819,-1.6391175957094224,-2.2800177526353926,-2.9757804916536212
20190326,-0.4025576965782776,-0.4310834191238767,0.6930439405265483,1.0469167566640425,1.301351219859089,-0.6130017940323489
20190327,0.1650177943724394,-0.6568501916401762,-0.5508675853607203,-0.2716281129944985,-0.9642720111231321,-0.49364518826302106
20190328,-0.4424195173069652,-0.5712087632911763,0.00198272284624026,0.57478666899284,0.824255789774735,-0.05524658988629124
20190329,-0.41541557364638054,-1.3486699707061145,-1.4371392379451389,0.030694591392891955,-0.10902068173681657,-2.0749687442135976
20190401,-0.8059873274862392,-1.0755972256544661,-0.9488774591853304,-0.2734870605222306,0.1319428111123329,-0.8768032848126183
20190402,0.16316363078214297,-0.8187323306212009,0.7380568567420854,0.4983786470876622,-0.11946530926552762,0.37766897958606543
20190404,-0.8574044509514307,-0.1275055928456659,-0.05964808918084285,0.30747588148434285,1.276352061584337,-2.6704630879412425
20190405,-0.5539567092642175,0.1971232664774356,-0.19250939986153065,-0.2653489647177576,-0.47525088608268673,1.2735952060489377
20190408,0.5789993530824716,0.1745932147334483,-0.18143119783529538,-0.694532859991344,-0.5733511427868869,-1.0534492327458522
20190409,0.33988631511388145,-0.18021547904058477,0.07854728918872768,0.6680159872868363,1.2539829027273977,1.8189296276828304
20190410,-0.4090043686926877,-0.16996238789071266,-0.02887711990721879,-0.13747699098283594,0.05948879290627406,-0.5997103069141453
20190411,-0.05645132219827055,-0.07352080248009647,-1.0490567093442063,-1.134044129519668,-1.4180097685122657,-1.5954246107611603
20190412,-1.0384384444931443,-0.7488227037426215,-0.7345092797175305,0.042613766815621755,-0.07498764961487611,-0.5303155734746793
20190415,-0.45549904285501475,-0.18871247283099857,0.09685140365724956,0.5510767091252665,0.27586990458450544,-0.00855305545929498
20190416,0.5012093887415817,0.6282974447493667,0.9479573654618425,0.6168509526149734,1.3874701690056894,0.9783680427935417
20190418,-0.5320985919356179,-0.18753349504552608,-0.07226586112714187,0.22635553880768336,1.098941069031984,-0.8086603549178611
20190422,-0.7362014744518994,-0.3321452114151621,-0.3166130247357458,-1.6237744448930804,-0.9846791066486431,-1.636234095056002
20190423,-0.45421812647909227,-0.1970677925764339,0.2756415144421531,0.7312601748107089,0.9046133274175724,1.970405760428056
20190424,-0.039373141361036416,-0.161755142576602,0.6107473425839771,0.017870901761305208,-0.5584488740842581,-0.4617655653360162
20190425,-1.176821300623298,-0.49907924522448127,-0.5141727040163008,-1.3062245467485947,-1.2080411871079593,-2.0752738163738957
20190426,1.3628799451999816,-0.37507391801887097,0.14630219238494774,0.3224818568514816,0.6648089681885253,0.03023149433616236
20190429,0.3276347586879579,0.6954581995941117,0.04268367785358615,0.4107472162168374,0.2212959182565538,1.0359722260239588
20190430,0.15461613601213076,0.2544646015848755,0.15144006709341878,0.8387922002225559,-0.0588729258916083,0.7765877565324429
20190502,-0.3708293344246326,0.15169463322723029,-1.069360999674834,-0.9435811148912947,-1.0666256409923822,-3.1283272244956075
20190503,-0.7698759021388971,-0.23635558237215856,-0.5360746291097235,-0.42595860569061483,-1.1663375589864104,-2.1397143889857384
20190506,-0.7307257663538511,-0.9236607349504248,-1.0338451587711057,-0.5773536409094647,-1.9350239275490455,-0.41576312738814447
20190507,-0.08484654320760512,1.156787995166491,0.41160289706959013,0.7494932089335907,1.3885181194148457,-0.4308177444067689
20190508,0.15258625618259022,-0.44004341168574995,-0.7280557155163311,-0.040151923531513284,-1.1412718389294376,-0.2051066579197188
20190509,-0.2059979843901557,-0.8170491793652843,-0.7804229666792543,-1.0425018671451136,-1.14896840722801,-3.9675564354175568
20190510,0.36460733133229745,1.1570957280603527,0.7913414467091318,0.06836622211563179,0.31225347493493616,1.1579415405777236
20190513,-0.16017990886439237,-0.06150466024899472,-0.3173152062864891,-0.9193363215923976,-1.8313095688672762,-3.0357218018276297
20190514,-0.3671811738670912,-0.08415260262635511,-0.8931647728933139,-0.9943303044153233,-0.7204455907705736,-1.4317809485788655
20190515,0.17540489680379456,-0.3804219198813514,-0.4649316675714126,-1.4402891863565428,-1.370888197342756,-2.2515781810268507
20190516,-0.646214632204299,-0.7077291328508656,-1.0206906684080237,-1.3858547437117157,-1.699673221890316,-2.080865761534156
20190517,0.018354733553196865,-1.1230566311789871,-1.2392303580435202,-1.19827555851598,-1.4804824131445682,-0.5363038586801674
20190520,0.2736604133953874,1.337398167358214,-0.21056824174404265,1.5779009485373117,1.6664224485309016,2.468962500854891
20190521,-0.6445608770754753,0.1896605769876617,1.2106972637000262,0.5544765750663875,0.8446863306163992,2.520420801703173
20190522,-0.5193201757329933,0.3748695000335142,-0.29832697747347614,-0.24849444830035666,0.39725913527092777,-0.46568063449180763
20190523,-0.0791061350548945,0.4445741503527615,1.8321457988865006,1.6117099606652636,1.647687057671786,2.2545678238142677
20190524,0.007179221523987002,0.4933066856172218,0.43517165014268455,0.7667768295368501,0.3048944284462994,0.0029219186964260326
20190527,-0.6253951335986652,0.6053286269758299,0.7914973887981314,0.3905842726904539,2.384064730669913,2.769194297424013
20190528,-0.10032262690609169,-0.27873677039510003,-0.1669745223748383,-0.8449678705849297,-1.8463304918109773,0.736922761161888
20190529,0.6955096529921712,-0.48303593840839776,1.2656541108448986,1.5040383004509237,0.7624637729349737,1.615615051688287
20190531,1.3398507778304254,1.279754342018973,0.6804328792306289,2.1598896483918764,1.1305931399927522,3.414815477900844
20190610,-0.23792551267195755,0.31802191043560707,0.39957605092634846,1.041836916650202,2.1306510173963353,2.86744556192794
20190611,0.058542952679337186,0.021542305780847752,0.6084922831102808,0.24360490363334567,0.08195923794997151,0.5355126697056847
20190612,-0.9636909812127014,0.6369180720694402,0.202094787706247,-0.06693595750321488,-0.21988572887892016,-3.043667925088828
20190613,0.16804498406528703,0.06684002442701946,0.16030294769634748,-0.11447599687725199,0.02989234952085528,1.254504996322235
20190614,0.0010637705206475367,-0.4294582777342567,-0.23679388812016725,-0.3015489694166971,-0.6560646973408103,-0.7475794709442318
20190617,-0.7339901896480672,-0.5422613217223801,-0.6132390659393896,-0.852039583668706,-0.848121294603963,-1.492726098859308
20190618,0.10508613289847582,-0.22325975491756428,-0.43880235544106844,1.1073626750408498,1.0689007319858506,1.030418962567144
20190619,0.33330108633788375,0.3465399620340413,0.8261954078526548,1.0928481763837457,1.7504597816125202,4.137574425476915
20190620,0.117991361233878,-0.04655016924242779,0.5458313313694216,-0.5242534404394829,0.0878861098681597,6.32329356278888
20190621,-0.1738619476948298,0.0759300457327894,-0.3603084335476485,-0.37831648606562435,-0.37811618827266086,0.4143767337165928
20190624,0.1287333846768017,0.4349183813404884,0.4221103718743513,-0.6692458454146919,0.01994214187269492,-1.2789510567933233
20190625,0.16865925048581526,0.28579620540654593,0.22466555682454956,0.5175592298441066,0.5733169107008287,1.5108790579089604
20190626,-0.258803244227196,0.016037601388735168,-0.20959107950641426,-0.3329649442305443,0.4349501749028838,-0.8660856332949961
20190627,0.1941111208131279,0.6447040292041166,0.04828192709528604,0.9201382312810558,0.38489930768529035,0.480994323790965
20190628,1.0731126872062073,-0.39035150035077193,-0.20628705121186977,0.17900541059044572,0.16907612794340582,-0.8642878127495267
20190701,-0.6458576116986081,0.17411765659105152,0.45935738901146334,0.10174597494284902,0.5934569799934889,1.4437359830898988
20190702,-0.44384585574406665,0.5469750790946091,0.38630887374498696,0.33285973941512254,-0.3198256465068948,-0.6584991195785345
20190703,-0.3679650562623143,-0.1402898702784082,0.015325594001890088,-0.2739263051520108,-0.7453670036674076,-0.4233169007774626
20190704,0.10354099483159997,1.2238722610481585,0.43724155379299323,0.22272310383373403,-0.05154362612074034,0.8260830986884303
20190705,0.24739579062839517,0.45116576134337294,0.3432480459674424,0.588267681037191,-1.0298180127890035,-0.13581801287697354
20190708,0.507042717723814,-0.9791009565033707,-0.2979672698900823,-0.6008802370005595,0.2922719541680906,-0.2518829011401351
20190709,-1.0160911607561338,-0.8028014878410477,0.22910291487519036,0.5730221884909642,0.4626932490390355,0.48621923204131823
20190710,-0.02828533186509156,0.9375420175180169,0.002487933500023938,0.10861845815082966,0.7671647480145855,0.5266816365631509
20190711,0.4361975987591383,-0.30160808727931776,0.07994214382116449,-0.08950820769229481,0.21633258037958691,0.4365348782195992
20190712,-0.2240383698031918,-0.08222946410080247,-0.09955241124278097,-0.8500302455565227,-0.6871457455791106,-0.551600374085601
20190715,0.1186559075221208,-0.7330359622809224,0.4758639825569435,0.7734252653284525,0.7550254827569658,0.5023302645411509
20190716,-0.8164846061334472,0.830416454033602,-0.4996742623252938,-0.28783890420947705,-0.2715210848810341,-0.6333131730926094
20190717,-0.5314172237169263,-0.7388141934830416,-0.04231725728177593,0.38646066365770027,-1.1049535573087987,-0.5084264097238869
20190718,0.15905236490543248,-0.08008936042033232,0.6721562288634259,0.19530341269837467,0.025760933153804788,0.5455549349299175
20190719,0.6188515420876346,0.08662977107988702,0.10996747903796061,1.3723067550269312,-0.07937621412540259,0.19860577895681755
20190722,-0.2320568462693141,-0.4213454276211172,-0.4925387462920104,-0.05203749139629447,-0.9174641077437669,-1.2086517946518045
20190723,0.017224965534568412,0.6439738875036881,0.04986060313709959,-0.30809358866557846,-0.048778838280748145,0.21745202194611643
20190724,0.06528423571830506,-0.4578062018025897,0.4131744560312268,-0.296945887812221,-0.039095285574281546,-0.4456492726746227
20190725,0.3440460595425315,0.9966143750705668,0.2291070560653253,0.08779534640514672,0.4544633631137913,0.045544897532974714
20190726,0.5055298108795373,-0.5666962326591097,-0.15638650496445722,-1.127848577856228,-1.5126297951189418,-1.2711348333158017
20190729,-1.2512566727389995,0.4790544253469751,-0.25554685488583295,-0.5717832503537457,0.22177287253765227,-0.14160680064431783
20190730,0.4290390576209013,0.0885980317186531,0.6315740588896559,1.0074162732745773,1.618049548286477,2.6107345356858396
20190731,-0.5698223587059627,-0.175758961921253,0.16561463839094626,0.6019039960401162,-0.381968444306826,-0.7301382139323078
20190801,-0.25433516862247924,-0.26836587195687206,-0.8328699715295722,0.3011945816075985,-0.8808991263943498,0.16618993269488197
20190802,-0.4171906576322759,-0.4444088390841828,-0.7501458583556415,-0.40501645338125936,-0.9439256079904124,-0.7877564776024205
20190805,-0.6789883938005966,-0.8433555961730057,-1.4032706353712288,-2.620867827592094,-2.769728054602523,-3.4101962472159673
20190806,-0.7241844377939882,-1.1927137479523273,-0.3958020959783674,-0.9920444755062836,-0.8615928850352385,-0.8361576737428834
20190807,0.7489702016120178,0.7695649110040246,0.5600821419878106,1.7565406381827975,0.9543742705994374,1.0696299392199176
20190808,0.04087604384643561,0.31874326652447527,0.9259781667090575,0.7200305503528576,2.067339644783734,0.4300003088591177
20190809,-0.08977630431724266,0.5133579125162774,-0.03110089614404738,0.5112868069840579,-0.41694695739102605,-0.393965214600702
20190812,0.1628282667739161,0.2395874415787045,-0.42092439249601177,-0.537279909170503,-0.5919800717504461,-0.8906594902724191
20190813,-0.6351105380689901,0.3166607090540003,-1.4668725306654862,-0.6845710826645135,-0.5079336241519671,-0.3796202462614599
20190814,0.3953441368315355,0.544872440091131,0.48541120779626035,0.6823994449037539,1.1360025839269556,2.0034572692738366
20190815,-1.0255666215327766,-0.8648951458558228,-1.1010531644163908,-0.05356511756853449,-0.2573230657769538,-1.0584648605494016
20190816,1.9373354413617376,0.6886454241066949,0.21642740637302357,1.0727247845663943,-0.5195086596034781,-0.696962739854179
20190819,0.12267122048725565,-0.20610437841816878,0.5261370622633542,0.3207057459019639,0.01137791021813047,-0.10407226625493118
20190820,0.026809205438181015,-0.50458038897401,-0.24722119062251607,0.23859171829733813,-0.28761341890382625,-0.20721121897133254
20190821,-0.9164354896407573,0.5245124742632887,0.10484218887974349,-0.5988895373345087,-1.1737097265564336,0.42210218486841256
20190822,0.7315412428636814,-0.2616049663388284,-0.35926037580463854,-0.21751455858487678,-0.26992018163575277,-0.34865088645463005
20190823,0.17655914704239156,-0.2893640600130967,0.014561453955360211,0.19215464577326044,0.5993826732587291,0.4203999425317752
20190826,-0.09731236979499196,-1.0428595398855116,0.17175126647868674,-0.6346527993467348,-0.9053299889877875,-0.019585295413081655
20190827,0.15555941395178047,0.1002747209281501,0.10092267621405335,1.722188790731548,0.08028178865102484,-0.5555043637731667
20190828,0.20529651288220802,0.2998201030791309,0.38450381958655677,0.29233959242870017,-0.4042855947498999,-0.20667620245521526
20190829,-0.7501856727536887,-0.07063797776665288,-0.007351228232332431,0.21402008964069094,0.21237394259639386,-0.3515809400063567
20190830,-0.20511686448960398,1.200509696844751,1.063348846657333,0.28839173308742494,1.5114932730665642,0.38784191799921375
20190902,-0.6687646982963146,-0.6955625630241514,-1.051386647439551,-0.732779718079068,-0.28854337494611254,-0.38234164613011945
20190903,0.35996653924421473,-0.43414035079524343,-0.020207673212401384,-0.2143626916724122,-1.4241110302455804,0.28860451915859614
20190904,0.5821333983201651,0.1022211704223178,0.5121732210587271,-0.2064799894558986,0.21852986268399302,1.152902816478648
20190905,-0.3749058358425508,-0.6873097993929479,0.1965989996958194,0.37000200772545444,1.155078508429652,0.9086870490857728
20190906,0.21963003417364227,-0.2517665105339693,0.21817012915211928,-0.2314173053691884,0.3353359901378434,1.5005978271164986
20190909,0.17487693010971764,0.23557347178111515,0.7346361703558726,0.23240243691891022,0.2603955742848588,1.7713075561387852
20190910,0.27416196158134476,0.7010789222988615,0.026735811533893282,-0.002134986615080514,0.1704775747047081,0.3128336272046028
20190911,-0.37144305329304894,0.5975717755898187,0.5118047837992964,0.45132365561426646,1.1756092731743435,0.9213136863171526
20190912,0.4091703488996638,0.43148636941676144,0.001956008845005936,-0.6210345987703982,-0.8880405553618773,-0.5762103244581163
20190913,0.058647564286207716,-0.7027287664320777,0.2973164073128196,-0.1168678969384636,0.10656235500976351,-0.9520605933878432
20190916,-0.7563500589125438,-0.491750130634236,-0.7993412852406,-2.4136814566351155,-0.8385533920357997,-0.3210747519416879
20190917,0.12695912242639276,-0.07481823278624966,-0.05352641684255319,0.4695684266351541,-0.16388295845559503,-0.13341059780146727
20190918,-0.10205844818036884,-0.21757176756321467,-0.006187857632480753,0.2770784928035131,1.4060225185721429,0.005824794863126415
20190919,-0.20871210377412336,-0.035660661775357684,-0.1250354919412402,-0.23713785427654605,-1.3724070815870113,-0.5861761509612007
20190920,0.4127502355467176,-0.4871884415484387,0.10187571853624655,-0.3296588558773986,0.3041562513135453,-0.4198639324611226
20190923,0.27655947310926604,-0.4036363376792703,-0.5320103764179738,-0.3998132800053015,-0.4445984465036324,-0.999450631487969
20190924,0.30606687411852435,-0.26351752625760616,-1.4387551069051183,-0.9751002725184625,-1.4911191665472694,-2.0698743517577984
20190925,-0.6317341485956333,0.4249116996287858,0.03880525241696367,0.29688187502107044,-0.21696112870988193,-0.24099547112496453
20190926,0.704806703203962,0.536685569173508,0.26981987300870747,1.5961770754659932,1.4978092563124858,0.12191544403991031
20190927,0.341696567614136,-0.6164678836573617,-0.6285346245771791,-0.38823644889621967,-0.9499534893851623,-0.15737377306349631
20190930,-0.41680680630188816,0.10467590064685303,-0.3377856669094747,-0.6114148879083338,-0.3661394493448723,0.1114447013515383
20191001,-0.24641144553296385,0.3683412466796133,0.3434172115546824,-0.5082962211366192,-0.8465294838566041,-0.17850690627103621
20191002,-0.8300035252110137,0.569092491448515,-0.8616711134975965,-0.7667398969305711,-2.342133758534894,-2.0907402631131973
20191003,0.17547346939343897,0.1806753479754567,0.047930878319893934,-0.46629343766311304,-0.16388838927670976,-0.4662668189918645
20191004,-0.34261447020977026,0.001693721606771087,0.10996453518220249,0.5325945759874537,0.18138683503184655,-0.19595189635964708
20191007,-0.5777000529355931,0.7286322962290752,-0.6701801483484324,-1.0104373765445913,-0.7533881160581892,-1.183661210052574
20191008,0.531397390663453,0.3462321548949947,0.5644299149484634,0.5413106558763744,0.9725777378682234,-0.4596852853993082
20191009,1.1769570187711547,0.5020667474416344,0.2806254982393249,-0.26978760230657783,-0.3572070105427368,0.8029089776330248
20191010,0.5924502200936361,0.44214125340506655,0.15918660778384955,-0.38826674357900687,0.5295643122354445,-0.4176488624493523
20191011,-0.08598989670997703,-0.4052418163654356,0.3131009536215831,1.401416558605526,1.4238755148328035,1.5508689047215065
20191014,0.3406669607860986,-0.5966149032573748,-0.12252062695223685,0.6693248025669688,0.38062944955940653,0.026760046109767364
20191015,-0.48384299221312227,0.4033776630282639,0.5876499453690553,0.3428026319600346,0.4110354564659532,1.6861433039615816
20191016,0.47722856114818907,-0.08041058857099515,0.15491718956347114,0.3056341907368344,0.09389939701200928,0.10795635835595802
20191017,0.6484699981214459,0.12145597343161156,0.6247102434135663,-0.15702781674339547,0.8786511017025276,-0.09717625123542191
20191018,-0.12364357868546322,0.05157023952459506,0.15869383220817093,0.11031413851213079,0.2741054715895536,0.16957253846867387
20191021,-0.3061592831152512,-0.2284734208861851,-0.8880583473336062,0.22629339392714054,0.027673417117567187,0.2550745580622177
20191022,0.4087992695457659,0.35576734644800756,0.008590343515982458,0.41325826157249423,0.4900303268067554,0.17336755457437547
20191023,-0.7599843842743015,-0.26216096238801434,-0.34658852772964815,0.26362424055433054,1.170518765543294,-0.15933604226047446
20191024,0.8663657406098643,-0.0169971737159368,1.1721564400419031,1.276271244930882,1.2968650035699494,0.45263287694080423
20191025,-0.006696339972569567,-0.36253323472467086,0.11881781338231091,-1.5171697600054697,-1.504906932124098,-0.5100577080500155
20191028,0.23479706229632244,-0.18139280245951597,-0.5002088518667436,0.2593622646946471,0.3068443371301072,0.12204603365009346
20191029,-0.8553168080039546,-1.130173508606065,0.8753193743359551,0.05262943006980308,0.8700828483738555,0.08965653389302225
20191030,0.6929473929318032,0.18236189056687113,0.04224797577761136,0.3744048289275553,0.0760755809197699,0.13832537282768573
20191031,-1.8456935386705502,1.207191365053338,-0.7179274132825362,-1.170986004779327,-1.0563835401253006,-0.4129495973980898
20191101,-0.4192727107239629,-1.349627956600393,-1.0074960591889366,0.2181840615800567,-1.428555725041917,-1.063815869069561
20191104,-1.3518616342272722,-0.2567791683637639,0.17979594332567794,-0.7018800480006875,-0.1619376976807869,0.43739468111629093
20191105,0.1715528928540035,0.01387946098203693,0.38681808206876617,1.2067102586036897,2.2199537596519625,1.159414971065273
20191106,-0.014675811881266805,0.8966865087230361,-0.5247332555805198,-0.7016425204888667,-0.9135240803209895,0.18472848221163637
20191107,-0.2302070379370589,1.6468305763838484,-0.8433225674090492,-0.8821632671406164,-0.7224761435803712,-0.48337310521521343
20191108,-0.9178603402586049,-1.8349706806854271,-0.12828318798597976,0.3554922926893649,0.042791708770084584,0.0028926971237540136
20191111,-0.6929234336954655,-1.9667539038764958,-0.24990341480058098,-0.42390225753242705,-0.3452041980463113,-0.31199476362464135
20191112,-2.1051993332996974,-0.8548706010488993,0.18513055203746315,0.649631139981543,0.5139893071409133,-0.6081072287408517
20191113,-0.8603765325784771,0.6069083572887858,-0.3502991203898134,-0.3625839712601895,-0.9258721724889337,-1.483611564297685
20191114,-1.4952755450210773,-0.11813385126040006,-0.3620436083206271,-0.5215185643733078,-1.232857404033222,-0.4376710835487219
20191115,-0.2553895283958854,0.5179339628259063,0.3619227098810234,0.722650215982297,0.6550397704024213,0.3878815007312653
20191118,-1.3503843555808632,0.6199795996397065,-0.5606232070468437,0.028987946322697494,-0.08257196294352506,-1.0684582204873159
20191119,-1.237973202147333,-1.6744212058850259,-0.25641408729692716,0.5885294673528151,0.7147814185837437,-0.37049406638399224
20191120,-0.8013316451275535,-2.229499885810442,-0.024044204678248964,0.2663533231134724,-0.30367014424231675,-0.3230896642276632
20191121,-0.3033718803385152,-0.2163506471745417,-0.21981370163769087,-0.8233928675010102,-0.4399877317753145,-0.2856673306535093
20191122,-0.3139005599196737,-0.9691955674314581,0.09712698035427703,-0.09976254827448792,-0.5083634710350846,-1.0195850853245099
20191125,0.24910617855312356,0.011447950660154834,-0.48376015867716915,-0.3558211468116797,-0.9574847196752251,-1.1755494484830198
20191126,-0.6747111979219507,-0.019423913752591334,-1.3913034027788034,-0.7582363127357673,-1.2191023406273485,0.417009514082669
20191127,-1.0037824707032077,-0.5839878288287785,-0.7405755209388873,0.41292441420264553,-0.48719880390939874,-0.6471034265108324
20191128,-0.5397728531407557,-0.28703732025371864,-1.5843835234411887,-0.8366397626040849,-1.7477098077970261,-1.884957146198728
20191129,1.460503972969731,0.5718130303260346,0.11503943629008512,0.8989895776158614,1.1001065161075474,0.44984148645681543
20191202,0.04925614646306146,-0.19090207199482814,1.0139925407500443,2.002621194402718,2.2847713830616416,2.445219827928361
20191203,-0.8692374149254494,0.09246325818373095,-0.505164956412897,0.1291219292391736,-0.06751725084091457,-0.020741370629607403
20191204,-0.10155027324324846,-0.352206877934105,-0.7112588215164469,-0.3439653209174299,-0.4738410071249536,0.7131463600756575
20191205,-0.644171538892329,0.909937307604328,0.059694762917874004,0.38736292972884917,1.3934777950770467,1.3017178554004412
20191206,-0.37920080843214077,0.2869413114863892,0.2241649190236827,0.5448264748760036,0.7029426457753343,0.1329233707865315
20191209,0.08861518187875154,-0.46369591408917354,0.3759278489306736,0.13736910155586107,0.11146627583582851,0.18169350883244642
20191210,-0.3245772477664347,0.9451686672762142,-0.7733522114802933,-0.2665031029579647,0.037529666697198115,0.6289985315765775
20191211,-0.011110740094178834,-0.4830588158734211,-0.5848026107744805,0.031626269912595165,-0.4560821217348698,0.42643347098709256
20191212,-0.5454766568193486,-0.12341394739015343,-0.3228925056655892,-0.9003499397965001,-0.5832480018602736,-0.3406537967694263
20191213,0.3409495611946918,-1.4396467046583155,-0.41083126773714396,0.512255607144596,1.9182495833287003,1.9048478692492785
20191216,-0.7686399416505609,0.6479286432537826,-0.12323352262289726,-0.061680216060219534,0.5997432850803558,2.299471912506975
20191217,0.22015496695359293,1.201657520039421,0.23889201593883846,0.8391781879803755,0.06804948443659256,0.7770843486653738
20191218,0.7344892847876724,-0.35149638618347,0.378034938304205,0.9282586185164721,0.3955225673815365,-0.6263279606512625
20191219,-0.22155784198097436,1.1692001949368043,-0.7195176241516804,-0.9454053881648791,-0.14168683624791706,-0.7104613833760022
20191220,-0.41093229787867125,0.06219505682812002,-0.703542977911392,1.0084831334422606,0.1934180736108864,-1.464698676886957
20191223,0.9733297739711041,-0.02574293486072398,0.5354948480368537,0.5309790946577533,-0.1455328542914257,0.43340300743144905
20191226,-0.824951587246869,0.2079609282195961,0.2816488780292925,0.15615832130386217,0.29199048057613725,0.1760066131968139
20191227,0.01815800737467598,1.9251309209092977,-0.7065450258910454,0.1779155207149565,0.23261665484841854,0.09060536512087898
20191230,0.38376348608896904,1.3411718366478844,-0.5304729540044499,-0.510666330315304,-0.5007510406352319,0.16441624609983807
20200102,-1.33222742220324,-0.12503194933328537,-0.6880835678520383,-0.26759951755396416,-0.06507562563023912,-0.8090207696197091
20200103,0.5190214153977026,-0.10604988090787458,0.3058657176229448,0.6660017192739244,0.7408363417089309,0.6706444649379146
20200106,-0.7434082254735298,-0.6330492593707495,-0.7218152532876795,-0.8877928330155318,-1.4407208194316268,-0.39412500558924335
20200107,-0.37450442025459635,-0.6278507404152369,-0.34438429697319445,0.5607320249402056,0.08908242083932388,1.255186257794439
20200108,-1.373615055178104,-0.44782030497193137,-0.9068913993243284,-0.8578701567641168,-0.7474197964444849,-0.8865100867720646
20200109,-0.547550104034318,-0.48559742708808706,0.0346644995289763,0.7269542202388082,1.0332669636415681,0.3719894269693298
20200110,0.8002168665803425,1.0294482803318228,0.09337195823778226,-0.2092392095033286,0.22176070354842223,0.6994075478210798
20200113,0.29544974285185377,0.8082275015902828,0.5082678920711043,0.37091202521106703,0.3429101831458498,-0.36288255168408073
20200114,-0.7356036867022573,-0.18347489392734487,0.42622648472472957,0.5245074364020194,0.4361872491868153,-0.5983071700316087
20200115,-0.08084904777925334,-0.03576725673656822,-0.3184730267344039,-0.32004776625785164,-1.1772130322092371,-1.6518875715421881
20200116,1.3690871665928817,-0.38311385581963275,0.33983505423681637,0.1005013014584731,-0.12194938319657977,-0.018614619226157883
20200117,-1.0135917061880264,-0.27879038536647516,-0.40801102789721966,0.02672477713706229,0.3573895076326394,0.041251926313067795
20200120,-1.4981636256617583,-1.1923124745846831,-0.50315257669224,-0.42461181528230063,-1.2994625395917587,-1.1974408049709817
20200121,0.3959986292167101,-0.2494099866974618,-1.044300328807301,0.04866201755287252,-0.36832540086160204,-0.5408174485758636
20200122,-0.6919317272945333,0.0780156279704853,-1.0736340368592159,0.13631393170195738,-0.569658029794846,-1.3509203304606385
20200123,0.16320861799300226,0.26156552221102514,-0.17837477332244137,0.35478008634260616,0.07127507899303355,0.10908559990343576
20200124,-0.5399909988835517,0.10956205246715184,-0.29992404438253717,-0.06543757649017135,0.03204889585267275,-0.4782267877265964
20200127,-0.4844141626473511,0.9146784058575395,-1.5410584177060318,-1.3098173795498456,-2.6851548073790634,-2.6467424065683525
20200128,-0.06488202405333246,-2.257728656474742,-1.4106284909696998,-0.6947588895038576,0.3087836941372665,0.2580103198043904
20200129,0.39453482737080114,-0.12360909937489338,0.27121960843802567,0.23937132740395572,-0.23430432985595626,-0.4948336869336086
20200130,-0.4803938253944073,1.1603915437611425,-0.3757991719959474,-0.8135875566538429,-1.203211755773956,-0.4673272034842666
20200131,-0.31422366417742015,-0.4744147946421472,-1.0695447495419717,-1.9239197296716932,-2.1201619013710897,-0.7535803063555243
20200203,-0.16321001242579541,-0.4358406250466267,-0.8680690611572305,-0.7148492036438057,-1.2066954194252753,-2.570723174973167
20200204,-1.1975004515757037,-0.41023105978420604,0.06509563572123014,0.8948127748149028,0.026332293465732567,0.9944078041238619
20200205,0.213268843626505,0.2774545131136467,-0.74897759558461,0.9440770219793337,0.8501866023135132,2.150724296646932
20200206,-0.8604891313630052,0.1337025057718586,0.2780213678625619,-0.29107049554288766,1.2410642338278033,0.804631980217151
20200207,0.8887200391589295,0.07667906100275859,0.7332232340459036,0.26681454985357345,0.1733179425738955,-0.5710741144929685
20200210,0.24110714799402272,-0.1893440085917244,-0.3783403488374466,-0.39822451417153915,-1.474530894380499,-1.438046218363331
20200211,0.42400469325232437,0.825942754466308,-0.6042315900437625,0.042118176569409006,-0.2618905878333224,0.8940016461051806
20200212,-0.3978332871829989,-0.5679447432087575,-0.9180071814595545,-0.48586727601053015,-1.2695050541199993,-0.24321557678264294
20200213,0.010636910704113081,-0.23514556322250024,-0.9702117199472161,-0.5710653927457372,-1.1315982753765452,-0.7155131418578735
20200214,-0.7031434319941378,-0.14287455927573914,0.7565892251815604,-0.42682319456709894,0.5109757305744868,0.16360351513117616
20200217,-0.15598007161610467,-0.5210150917802614,-0.3941285586630713,-0.2948144864266432,0.523032405142887,0.9345452116077818
20200218,0.851733698993278,0.9991068911354807,1.322535926767214,0.1257556205942043,0.6721801510120299,0.1915683358808336
20200219,-1.036537579584456,1.1630193740405825,-0.3973896038587525,0.5767957583642679,1.0569800566556264,0.794794678770774
20200220,-0.4696300535964591,0.27830607588698525,0.56352414605108,0.16552285677063996,0.1671726435549277,0.9545125402191327
20200221,-0.3748381596576894,-1.045156408638311,-0.43271146604643784,-0.8191048749960192,-1.4810121376762744,-1.3853135374270231
20200224,-0.2401208644640559,-0.5059542639959778,-1.3331864866133198,-0.9658222749820684,-1.8349258986377994,-1.7457672329981175
20200225,-1.0652226923427741,-1.2409994768996921,-0.6768101709740085,-0.8070573622226457,0.8397570898568836,-0.07451132048172196
20200226,0.013044512071534084,-1.8585780191772123,-0.9000772482993994,-1.6922323916848867,-1.9598349931891885,-1.00987499103159
20200227,-0.7197338168866699,-0.8306884916940405,-1.8263832586175581,-2.167826464975697,-2.4950857380351863,-3.0063948006807135
20200228,-1.3098247474124607,-1.994346888097208,-2.3614083757162425,-0.8147545070277065,-1.8219453170988646,-1.7192908523293164
20200302,0.5830676070087223,-0.05149822237495808,-0.04208844445557886,-2.2341754611919717,-1.1864682692086916,-1.0824929671214845
20200303,1.5177580197067548,0.5626436391449738,2.576607220779613,3.0230454106844813,3.6475811932354856,1.726722073239194
20200304,-1.1267394279126446,1.449373941522779,1.0621674550409235,2.5875632394627637,2.450263395454502,2.364205172285295
20200305,1.0875624226378373,0.02481923477038549,0.6529329593000726,-0.3321538126849001,0.2473319449006258,-0.4420816821497077
20200306,-0.4247758254702674,-0.26254933168679156,-0.9246754131616769,-2.2251389555859387,-3.753567794966229,-0.9360547141835207
20200309,-0.937550894142449,-1.8784638241829785,-3.24997794508192,-5.9901268380102985,-8.939951723753275,-6.900297095343541
20200310,1.4355074172650453,1.9947802482058792,1.0486627492947598,1.6711899561270072,2.671370003264805,-0.38959004151300686
20200311,-0.985480657220871,-1.7258121577185366,-1.6501686117511607,-0.7204088479714468,-2.3052404610942983,-2.1116752767111135
20200312,-1.4235337595944373,-1.2977565241563978,-3.133251087953671,-4.672089229507067,-6.065776134310054,-6.638386313771516
20200313,0.06346167679590663,-0.8546570134117693,-0.7179716478485608,0.8371258089101594,-0.9552255687860282,-0.5356709983558671
20200316,-1.3125834581427207,-1.523149217839367,-1.5368219574522326,-4.349374099951948,-5.4979694669332435,-3.507909961030923
20200317,-1.6056912236216618,-1.37026566070788,-1.2736239261564737,-5.509193486236672,-5.1185758800797965,-2.8696127214043377
20200318,-0.7654185475466961,-1.483561030536027,-1.812444124744704,-2.428411584959173,-4.078332455599958,-3.7709427592126734
20200319,-1.4585702341501714,-2.0169064947213258,-2.2165395015683735,-5.586878042846639,-5.7904067815374844,-3.3218619732287276
20200320,-0.22706993309168025,-0.19956789962081492,0.4612621768132227,3.8342255398545784,-0.398013352383691,1.3855309507352018
20200323,-1.8460160790855866,0.6563537326347737,-1.662578911306382,-5.363899242557884,-5.589395685450444,-1.6362508213764348
20200324,-0.8780204576481386,2.0723101617299005,0.31125772933142143,-1.131379180791184,-3.0320583751028125,1.009260291162837
20200326,2.2015184908340673,0.4382077628424061,3.2147962315189704,12.03309737658491,9.54600686752411,6.638320484483041
20200327,2.2265173142604584,1.2898474593611626,2.3515592789530837,4.364088833169115,7.646750341757722,1.6286366746055252
20200330,0.5708413849065188,-4.693557111559745,-1.1941269720238332,-2.4611510331252724,-4.79016339752021,-2.922772429621958
20200331,1.58154759725514,1.2209502274871098,1.3270259311678756,2.855970019381543,3.1223520313523445,2.7195570015747577
20200401,0.4894977919693468,0.0780045566957607,0.31772005985811747,-1.812671453236467,-1.7037126257591513,-0.7538560493836638
20200402,-0.4346218078225527,0.7219660216862082,1.2288463027868526,1.0037410865996828,2.842408354714415,1.0908638342919885
20200403,1.1854286490903636,0.8620502985467351,2.2901303297789792,1.8277590359709666,2.7020361643146216,2.49549656218204
20200406,0.06068296109025239,1.6507928108534262,1.0825698220978501,3.756281990747392,5.539017752656648,3.5871386307218533
20200407,-0.643210873777488,-1.8835648815722097,-0.8404386002209827,-1.1404799435188155,0.10313616467107689,-0.3871689372632473
20200408,0.7553863851970468,-1.7671861056468743,-1.264295163560759,-2.9015081218950436,-4.232280190651407,-3.8622364205125623
20200409,0.12224034398606352,-0.615024897357536,-0.3947307845885322,0.5659052882318688,0.5087184255213953,0.736495626308317
20200413,1.02443791641579,-0.8093410419967427,0.08877781125307926,-0.7021828566525096,-0.974383937719515,-0.19138210695584856
20200414,1.096133979046504,3.3485839286697003,1.4641567388402366,1.6496055507482066,2.427959395380318,2.428601436912725
20200415,-0.08297458081767334,-1.1749461583441323,-0.2218738709894685,-1.685622260562787,-2.66278348019177,-1.6073365064229934
20200416,0.15271607572176737,-0.9624535103305665,-0.4792124028955461,-3.3766735922642512,-3.7057081208313534,-2.497008686515573
20200417,0.16208953351742444,0.9632690501359035,0.5947103190666184,3.9652838166566786,3.255388357464263,2.519043297542473
20200420,0.2420399347992154,0.3771864242784608,0.187551910180987,-1.3259678162871944,-1.5013385230101242,-1.5884536757461087
20200421,-1.2941193630263998,-1.7000960196460908,-1.3028486776579296,-1.0686968194988213,-1.9983646877603363,-2.627448400605821
20200422,-0.04243482569187969,-0.10177193882333885,1.032869243470553,1.9136165741305782,1.5437403784616968,-1.5134086467859793
20200423,-0.8506332080915977,0.39575731099321787,-0.5248994373272108,0.6422158482113383,0.7526109408747537,0.8162828909424346
20200424,-0.3881453164499245,-0.5022201703908771,-0.3024806596922755,-2.173673121029007,-2.5830385640274676,-1.687492896553789
20200427,0.18259489553123834,-1.3099431589798733,0.40963544203835656,0.48711952371520245,0.3834569661744792,0.3741307405842288
20200428,0.18979409168677658,0.40170622351017066,0.25510114714100474,0.5004370235515704,0.10553699653280278,0.13129336417833942
20200429,-0.25257699833016667,-0.8403265972872187,0.036592181344252295,1.3057160386169517,0.1377412106767665,0.7024478341367125
20200430,-0.3424211317495879,0.4634013903557195,0.25766228886632797,3.2122951996052036,4.677217218217394,1.9303938992492478
20200504,-1.071400060635679,-0.2653376435917456,-0.9284020130744952,-2.3600665494560373,-3.104840942218774,-1.3509208044747663
20200505,-0.6568389959173077,-0.4384862388328837,0.07736424433908332,0.8574964447668344,-0.09244989671625585,1.0232649653469177
20200506,-0.15952458044777923,0.24869498779576216,0.8605734855333724,-0.7419602781671866,0.16050343381558285,-0.09664429172976745
20200508,-0.23590262100636641,-0.10437468256879094,0.16590246496093305,-0.7918456920330512,1.3368183017463018,1.3337083312800802
20200511,0.0730354865566787,1.3015261339075959,0.04080411171005999,0.6474762733073587,1.4095692833465203,0.6016851731117515
20200512,-0.5737119161494209,-0.2794532048829819,-0.5692753794691052,-0.6963466911638744,-2.450342957736692,-0.9750824179725375
20200513,-0.9205253892587048,0.27671610354998727,-0.1985933083806373,-0.9938414957864368,-0.5975655661656101,0.7381503461865043
20200514,-0.6128503667791889,0.029175630129365724,-0.7395120258764806,-0.6984777917642662,-1.2974450770503674,-1.9957293324588072
20200515,-0.5886158294682236,0.01812270137024692,0.43826356458775556,0.17218589878118973,-0.6869132817366455,-1.0057797908420691
20200518,-0.16593880782426984,0.5066553066650981,-0.6147600054951272,-0.1977398780656607,0.6735295459045251,1.3991349000029538
20200519,0.9980893577977944,1.1423444873777806,0.4231008028364549,0.6644663885722515,1.4593518176556008,-0.15950288654782335
20200520,0.8802685804587944,0.594989808987952,-0.08610808469597624,-0.2870553569592679,0.3747343690479504,-1.0026605604339098
20200526,0.7993015865129035,0.2640147585486487,0.7972627721019112,1.804082365708758,2.4761404469805615,1.594660129850066
20200527,0.6092971265564396,-0.029904378827542565,0.8437087678413989,0.23532769416162425,0.6473419295765473,-0.4574714342923475
20200528,0.21280008572246634,0.8933879565052311,0.43422994278344546,1.9128741604976436,1.5507796201233919,1.300922162233344
20200529,0.19212491455040942,-0.9525610873486436,-0.6328815446706614,0.64649160115734,1.6222723815993607,1.3328533698742
20200602,-0.6447194768142234,0.7948351333577605,0.25832859054374824,2.652352258118192,2.2340192022226266,1.1744778323357603
20200603,0.3675946828148647,0.6162621347090047,1.081955820761345,1.6505617077905426,3.2725150654262785,2.107229944274501
20200604,0.0992765805412971,1.0846543138120053,1.1123159445592745,-0.5882703298145221,-0.6731692382713925,0.10025308478477152
20200605,0.5018942764808759,2.1340669457565227,0.5191768443767911,-0.31646109695598973,2.8339723961913252,1.7074007828328346
20200608,0.271570457677438,1.1832443495348461,2.0216065180609406,1.873450788206571,3.492129645689799,4.46357560189141
20200609,-0.12888095698613591,1.087412111179643,0.07194105062545278,-0.9137999009253683,-0.6992789900598474,0.14825876749569936
20200610,1.7814418758295492,-0.6225466857358607,-1.4776816848493066,-1.7458438382931527,-3.4812234582933637,-3.968963321687831
20200611,0.17314997585574635,2.694429073650759,-0.7995068650175263,-1.0807371956188019,-2.044480697579515,-1.6690200629827683
20200612,-0.10058021474964499,1.3379577446081388,-1.0655058531870332,0.12991957998251977,1.181442567533096,0.5453077587080823
20200615,-0.466747204530781,-1.5719943771430254,0.7197534794287186,-1.1200928035633835,-1.8501236934149599,-1.9008349777393507
20200616,0.9412214432440259,0.6228541782309338,1.4142824841817703,3.3603176126705687,4.626333392246448,3.2655479157390928
20200617,-0.15682468824497725,-0.5997777635033309,0.08800332964454267,-0.09735403201819434,0.3696064324096164,0.47360064156117354
20200618,1.14108328265686,0.8794305968195177,0.396606149659717,-1.609419874681484,-1.2575811086616815,0.05089891054005253
20200619,-0.17096238741172803,0.29539017679103396,-0.021615738216178296,0.5660350916572569,0.4017844315270286,-0.24631719982804978
20200622,0.39126916251607,-0.10190162217695363,0.5109018786950092,-0.45627414021356366,-0.4856872037932002,-0.4502029184939366
20200623,0.15510298890888102,-0.3803004461799929,0.12460787457794094,-0.8799378942252316,-0.49983932864691605,-1.775568021429348
20200624,0.5123977343086408,-0.37293374035456606,0.39111430534407765,1.6286472484797583,2.3257922114768186,1.0996345167859538
20200625,-0.43121296989731195,-0.39199146134723717,0.08907744007202488,-1.3016822327181023,-1.2410623428834064,-0.8063706202903438
20200626,0.1703473933440366,0.21496077217494605,1.0659520213495786,0.027705730591489723,0.47522565936668915,-0.14886694255036556
20200629,-0.3131268197585264,0.6999845812271734,0.12168678719007174,0.2445642282706033,-0.7655214224806395,-0.3990774897763446
20200630,0.270377567004229,6.029528616536293,0.1746380677306394,0.36349401253775804,0.3913695942441206,-0.6101742466620574
20200701,0.5064090690714891,-0.8420733360795971,0.015340195936556061,0.11136152322262297,0.5238422769631828,0.08876792847862919
20200702,-0.07643875534386455,1.1179404861214393,0.6564083064157061,1.2606852174140037,0.8500713383221647,1.139479971990348
20200703,-0.5192241093505399,-0.5218088673756672,0.24684816007856558,0.2257412489190444,-0.22200346684850933,1.2224561440240964
20200706,-0.21122947428716113,0.339465143029099,0.800082090349374,-0.026555845682240314,0.9342269345661127,0.5638651385320822
20200707,-1.2661624449419822,-0.5639223256117462,0.006232673183826744,0.09079956375909953,-0.21341306082076064,0.8787348419788896
20200708,-0.7504276317516632,-0.49360485640732,-0.03438714169958262,1.8340742583802798,1.9483524908728738,2.6699321449139144
20200709,0.7526272410222247,0.4080646562961931,0.3321336205842091,-0.7464225256425248,0.0223564987254948,0.011844992993840292
20200710,-0.20030944715320056,-0.09296396403200105,-0.6539036497689446,-0.19133168502555112,-1.20231141634702,-0.13142260030078398
20200713,0.5694125112808871,0.6635521109694804,1.1609062030652393,0.24621056598507093,1.6495245136917187,1.3943299040863717
20200714,0.6632500118281481,0.37696256174521325,0.3032679759663927,0.4829043782696339,0.21351980991020045,-1.7040575347766078
20200715,0.20806123893536668,-0.141905619930277,1.0373981007726185,-0.4018392572539735,0.5588505934252017,1.2824098927152205
20200716,0.28541967304847593,0.6781044881767088,-0.3589417790437888,0.41865472032470696,0.8208909484136192,-0.38494781440228315
20200717,0.17662311142934156,0.018898133124922372,0.18781220730056822,-0.4503635257550758,-0.37244230181586196,1.3417576973655843
20200720,-0.5340836369816662,0.03797396749023991,-0.60528006739614,-0.2745919591052045,-1.1519902025164765,-1.1082442777753636
20200721,1.0671173511436733,0.4157310409257318,0.6819745030858888,0.8201582291169861,2.452525837646657,1.5995507634983819
20200722,1.533144311087341,0.8466565705021427,0.12044937226373975,-0.35263007579876926,0.5868341455704439,-0.5836534638726659
20200723,2.1015453993425064,0.49336059373501484,1.2482168108273282,0.5865105683525199,1.051937327417812,0.31412362864409094
20200724,-0.14584250443475089,-0.3957661772945035,-0.2396490360609733,-1.1390541795744393,-1.8166754950126052,-0.8551568096084171
20200727,-0.2516223909050705,0.8078870012048196,-0.2563240364201343,0.08439649929942993,2.046933051334152,0.08387689880644122
20200728,1.1019005874668384,0.7051559373915794,0.5243020566644846,-0.1984350597918224,-0.25622193194834947,0.16323263743827515
20200729,-0.6081019503570997,-0.5285819652415528,-0.4826289158369199,0.1532655474212681,-0.6301010440892028,0.6127066853682129
20200730,0.39267563247612536,-0.3141102968404387,-0.7791895212664188,1.2290044460745868,0.44056842749108016,-0.8014909768150554
20200803,-2.171520298492452,-2.5020310576496763,-2.487192921824892,-2.3129816169885875,-3.932564921181908,-3.0675399466447564
20200804,0.180383261553311,0.28747311991834323,0.9556077216827102,1.242142130698624,1.5199182209858553,2.819842643233557
20200805,1.5542178436610348,1.7821766378276513,1.0837064753345205,0.6593902363354751,2.239281836643945,1.0422201746856166
20200806,-0.3619686733743521,1.094564386103291,1.055263869812861,0.6292257617785274,2.0429166211687173,1.450042366114731
20200807,0.18621681586403555,0.2527990755820912,0.241089445292663,-0.9297410264081908,-0.1510260170989663,-0.5105908968040166
20200810,0.4268079672573934,0.3828123843872847,0.5715031351312525,0.05363917134743668,0.3707324423630152,3.3813550031326094
20200811,0.17488145973221203,0.16790518306280525,0.3915705052650147,0.46875220686251795,1.1116955512830125,-0.11109209291297437
20200812,0.24427471900955663,-0.17712176847119707,-0.2946773293091021,0.8661900476737406,0.7669877021537248,0.5820726521820923
20200813,-0.5448608431647427,0.3385864463571552,-0.6128312344808617,0.17606343967731877,-0.06227909538804295,1.2139255880409805
20200814,0.1479513957222541,0.2379974115431218,0.14815181572362582,0.48299273220749445,-0.0517604365983163,-0.9233567857321037
20200818,-0.23776749457858926,0.3559757174258302,-0.14511691011345518,0.7647076638692075,1.3790116816849272,1.1043302646995201
20200819,-1.01564218199251,-0.18171857847957607,0.3065222274956389,-0.4425479844544458,-0.4305139135821993,-0.1848182988754724
20200821,0.0,0.0,0.0,0.0,0.0,0.0
20200824,0.23444311991176323,1.2147628131746782,0.6204908974632292,-0.07023833869947459,-0.12916292261198023,1.9043074188807099
20200825,-0.023163867290898654,1.1741224649955342,1.0241201848741817,0.9692859697466335,1.6280026587215928,1.2920368410949572
20200826,0.8609305229510067,-0.1975177910347744,0.4595226599352787,-0.2714298206433964,0.12090841062278682,0.7265504346790972
20200827,-0.2646398091211721,-0.4182923126883042,1.8242809456814442,0.9416028009140232,-0.10539465888587225,0.3634574123422312
20200828,-1.1665913114069093,0.10151138539396366,0.0412287239471108,-0.5339812281642654,-0.38275055179972867,0.22492730022189641
20200831,-1.065173162720594,-1.6940284294863346,-0.685902162198646,-1.9623996616222747,-2.6151257465761244,-1.6825724375643372
20200901,0.5935472186778751,0.19567098916134537,0.2676417387341369,1.5609302625473722,1.4470040467180716,0.2964424037858311
20200902,0.40351125650816955,0.7100510025897326,0.37446263802625596,-0.179976587687312,0.3835663639401712,0.12912076933254468
20200903,0.013952852292630578,-0.07639233522384875,-0.17546288901218637,-0.33957855991355,-1.2016815427031624,-1.4380588007089685
20200904,-0.08714885262058944,-0.44209878338501846,-0.6515901630367437,-0.6899593041625454,-0.7820767095449351,-1.1601557840183427
20200907,0.02756352151558404,-0.36000630717689064,0.6950691908319351,-0.19280735118415018,-0.3997487274622681,0.9431340483514051
20200908,-0.9076856231554185,-0.3586677601303753,0.4478084931327188,0.1927066405303565,0.3561997102727091,0.9466092708763625
20200909,-2.136643977680303,-0.9064080112909205,-1.0798740703027376,-1.2377724887182977,-3.022717962366974,-3.002833131115887
20200910,-3.104496698518823,-2.134032471158269,-3.6201587118968694,-4.851685838430362,-5.885711907231547,-5.092941257993258
20200911,-0.5254746409211314,1.0200336641081205,1.0701314033212632,2.781448838757177,2.62129918150107,1.6441157373155095
20200914,1.9930717683447845,1.0358433790765136,1.2501394544826845,2.844239904525727,3.457597172502553,2.316921773452971
20200915,0.14887935333538124,-0.9288060115605953,-0.6766169523859301,-1.5577985149091818,-0.6504455394403741,-0.8821190109509771
20200916,-0.016929198399754247,-0.4941708441439969,-0.02476669143367369,-1.0739523505357205,-0.8597965657932779,1.2442472114894394
20200917,0.6792738913719063,0.30770312954674484,0.16920145457611935,-0.1339724090297115,-0.9160065728325464,-2.132320705737019
20200918,0.9494439984907996,0.5077166627694515,0.3328863900662575,0.31557325058025676,0.2618829371376692,1.8816658754824607
20200921,-0.8528038998769647,-0.622817340080287,-1.1867262654149042,-1.087412276556347,-1.552098256019315,-1.3875086854251013
20200922,-0.6082180375863034,-0.5872599020215751,-0.6618933501192479,-1.285488775840847,-1.6530567034923598,-0.3294409172935401
20200923,-0.5537714922318897,-0.4965487840321457,-0.2039948198220578,0.03001293247280681,-0.881926487181041,-0.6143395559886944
20200924,-1.4029252978923834,-0.35147611781794114,-1.0117723811306087,-1.2476557077542239,-2.0319031161962227,-2.1213478571841726
20200925,2.4180295703722634,1.8757542008103498,0.4502071215854931,1.7983366985051041,3.160099573568752,1.5565708769370896
20200928,0.1709931130976202,-0.06830424491354835,0.3696630462325321,-0.6814920717275464,-1.2682467287013446,-1.0620778085729101
20200929,-1.2383354579734285,-0.502728656705392,-0.028528994426455498,-0.45108474039521756,-0.9658458787395987,-0.18072239545528898
20200930,0.3205162623425988,0.3580033341845808,-0.2275620775138935,0.04145025777963024,-0.6411167490143224,0.6430380004111934
20201001,0.8945211207480064,2.122226006466325,0.7803310164706051,2.0929029653674798,2.474716176869391,1.0524090759111542
20201002,-0.6888132544495708,-1.0288290182201665,-0.06142375119825657,-0.7314574239013706,-1.0894317994270666,-1.4200378411433785
20201005,0.11116878611968188,-0.022120202370783965,0.5909789856441071,0.5966330713386352,0.7780899402352682,1.062929481015996
20201006,1.4487227415154889,0.7439167014758816,1.2048080319446535,0.5202059850565057,1.4645675898222112,0.22061204628930248
20201007,0.7092158645655268,0.539303349161029,1.127015250197447,-0.0018366951137077057,0.18850665304062555,0.25392257597561085
20201008,0.623275427916309,0.09481231449550324,0.18941222713330988,0.5885536278388046,0.8056908880727055,0.8403063760866863
20201009,0.9697006332184873,0.40474209459235744,-0.023792170756758504,-0.19924086768494279,0.7572422013957217,0.2916582522014317
20201012,0.3272690442893766,0.33102070760706065,0.4387035855884366,0.35156939106312823,1.1321838630836147,0.5522213550163912
20201013,0.5291545717191883,-0.1212930447239666,0.3258780230629471,0.3737816273561063,0.6920516745081792,0.9395709498295064
20201014,0.4687905721290818,-0.22139557059130646,-0.0688222797345735,0.6341226395020627,1.5315326268193727,2.1890895961437002
20201015,-0.1109401708527052,-0.0505873117497416,-0.3744226624204192,-1.1317220511437898,-1.9297671546131576,-1.355259999114936
20201016,-0.4063778288864164,-0.11404001503478116,0.7201646481174137,-0.3675781846019642,0.8967806718991231,0.5580683138100458
20201019,0.2989866437504105,-0.26591334211968753,0.39495289604817485,0.29048429194061837,1.088219210690386,0.4712301313615407
20201020,-1.4440166389348041,-0.1601092805686396,-1.0115831777924444,-0.7467948319374437,-0.40662535161140445,0.0531645452967543
20201021,-0.47827846081996434,0.14264568912806247,-0.1869454108343588,-0.17648432277321174,0.12511327229833888,1.4764010674446817
20201022,-0.5063232131375025,-0.3926863005437992,-0.2619992841136304,0.3095121222795639,-0.7450446708935211,0.1275254369795375
20201023,-0.34494169635227323,0.01513941681136496,-0.3454160277412779,0.33112040849530655,1.0019218470249387,-0.9388608835478387
20201026,-0.22926069050091666,-0.2790003892370957,0.6116947425354723,0.6388663100697406,0.5977744545405276,0.5909137672467779
20201027,0.5219027122484419,0.17840973318944126,-0.2210673939466079,-0.4112209779943131,-0.18814766289593854,-0.2699535881754724
20201028,0.0,0.0,0.0,0.0,0.0,0.0
20201030,0.0,0.0,0.0,0.0,0.0,0.0
20201102,0.06923479084379859,0.09959437187183248,-0.1822077706268035,-0.3862743114318948,0.21676837628872495,-0.2277235183566271
20201103,0.15060348064072643,0.4552870057888665,2.1636945821985996,0.6777216392151234,0.9530650317246165,1.4155573394638088
20201104,-0.41166558043122375,-0.8015091577230229,0.37568366813841675,-0.7554779442801718,-2.076318731793408,-1.1369325890906834
20201105,0.2564517190281167,1.2905717401713608,0.20901190360225202,3.5649794989149513,2.6431119792043294,1.9327160703862347
20201106,0.13620058847856392,-0.08484930014434114,0.3282483630985581,1.3222595755983448,1.9005363562409436,1.5641180326976847
20201109,0.43872252259709,0.4285309401643885,0.17930481729906764,0.3646331134992964,0.29887212689281173,0.1309027250739088
20201110,-0.38613604496169135,0.7934003234232012,0.5687252022799221,2.1730261819605445,2.102681628298932,0.5323275538672072
20201111,0.5694992128252421,-0.12092288607467219,-0.3727454056473239,0.8087746289003347,1.123936670057773,0.0711988649395212
20201112,0.32681811322537696,-0.8278817830037614,-0.2245825587129329,-0.9982668442593323,-1.0841303913561837,-0.02916064346034488
20201113,-0.9209965834121138,-0.23261474470181268,1.0246465994537612,-0.19045801236170637,0.19788722200088146,0.6119692047787632
20201116,0.409882352723872,0.5242073038445084,0.3757923592140384,0.46668085792708924,1.0605304325836813,0.4654922168700445
20201117,-0.5687488595568789,0.6517954687791602,1.2001334151059644,0.8680394508403543,0.14745122936621627,1.248031816080337
20201118,0.6713204259351976,0.3689861608367703,0.4017339819755866,0.34276335007360226,0.9543314014908011,-0.4126639912897502
20201119,-0.38433122782832724,0.33985175177672167,1.382691428179022,0.5083170455009081,0.7102434641898645,2.569865806164373
20201120,0.6775344244433336,-0.1866360298179989,0.26438087632176444,-0.4009000300571787,-0.5394524869516657,0.22336201360863733
20201123,2.185801600499099,1.5739983359411043,1.58511818720578,1.2022440627041227,1.815091963327566,2.3307340029544097
20201124,-0.2804568161011058,0.22687582250717966,1.76741171247393,0.6287446376267316,1.0768541086595034,1.8838630548698752
20201125,-0.5555874189856272,0.3801262815730943,-0.025488358733536273,-0.5447888741289776,-0.42228412047231667,0.04415017699060957
20201126,2.207920981677293,2.013841459361929,1.551283482182605,1.2371219061731193,1.84033078227725,1.4724956495738157
20201127,0.9649807837090806,0.6992592280966785,0.6212194618252921,0.07602451713875132,0.6538775043688703,2.8055181121183574
20201130,-1.305757408627635,-1.120483837635412,-1.3800623485244894,-2.9088790396503343,-3.576612663108121,-1.604009357667549
20201201,0.8998951476014566,1.4747492306396686,0.4686836926453732,1.9308383139934584,2.5097928599274963,1.4435539521039438
20201202,1.708743812103938,1.5561656916089939,1.7467331354625213,1.1895995598475244,2.8186888578952525,1.6739305043785402
20201203,0.13025556662362683,0.5481246320976336,0.11020701706179038,0.23166460369833802,-0.02719035501031509,0.04812683378003391
20201204,0.8653633835218423,0.1881832654836843,1.0727219585951375,-0.539767073948783,0.3036417470685229,0.8314935591618803
20201207,4.925330786465973,2.475519561540259,2.115162061801505,1.4833151195009564,2.68069444616671,3.376463038558925
20201208,5.950992714039933,0.6328715808681656,0.5671742535490898,-0.018715561627475015,0.10847200183923368,0.6290711157375766
20201210,1.0734779410594868,-0.10667597592221759,-0.191436991136182,-0.46082721394316467,0.494630558831677,0.8233031049251814
20201211,-1.17208450825207,-0.20116795677112587,1.0443983536408687,0.28905379616322774,-0.34035821417472945,0.13410628344684652
20201214,1.3964396002210815,1.0723762783428765,0.4914932949564443,1.0199323735416723,1.7532356731132694,1.8730720635911924
20201215,0.6904794214124256,0.4944016848022267,0.6738609804072818,-0.17565216608236808,0.1988134530245796,0.340602825457075
20201216,0.22942004216788345,1.5079716297343693,0.93595243140101,1.7065485809812448,2.4143432792258555,1.0886356356491966
20201217,-7.84599677671411e-05,0.6472877796122258,0.5071738267961052,-0.5881688574443681,0.5163975380582401,0.3229271981491329
20201218,0.1525354213320977,0.15157779079609945,0.7712541591322629,-0.5457442182108552,0.4119410362581162,1.5614171027316093
20201221,1.7921382166930295,0.7484172165577357,3.707127384605185,0.6105910672200605,1.5694843047565625,2.0594420275329854
20201222,1.0523936126034839,-1.775901617025048,-1.4087554716794743,-1.8635124322843093,-3.547995253296695,-2.77189311921623
20201223,-1.6162669348598675,-0.12220343786933283,-0.25886970817152005,-0.03290022351444606,-0.6342462168738623,0.8613878266513114
20201228,0.9513309525761293,0.9994543110363121,0.9123438605458963,1.1076149091146978,2.0759457954554468,0.6299317746767656
20201229,-0.6196885812417109,-0.4313643343609136,-0.2839264348841475,-0.8033911202767995,-1.1519117838194295,-0.5150069721024225
20201230,-0.5837650168276205,-1.2680120957720273,-1.90529318793819,-0.45210709673886884,-1.3631713625618724,-2.0749781157093787
20210104,0.7178315134688622,0.7747182243966803,1.6202091631174527,1.8104689120450757,2.6136577391674543,2.1054140623425526
20210105,2.123893491679476,0.6548016353660963,0.25128804218680456,0.6432173029608947,0.1630705890273421,0.906350161826199
20210106,-0.5983537286059589,0.8974095598873303,-0.33023977083750783,-1.572240280982472,-0.8807697040542373,-0.2674990700751597
20210107,0.9738533381570537,1.794772200841253,1.6351688267967912,0.9837690453689578,2.186254436968328,3.3062255872258
20210108,1.917378162688758,0.6315218039132698,1.1760268320901368,1.6966520209306686,1.9471923239726747,2.885445799274587
20210111,2.8112219496409616,1.7620886652393988,1.5604514088648649,2.5341400278980757,1.4009317624242872,1.371414544774817
20210112,0.4591884925083935,0.13986872277736365,0.1757508691355376,-0.4045831910245881,1.0528077092975174,3.370107775997798
20210113,2.4262542824527333,0.12487172513269207,1.557040036026077,0.0035782206475058185,1.5354937047976867,2.2747460072007306
20210114,-0.7687311207597244,-0.4240346261509809,0.17151618516472056,-0.274270586875594,0.17583226654841036,0.52912260666057
20210115,-0.0931997056597533,-0.8733858770916765,-0.5912537378046996,-0.8440172963440051,-1.0231834212449147,-1.2945202031535203
20210118,-0.5097639028930062,-0.9615955135141894,1.3095255894335285,1.1678580200372797,-0.7206166519176284,-3.203203754102421
20210119,-1.8955538134941816,-0.5433722047592755,-2.2842196611051016,-0.6673753198656441,-1.5667362950638752,-1.6754730815819754
20210120,1.0234669252995083,1.2966342826196562,-5.30240825412542e-05,1.0230243847856706,2.9448034878360305,4.3191819604863255
20210121,1.448076899624497,2.40542827584495,0.9510833055748733,-0.25930742151093955,-0.3578652585667175,-0.6102580456933863
20210122,-1.8189571934618307,-2.339118680175645,-1.6886477885252857,-1.0880368633974506,-2.5407034136136635,-2.593343125771204
20210125,-0.41724192742131394,-2.002565846887676,-2.55981397934532,-0.32970241995477323,-1.3569516856525825,-1.3710003297482853
20210126,-0.3957180447740052,-1.1898610876172246,-3.3045034179802806,-1.5752369727974718,-2.240739679385303,-3.452911578101619
20210127,-1.8948594484126102,-2.3180656146771805,-2.602461378349448,-0.23960061965953774,-0.7055681159774712,-0.9777509150573352
20210128,-3.668067765805958,-1.813963020902902,-3.1312487487668856,-1.5967573016986993,-2.9672542046792647,-3.8180386710258087
20210129,-1.936460269172061,-0.5874021674217523,-1.3770145190406298,-1.901577167105854,-2.6265183765786,-0.762139730752347
20210201,1.4985547222871471,1.550094728012165,3.0335966393458604,3.116551073627146,3.780849456035458,4.994388694382139
20210202,0.4638019934071509,-0.09688022336148855,0.2968600379218803,0.3426553138835686,-1.873277169120408,-2.4404720699598315
20210203,0.884582276067623,0.32404217037056643,1.0570780405007343,0.11399431448480882,0.47470186849700663,2.025008249081821
20210204,-0.38553329260285757,-0.34266463874800085,1.1652256037005768,0.3107707810925003,0.9364950569776919,1.8989564220959505
20210205,1.604048383688085,1.3947251099457545,1.2529696461774968,0.6380839691557758,0.646093379997502,0.4331895204571305
20210208,2.643533733401423,1.236876009090105,1.9033741382808431,0.021228404813335402,1.8341189415022359,3.197419033462926
20210209,0.908360917378555,-0.41561544298835085,-0.3592237462846695,-0.02649032428603033,-1.5448628151710753,-2.1292153300572316
20210210,-0.5503148065494997,0.3986443709237553,0.9526137530755402,0.05246447163464147,0.49903289518432775,0.6963362384443889
20210211,1.6149905893323788,-0.14237102294851184,1.1672849848818423,0.2608241347058615,0.26761371971855874,0.8662234370911379
20210215,0.18588610176103326,0.03071003151984628,2.187090298878196,0.33440005197475015,1.008876546549707,2.715711132934006
20210216,1.5619817758658343,0.47459829163305023,0.8878331580442255,0.2811968405859726,0.06077824675183703,0.6486519343452543
20210217,-1.232506301252747,-0.12267747639212576,2.4476290840470405,-0.6205322700063816,-1.8922610089129308,-1.9843491872015058
20210218,2.2424288678756117,0.11552993964172112,-0.6401731646952831,-0.4136213736412493,-0.37635451621323923,-0.9730654429128106
20210219,-0.9310450640155941,-0.12870189925129785,0.23596234993310491,0.7940862107532309,0.6000812084102926,-0.311938075248236
20210222,0.6056898999988566,-0.6387440295002516,1.0949847287477583,0.1904936369092328,0.6665521502866661,1.2737433707084833
20210223,-1.1998020557428466,0.8068903271279465,0.4736216856624489,0.5300432897139872,-0.32348993299176443,-0.31893043612124894
20210224,-0.17315433928604254,0.664761853757251,1.7519433243236362,-0.6538514816435917,-0.336847266952685,-0.7187652394669888
20210225,1.0045188985354596,2.0799377979949756,4.262814856805266,0.23570300312796363,0.4252446161957183,2.353841068778789
20210226,-1.4582237141659482,0.37104252195850534,0.5601457051673151,-0.09403845305049015,-2.0749837405391256,-1.5933439320547576
20210301,0.25303502540717193,2.8622937994177446,4.766391933935462,1.2499982673537553,2.5273644299861338,1.1839015800845576
20210302,-0.7648112283427796,2.87117339198535,2.6435116811023756,0.6357732923460351,-0.4741501045863684,-0.41509005923119136
20210303,-0.30558264570933397,2.0208163815195372,3.4126199138174496,0.08293359974203844,0.17103448122628473,0.18844156102626494
20210304,-1.0731562098704337,-0.8404170729179079,0.1775775256696222,-1.5804206418710192,-1.2497044302642473,-2.1947652932954322
20210305,-1.5739485166642218,2.521420925232498,-0.09414359681268566,-0.5513894937725948,-1.5300542382145792,-2.0298780512587777
20210308,-0.449580305119727,0.9603053348843869,-0.31982654330383126,-0.4689870702791074,0.3288492015084953,-0.004547688723106605
20210309,-1.0839715464248212,0.01987747588511857,-0.5211530204815823,-1.0727137181847213,-1.0774280735382187,-0.5711416293106267
20210310,0.8576307805362315,0.007162023977510326,-0.49204485645299845,1.5521519760112201,0.1380823379768168,-0.5396409373752986
20210312,0.8840430790987039,1.088482082030744,0.7014036913147355,1.237267621556966,2.1910451305581455,2.476907299173306
20210315,-0.493798192368674,1.3489042572214993,-0.018540652174614244,-0.9690960350407646,0.02633865167425133,-0.22479463139536676
20210316,0.929375200468821,0.31113363269378963,-0.676993905365234,0.07868864780861211,-0.4713704023693381,-0.28684023309780715
20210317,0.40171077706484926,0.5457494383004146,-0.7709315576711897,-0.5305700245796178,-0.31599044129099985,-0.2678566667721909
20210318,0.08130949937205098,0.3766181330068319,-0.1691432823148772,1.1952527182763628,1.5945649598899194,1.609311290752247
20210319,-0.02844359752348896,-2.002225326975203,-1.016768321682494,0.6205854366261152,-0.08158375780584706,-1.4844231059496822
20210322,-0.17080625572529462,-0.7670902838091289,-0.5910874674484726,-0.9957620617989071,-1.1857420193617658,0.1966922326639462
20210323,-0.7914443621229011,-1.5395580896689072,-1.4592367619593452,-0.6473843341796323,-0.46081259311027395,-1.8762606109940554
20210324,-1.0777656233042128,-1.8596803431454045,-1.3633506996064657,-1.1453081868597104,-1.775759438214081,-1.82766842140128
20210325,-1.391780565661203,-1.3550988530593115,-1.6731941357573583,-0.4155518996543869,-0.13630699116434633,-1.529787587880836
20210326,0.5341434886382227,0.8943081230845464,0.5242235437261831,0.9471168040319411,1.8062114130667377,1.790555175636631
20210329,0.16179764903121388,-1.6406298268832775,-0.7776260100035821,-0.04328836627760184,-0.9058230077581232,-1.434471279130514
20210330,-0.46346446462269214,-1.4220482611277543,-1.0885392118306099,-1.2728035618464866,-1.7263641111907553,-2.765865981631049
20210331,-1.9467207634586516,-0.6294210140847953,-1.7649191932772688,-1.2079375862217225,-1.475506981422928,-2.5810313491608112
20210401,0.026056302215338608,1.3873007108317814,-0.423707311848949,-0.015183764353593327,1.1976649161988802,1.275201076661352
20210405,0.3345143072586791,0.19320394512762953,-0.7588181258582218,-0.9570598184182478,-0.24981036545609014,-1.493304828383621
20210406,2.446738177560653,1.0841106427669747,-0.2332941699502437,0.4206901981615057,1.255401007373092,1.2703974160695937
20210407,1.3402355775821717,2.122178699939537,3.4765715454971815,0.5937057309294728,0.20365916722402014,0.4197030558335425
20210408,0.9833868234742795,0.698360048233382,3.100567675322572,0.5124926304533541,0.5349007115425405,3.0187000993317845
20210409,0.16386120989559966,1.90934506749839,1.4911617229338758,-0.12474834191709058,0.18021680140116345,-1.655331451839298
20210412,-1.180115738727687,-1.1313582673431413,-1.6635077790515707,-1.6446331968546093,-3.01103255973952,-3.3739300510763064
20210413,-0.9959730707910165,0.4009808050636018,-2.3701404306102933,-0.5793917024198104,-0.08004122429555525,-0.07502281439223354
20210414,1.4957030558214763,1.5974184295684288,-0.6606083514080494,2.4129004881035567,1.361630570922257,1.378794203321019
20210415,0.3711474313689479,0.8492500102335501,0.1913049081504969,0.7681994876633177,-0.2360748813570059,-0.7555729043820183
20210416,1.3442116105616133,0.7203878563716658,-0.7247681173828614,-0.1604214477773462,0.29008135529259493,1.4580561743597027
20210419,2.954821398742064,-0.6012220327968489,0.6191644366290755,-0.6752924227559761,-0.3998757279998249,0.27660221618561676
20210420,0.6370989707573255,-0.31368929063814155,1.086958694368841,-0.43779539528838085,0.3325628169986954,-0.510255733810316
20210421,0.5021756499333069,-0.04699777835390869,-0.11742132366677278,-1.0235592749247329,-0.4304865075197011,-0.6702533280806697
20210422,-1.1848613078136536,2.331844632886003,-0.6554502428297667,0.08485177186960892,0.017699611514083315,0.08405045057532215
20210423,-0.32909669026075644,-0.31106426697707107,-1.1203619528193023,0.5722120111463139,0.5275337940653334,-0.22172873985152602
20210426,-0.5325390206868502,-0.21307292404277742,-0.6704763170761256,-1.1012560513924379,-0.45457056286356495,-0.5597197171618867
20210427,-0.8636954629030142,0.6117425016966309,0.0008562234795012802,0.04565662593874546,-0.25893554487075,-0.5815078178452022
20210428,-0.3408782965621102,0.68746198339401,0.8777895675033112,0.1542480162565654,0.5206295381349366,-0.42922723882991337
20210429,1.0883099167173709,2.055762098276624,2.9524088744378263,0.5351148370959292,0.731149981545252,1.1456694558986116
20210430,0.09417260822196097,0.6731816273595567,0.34573679064086804,-0.25705442940044587,0.048999972733957536,-0.40988855213440745
20210503,-1.121560079725036,0.15406927003995968,0.6146398290723466,-0.733700596375147,-0.6678599771111042,-0.9112448408061558
20210504,1.6218913333552725,1.385865445908201,0.41225658659908754,-0.05390498184321843,0.8001615876166669,0.21854185474293727
20210505,0.2185364720784833,-0.4913398176391746,-0.4634224193164717,0.011226681923501852,0.37607793397161116,1.271548891912781
20210506,0.43979661700257516,-1.1496482455194366,0.44910696519065246,-0.17804128132761257,-0.23754379747758805,1.1642058264048523
20210507,0.5187895059306997,3.2949963183855027,-0.3299430172357635,-0.5937393605437693,-0.9571522597982665,-1.9440102175055558
20210510,0.05539296146335191,1.8903973436070993,0.34296481609060114,0.5215909971555351,1.4083453952946527,1.5501049829691942
20210511,-1.0203589743998331,-1.3462735925275704,0.3933469558735193,-0.5156666338422015,-0.956869437135598,-0.6302462628369667
20210517,-2.246736799446064,-1.396872588639289,-2.43088390309676,-1.340067322226915,-1.9860629003784591,-4.408922137826375
20210518,0.07972121919053932,1.4118290654473926,1.028769915513059,-0.32062079007010036,0.6845076629708864,-1.0635413639235538
20210519,0.04266439057792108,-0.8056372766025922,0.16342712493763828,-1.0326860061656673,-1.8372669254964658,-2.6282413928339343
20210520,0.14055549499291312,0.07261187154702466,-0.19828526698291452,1.1459476169476595,0.049868563839725176,-0.040997768155044134
20210521,-0.35607962004861893,0.9861407498635603,0.30917680457745295,-0.3715876466565931,-0.5980383095606212,-1.4747537262307988
20210524,-1.1196521711299676,0.2875652811384654,-0.21188910009284798,0.26834046552778823,-0.9902996157441982,-2.12879560256399
20210525,2.0211502071757637,-0.14802055974253223,-0.3686994145097726,0.706398763945773,1.2882309470875826,2.142327553117092
20210527,1.3154130094581138,-0.4062683079585289,1.3412572298192937,0.4961501293302202,0.2867648356021476,0.5697171139007284
20210528,0.3753422692120679,-0.7470668637589132,0.6179992725960461,0.1177931325426197,0.29014995843687313,0.04928354301081722
20210531,1.7554332808913362,1.5205574394080237,1.639894704715213,1.8264413440092948,1.7545235627870945,1.5172886454695989
20210602,0.6221110291686738,1.4556845299049967,0.6300947378564467,0.823364228341495,2.3553172887971066,2.5626061503309363
20210603,0.6584891265600407,0.7676356748488244,0.1468540661800909,1.1394823653947816,0.5038427780994506,0.7086723565884656
20210604,1.8214930841840262,1.862953400179242,0.059301261817115494,-0.47924303728711243,-1.372932498624517,1.6732821457479958
20210607,0.3121331613776655,-0.13442407827781205,-0.3022232301855864,-0.12962288233455785,-0.3965913516747091,0.7723240154386904
20210608,-0.4037325500776219,1.4801120954622045,-0.8646616645322104,-1.3418678974252132,-1.0235689107026467,-0.9327382026914627
20210609,0.5324903495185971,1.7268785324682319,0.35961914007252843,1.0642030961575084,1.052074184239749,1.275391243167942
20210610,0.028527895078441466,3.1749662658208506,1.584494195901006,0.9716833558310309,0.5084824447465024,0.9790733422909071
20210611,-0.15674646914013934,2.8169312893745686,0.33089716524964763,-0.6288295265171246,0.3737143807873992,-0.9383442444035623
20210614,-0.6233363683328647,-0.08356525797282963,-0.5766766224575506,-0.4567966691824803,-0.5800869650083201,-1.1115852639029258
20210615,-1.3913271426020501,-1.2146647935133128,-0.963054515462933,0.606077949014465,-0.5349482693408909,-1.4790495725100248
20210616,-0.15401337365682485,1.3211869332540513,-0.4576861197577219,-0.9304002928879537,0.13793580505765604,0.20071885203709008
20210617,-0.0517225449472824,-1.479442581026552,-0.25178826232806384,0.03852195267011856,-0.634682319926021,-1.1044745659724549
20210618,-1.0068073007692115,0.020615191258959522,-2.49619332886577,-0.7162300543845287,-1.3928217085270365,-1.5257460869786619
20210621,0.7527254443982218,0.6674641679844554,-0.9622541561137248,0.11586663454536181,-0.8728167322541235,-1.536014589837196
20210622,0.35901092239731586,-0.6739407210856969,1.5215364393125541,1.5532486378079418,1.5549931875090532,3.002297791124246
20210623,0.3355654999831509,-0.3539393060483649,-0.03618169141036144,-0.931797843709524,-1.2808319347437969,-0.6856865119678142
20210624,0.1939917258665782,0.09315402874088609,0.9329140376115923,-0.29410438207453066,-0.34138615535551137,-1.2290784926605873
20210625,0.7377413955434107,-0.35496567713628197,-0.10091555610975335,0.11855219305370306,0.2529428900576331,2.527662900556084
20210628,-0.23333121200159435,-1.6938213969386118,-1.851342649251592,-1.3640794296420489,-1.9133367654325353,1.160697809311922
20210629,-2.0201946275982086,-1.5665434556656108,-0.696720409460495,0.22795120738768596,0.8693809621631139,-0.7854906648323631
20210630,1.1630977486668603,-0.5477255737263939,-0.02267486262862549,0.10736359157082417,1.4947705064844656,1.7113394100022228
20210701,-0.043897757118673796,0.4406541744518061,0.6341097062127486,0.23809399497325445,0.5833673879856747,-1.1019740967131697
20210702,0.02049278615770587,0.43531230179349545,0.3061998764333873,-0.0396439511057202,0.5702568873027225,0.6912033016122835
20210705,-0.7066401200403605,-0.4627528849154761,-0.005350820885575334,-0.06227699997450746,-1.2703113999017022,0.04823005598876987
20210706,-0.6632999755552297,-0.0184920848788209,0.08967806741772642,0.7173788272550844,0.6785673661367745,1.7176527126958034
20210707,1.6824202088840157,-0.1055610772590648,0.6283309561843207,-0.27274154023149916,-0.015063922127243288,1.1427715170436337
20210708,2.1408716366977036,-0.4498788823702853,0.6609094924583346,-0.18120698115629338,0.09988528732985126,0.17451332865857958
20210709,-1.2108180753486693,-0.7118275206660098,-0.19716777827775417,0.05460779200173308,-0.02909887427914159,-0.30304424593594026
20210712,-0.7095186172252894,0.9694265270305672,-0.4394414466415793,0.7284051926159906,0.4299375134321793,0.38862898541148827
20210713,-1.2913213896124578,-0.10840552317446606,-0.8276368130255028,-1.147112007349463,-1.2644813431770203,-1.93488847543552
20210714,1.0029124519593802,-0.06396546676600594,-0.5754671299064894,-0.2644668973092329,-1.0384479271977574,-1.3619788968584945
20210715,0.7539317598560598,0.6203973452160532,0.419638362396337,1.2262261330453086,1.3449250350788322,0.47688644664414476
20210716,-0.3360835947624141,0.35059276743992224,0.7712382893992771,0.43181909638311466,0.8184431349771655,0.13427625432318996
20210719,-0.046174528378676374,-0.46052580248817876,-0.4183826020272178,-1.1252474279188498,-0.34548054878836365,-0.9113664291473769
20210721,0.47143471597920794,1.041833001171771,0.8276950610634181,-0.18476849798379438,0.7728576443491113,0.573306257824626
20210722,1.8046200507423154,0.023387120856415814,0.23626137178286905,1.7125762710396315,2.185014915409992,0.6372336897752028
20210723,-0.08315063748726158,0.12059048180868578,1.266425177444486,-1.0044917737249404,-0.1755237498529848,-0.2516050544908437
20210726,-0.23346109400332193,0.4865563242236227,1.5436367845707555,0.45431537903943725,-1.0269935345540178,0.7025081167951104
20210727,0.8927176415615868,0.4998471828909368,0.3065021337643305,-0.1664313385116596,-0.05440997743386047,-0.43622533059545343
20210728,0.14336321121615092,-0.01498486381171101,-0.035507243314528175,-0.09025762764948175,-0.13524717537416572,0.6249795266928865
20210729,-0.9669290849833602,0.7737782498501372,0.791082502130062,0.604932261765268,0.021977675198066576,0.9073285496775176
20210730,0.0017721477204306936,-0.30491700063835836,-0.1917379022385561,-0.9146309798075805,-1.0675016062287288,-0.4529239520093773
20210802,-0.30607496525165623,0.33197034974975514,1.0603247386000558,0.4274926892526662,0.4160192543259899,1.743600948242545
20210803,0.3254145282611064,-0.1734079163676522,1.2308018265847378,0.6224865186363658,0.454663141635862,0.965264304198531
20210804,-0.6414126311795308,0.38462151496343844,1.0411132438227664,0.36808289106390707,0.5638892838961492,1.4866519099056417
20210805,1.3430783473208954,0.07740546832982982,0.46026399609342283,0.9682229360131497,0.6690081572191485,0.6727004604737842
20210806,1.244947523006445,0.029400874356037138,1.0103419395326572,-0.8306373885614667,0.3027966853734648,0.42245712606227204
20210809,0.13974640059639257,0.3051472558661108,0.37414830682671074,-1.4426248176444414,-1.5512945943600394,-0.18849459622271234
20210810,-0.10473364953386488,0.2947987516820883,0.022685358188387614,-0.4998925259238285,-0.41469447724865943,-0.13978266352825786
20210812,0.17139193539854283,1.2030229917731288,0.4032117400788998,1.0452791257554597,1.7547229954936017,0.7323942735253749
20210813,-0.22357192684193442,0.21683313697954829,-0.42122412743138915,0.46022321049068604,0.07113735981483488,-1.043691972295117
20210816,-0.6599437742367537,1.0047315220239543,-0.7653925441241043,-0.5508964229769467,-0.7196979931898114,-1.4146739060241842
20210818,1.0871533181322282,-0.21536570848681366,-1.1346451572329495,1.3161891598930426,-0.049217089935318314,-0.3373126085630343
20210819,-0.6371893890525865,-0.8680823158082193,-1.4091855356250094,-2.059988623811928,-2.5888018846040373,-2.3004061208575584
20210820,-0.8079494119741104,1.0775041333503754,1.136613516602442,0.9205293550916445,0.37508612627552806,0.7239687514357472
20210823,0.6855926714986783,0.9456012662607038,2.057482474253469,0.8954601002502274,1.9267248215234012,2.8758906509137185
20210824,-0.690231874759723,0.0027278804176572267,0.42402012907927406,-0.5419079096905257,-0.5964685263715838,-0.49044175072247825
20210825,0.4725852728247644,1.0167906877389545,0.6760466403762612,0.14090136271509612,0.5876598973981835,0.06819029981972878
20210826,-1.159658434273343,0.15402414302277465,0.09500305731021043,-1.1920526115974899,-0.9514261479412336,-1.0737161702393714
20210827,-0.3430018065646689,-0.35905079593318534,0.27810071887416504,-0.4134087267666022,-0.45832970562803094,-0.4863858309311501
20210830,0.8248898424946437,1.82005524363144,0.5056541113741603,1.7286497951335176,2.4304990936186077,0.41136802409249795
20210831,0.6783366938119941,-0.00200566985505089,1.318901817968709,-0.6504639688220906,0.49069566420158567,0.6277382301081662
20210901,0.16693859764222307,0.8278082704306445,-0.4493801907393766,-1.052437377308531,-0.46225911625229194,-0.46234852763296597
20210902,-0.7766040879703678,0.6594588442360346,-0.49364701784306747,-0.29533592198783254,0.1950497197288289,-0.2826204152305564
20210903,0.9624208527087279,-0.5419240279289677,0.12419865552864118,0.8458407233512216,1.1285834162650248,0.014245140217182295
20210906,-1.1141343638835093,1.8180642091753505,0.8885024114992269,-0.26236494642208397,0.8660094388221833,1.1939021681301072
20210907,0.24124896092758247,0.22347767259015117,-0.06288142625909976,-0.05041751591753678,-0.03893838167641449,-0.07722971255749501
20210908,-0.5871565709830114,-0.099392003916519,-0.15137486144318807,-1.0815766699828155,-1.093663868345619,-1.3423215935143227
20210909,-0.27134267763170505,0.28440350764786115,-0.2552858692946502,0.7184586170936569,1.1795324051342368,-0.528735523822114
20210910,0.6382479483897759,-0.17936499871776657,0.8003835518877898,0.6408189842356264,-0.24337007369743266,0.48668988910623
20210913,0.3744951337752161,0.16340831075693593,0.4616469729315276,-0.28571340760517083,0.03125799807995373,0.07681515256255912
20210914,0.07592615168754477,0.3576969925140521,1.024689899538487,0.5788843427853237,0.629912307099231,1.3049709901603739
20210915,0.4496597052558643,0.06298262253583574,0.5394679756495516,-0.40194844986166667,-0.2194535322074565,-0.1334433275849143
20210916,0.1328173440440408,0.7081256960557715,-0.3570416966395523,-0.010312380886298643,-0.030836864229816175,0.717986360863809
20210917,0.6852018377042024,-0.3942861117367095,-0.4485254100238227,0.7330159410562318,-0.7249515402812763,-0.34962405851823203
20210920,-0.04731404838633063,-0.18422630610123975,-0.3314413426185799,-0.5278942047284451,-1.1787056644203617,-1.1546415606783094
20210921,0.7401775339087033,0.7090772276698375,-0.6514428620004316,-0.46117666084703796,-0.2357000257263353,-0.576644773838198
20210922,0.9380905745854139,0.4442789563317089,-0.1745033471676836,0.8440081877638741,0.9641949941110943,0.7971676701207023
20210923,1.1849144089493242,0.16289599051891732,-0.6202454370487688,0.6320758244048775,-0.0027755399618429725,-0.5307648112312838
20210924,0.0682825407553836,-0.06476969076558274,0.9791048974738046,-0.13079505269260988,-0.05538152977825308,-0.557867610300615
20210927,1.5174277291285099,0.6073486314687995,-0.2665650286095163,-0.5202167086903653,-0.16498119213314394,-0.04351100524929846
20210928,1.4165891789909641,-0.25173440007554837,-0.9748516342074677,-0.7415402009609263,0.7835808409846762,0.12969447705584541
20210929,-0.9022177419619822,0.3379809562235579,0.08769933835800098,0.706520541193397,1.7159214661020696,-0.14581866825241577
20210930,0.09712581142586765,0.48319473826850473,0.8594982502664037,2.5841013704171747,1.998845027375358,0.2089218248607507
20211001,-0.44971994370851404,-0.17346529683261006,-0.3758716157873231,-1.4935140488398284,-0.23840577938582116,1.267996073910587
20211004,0.8557943084859998,0.3879116211928737,1.0021319649084286,1.3046824456313717,3.55387071789,1.681035049365726
20211005,-1.6395183360892482,-0.7861223781791904,-0.5108022977990839,-0.7134641426638942,-1.0371514498535452,0.09253251198298536
20211006,1.1516193208932517,-0.2037454451098563,0.9587051058882103,2.281228747565742,2.084546863921854,1.0113691903610198
20211007,-0.6048606125229504,-0.5916501935648979,-0.24254808994759286,0.4184732274307289,-1.0789286116720784,-0.16638520003558996
20211008,0.9950651632042768,0.562252961542755,1.4092527682202984,0.7559810120486891,1.9185211911897988,1.1937285054709428
20211011,1.2335021227085485,0.16532713620029527,-0.1070288224185008,-0.524387032160869,0.29773442036899805,0.22464859163144096
20211012,-0.6989155552562825,0.6186177564622454,-0.42178882625374653,0.37836673581823743,0.8359261014004101,-0.11161043574607436
20211013,-0.8207479132038892,0.35144289560398667,-0.7768051398140065,0.9397032287749133,0.8572278706207918,-0.218622911239859
20211014,-0.3046251963966517,-0.45214900855802326,0.5400321022917495,1.7232415389326967,0.48894853427674057,0.9144452003025497
20211015,0.5473580524727534,-0.1913180536586574,0.3639485772457812,0.06778994349954508,0.16964651911447126,1.5886755892373743
20211018,1.3868958794010884,1.383269739821879,0.3674194523308147,0.012569002781716129,1.042843398058878,1.3026563421587982
20211019,1.1156176177103188,1.0899309393018148,0.7926892647289593,-0.13925358774331045,-0.24292429984469127,0.2209363454480754
20211021,-0.7193884010572653,0.34374428700196286,-0.3621768515054527,0.12862735724750587,-1.7100447821506721,-0.3433037703842798
20211022,-0.46045284200677783,1.1712118460077103,0.6566686506251411,0.28859603321629973,-0.11330812002026691,0.6200251238354417
20211025,-0.5220770683674986,0.1339280481329556,1.3570307526608008,-0.53438659629854,-0.44750369956896807,0.7058378767563456
20211026,0.5301106397371474,-0.4553645412307624,-0.3746122900699917,0.6066659743987837,0.5729169267160845,1.0543110095030688
20211027,-0.22239464814453458,0.6123645730438849,-0.3552383758434473,-0.8245162789707621,-1.0967185358181828,-0.957434175962869
20211028,0.11674387191879694,-0.39357586214708,-0.8067924146101496,-0.9247954359686441,-1.9937684860162113,-2.7035855095826857
20211029,0.7189195227232943,1.0165253501109117,1.0976507607268644,1.033574990397936,1.298588149235943,0.47524690645609535
20211101,-0.019048914255510585,0.26873183992295574,0.8242817040256354,-0.9204386194310363,-0.15821753293213375,0.346009235442783
20211102,-0.6109516585449326,0.0302195084949398,-0.8373578976659244,-0.7904566770054867,-1.4458801504671988,-0.9926021328907549
20211103,0.2739320257827683,0.7785843756513108,0.6641562386506616,0.7672952722012362,0.806138336345475,0.41974387311028416
20211104,-0.576786593494156,0.6157571728819842,1.964138742260994,0.3603112745959568,0.5215719292381293,1.1533646909887385
20211105,-0.27117034346355473,0.785874921407734,0.08171206913898685,0.2697867277928984,-0.4665086741373335,-0.14026586396396235
20211108,0.40391660322624307,0.2392002837078043,1.9546079216837666,0.577814854303584,0.615253530161096,2.337751045438564
20211109,0.38829925253442177,0.31975665999905906,0.7038633888410515,0.8167309126940183,-0.2106565167316483,2.580916895091685
20211110,0.5535873350833072,1.039920187012649,0.2786719995048447,-0.329820427299703,1.0712021096284938,2.341248997426937
20211111,0.30384581343402495,-0.3818449013485576,1.3548861486857144,0.04070224038975444,0.43934437908611484,0.44882218225919673
20211112,-0.095360042832644,-0.1029482090888456,0.22658928090027045,-0.9057633269857989,-0.4776765811504967,-0.066523335132918
20211115,0.017329298952832216,-0.5935771728804612,-0.0076308601110178075,-0.5988344653038843,-0.6346455942304475,-0.33237899736464993
20211116,0.38161701822467287,-0.4042511220725656,0.9553839562148,0.538308602391368,0.8529829761419676,0.9316882396218643
20211117,0.3756385378503933,0.3536072349454261,0.11899738144847856,0.30259486583883854,0.5580175284320411,-0.17741908578810262
20211118,-0.03589943847371641,0.4830334876175183,0.3856531392532288,-0.786645650057898,-0.3836680392490459,0.36634588818933
20211119,2.1060925714704215,0.5203126094230326,1.0333669073487088,1.556729543223514,0.902437441290178,0.62769629976317
20211122,-0.0649713467087289,-0.2696279054183043,-0.6269055580394786,0.07499834787654394,0.28647988407519576,-0.012994274843970626
20211123,-0.9895971381229649,0.3583934871355281,-1.0222989280694308,-0.6096093207731088,-0.4284780079748007,-0.5270563497136852
20211124,0.6411269247385323,0.014307428169531828,0.8662111106458771,0.22591542803854486,-0.06625303478919081,0.3440890680589415
20211125,0.2811474550687802,0.12520661067348696,0.43335138302803555,0.10793846368344574,0.6567591374398515,0.15691055848007981
20211126,-1.552571160618977,-1.3464663261875682,-1.408563628894686,-1.606244921980747,-3.0273343390244714,-2.506095751219789
20211129,0.08871574121306955,0.06690643637123586,0.16757180644554476,1.002500963734172,0.2514244574367597,-0.015524267965002447
20211130,-1.1169074195063016,0.12115331192147075,0.876450573046587,-1.048134764527625,-1.651748862400219,-0.217547510475634
20211201,-0.21484493234772273,-1.2740700314382825,-0.895715562061526,-0.23229376455753864,-0.5428527875325587,0.015517782575175236
20211202,-0.7061794482189393,0.7248401733248353,0.7335927152454748,1.1116947115427203,1.4807802187180121,1.4773009742255214
20211203,-0.6176546053055765,-0.2190822796283264,-0.7358933965723768,-1.0382112797853535,-0.005392477085929599,0.5853712385888443
20211206,-0.6368037441228672,-1.084882558663981,0.083639132861426,0.25487030515504466,0.02893158884112114,-0.24484942929528544
20211207,0.6057334061963484,0.5733239506073227,1.063636846624253,0.4892716285772156,1.422240321826539,1.8499138854032278
20211208,-0.3233367093341472,0.34548781969290493,0.5963120893462477,0.3869246070762312,-0.7927243739372165,1.5127096508603257
20211209,1.0187293312516477,0.3774011425183804,1.5059644550053592,0.29579076143768435,1.5095871484996104,1.2324768827666346
20211210,0.671090343569315,1.3601931373291518,0.6479940615311379,0.0021474833749079592,-0.2823607700889552,-0.6895909192018652
20211213,0.04208116429932651,0.41817789445228765,3.153570351931169,0.06039276511843725,-0.15445405153806863,1.1397647364501586
20211214,0.7057767539206349,-0.30399018033255554,2.5336371733158556,-0.877551245630531,-0.46954972868015216,0.10008045536324695
20211215,0.4060634810289853,0.03571723025875,0.3751101400236445,0.2787411348732917,0.47620596944265203,-0.46686252744123785
20211216,-0.6976117536947597,-0.8376866571500096,-0.5479733368957997,-0.34034561382531847,-0.8053008773943118,-1.009032650747386
20211217,-0.4478207110649308,-1.1112124513990973,0.04460975704707559,0.2507533594342483,-0.07679997104738663,0.037056187033122266
20211220,1.5405147180126397,-1.2178947481468005,-0.8018342453895835,-0.4587467009388606,-1.349394826292109,-0.4466535899571198
20211221,0.6342755141360358,0.8912665534200299,-0.005419688828129697,0.04521574621517733,0.39923343038210446,-0.04544677891088004
20211222,1.405285142429832,0.9144592224188333,0.3284239703136482,-0.3408555280919179,-0.845799429030008,-0.6115736393833926
20211223,-0.6097085431550529,0.08970137590367233,-0.6880086380552936,0.6208321296028082,0.3029955678151924,-0.1537525712227724
20211224,1.3462181200280448,-0.8477594933389025,-0.9029311690995427,-0.09903006781862714,0.40745908486025384,-0.40893744647579267
20211227,-0.12728204403337934,0.5983724384093515,-0.01898879888697791,0.2189742980348477,0.3520177626215606,0.6800169861772156
20211228,0.1346363682636605,1.1554280249062414,-1.0658965335008206,0.3468272476581722,0.7448948979961036,-0.47249952443515
20211229,-1.1940869736599051,0.48563653220244485,-0.1789007622373956,-0.27682845131406936,0.4841628520414949,-0.0643349549304891
20211230,0.3476554092652414,0.1257022382241196,-0.03011504604901942,-0.409631917864432,-0.5395360733402605,-0.37297382119467426
20220103,-0.7782585631474983,0.5370413618618435,0.4562694444769716,1.619726409407291,0.6949665474944425,1.7061237811265288
20220104,1.437658027673916,1.1664062620195914,-1.0198182424309885,0.10567175713887382,0.19966197097327554,0.03993196857070606
20220105,-1.1376862615119534,-0.03375461579309891,-1.1616440475046503,-0.09290394616967496,-1.4374503068540088,-1.2807305248141896
20220106,-0.3167819427268836,-0.009485197026124015,-0.3295469318053167,-0.05528165708951749,-0.27354754395597725,-0.6584845176106896
20220107,-0.7972233705325518,0.06943164904034575,0.16093837996297727,0.7979857648251815,0.8705944035943772,0.3264915140325408
20220110,0.30632476401453806,-0.32129760269840724,-0.4510391850701149,-0.4527128571386013,-0.31668576759420736,0.24308008474862156
20220111,-0.6466330210956062,-0.4515048193678565,-1.0472720194092957,-0.7111425942608213,-0.8288690499324769,-1.2951077058874423
20220112,0.0556567427871987,-1.0747346297866502,-1.3444079214543947,0.13817302849636773,0.24729332345393837,-1.7106160262676793
20220113,0.37214801477799947,-0.07986885551755718,0.17764122513699404,0.26099439024132026,0.5609363731279843,-0.05175421045811505
20220114,-0.8200302581597296,0.15404664029210266,-0.537610237307553,0.8742890371441283,0.034275297596849566,-0.19047911203421758
20220117,1.004332095964349,-0.030797822441726762,-0.4145525108550084,-0.5693775637149393,-0.5670389189901451,-0.6370312339291891
20220118,-0.9328010172666064,-0.9898568626134002,-0.3865316521592138,-0.35355475118494206,-0.8382922224717207,-0.8243212275435343
20220119,0.9628451344627911,-0.042372479209448304,0.6899151157315866,-0.3659213555629627,-0.6705717698389496,-0.09948477815716157
20220120,1.118315348576897,0.06720621428925905,0.156880505658962,0.5758057438440936,0.6250604873480444,0.23281671742948637
20220121,0.11943602887494469,-0.40564856162414764,1.6614945731478137,1.7695894236656338,1.2246809738201911,0.7721420161527023
20220124,-0.7777760931753912,0.4447096908322178,0.20028634740436674,-1.2428885415536879,-0.6186017860668482,-0.3250107870113407
20220125,0.04110307274311458,-1.1457479579912062,-1.5197241060714093,-1.1558219321822998,-1.6322201380543127,-1.487080426175586
20220126,-1.061293564099185,0.01743402061188567,1.4337379737160876,0.16796105001134967,0.830936235344599,0.7630134013305678
20220127,0.3974199191735547,0.1833194566287179,-0.18218622851045707,0.09818548497529478,0.24007302870914107,-0.5931329912500279
20220128,-0.834547263246984,0.056457851028745655,1.7427418582861325,-0.003298060007406808,1.1253676552444847,0.5151726929234013
20220131,-1.4854775963818996,1.0820072365268714,0.8733633626736421,-0.5013725222711053,-0.13894185633365258,0.6562163661781473
20220202,-0.2638912329768381,0.6141972598926853,1.8356762540987406,1.4330603194275866,0.4229116933487246,1.4911880144511855
20220203,1.3171025734597521,0.2684889757170831,-0.29682451722730746,-0.48776057268983586,0.06012123056404201,-0.28157466464360975
20220204,-0.47813192326367215,-0.07402437953506792,2.6780832522526765,0.9163266362087807,0.4312727445667474,0.1351421227401223
20220207,-0.9425822320030941,0.7600717768577772,0.3972136653636399,1.2469375028640686,1.1639303275571367,1.0895946169502315
20220208,0.9867615581954792,0.11961206200753235,-0.36233336748446715,-0.44625832527215015,0.27823028361763263,0.346696491950249
20220209,0.9648522727036489,1.0403584081383876,0.4304640380736095,1.0122686720762184,0.128974311549283,-0.10892771747645408
20220210,0.22876760421727482,-0.18796780319184653,-0.10478641908512473,-0.19762995994492472,-0.3344242522432954,1.1539172626773408
20220211,-0.8302537439924685,-0.7474506398047052,1.8391353476613044,-0.6313119404204464,0.220969436926566,-0.5857575540234742
20220214,-0.18865391507619525,-0.30364009508688516,-1.5098143068228467,-1.6565853696042472,-0.42853180992727086,-1.0077349375841786
20220215,-1.0712764685625975,0.017615870270068914,1.404263465735688,1.1356126600356695,1.414199001363095,0.9188318446659685
20220216,0.3201649363331851,0.6817308147226308,0.4500213690276854,0.7812110140751098,0.6968755000297211,1.6509774003935056
20220217,1.089717675395032,0.6540707857731372,-1.671576642479022,-0.14237548619062276,0.0984298237309578,0.017434960623333648
20220218,0.12037577858431926,1.0771245704903942,-0.9436337900030974,0.860749961273547,1.1202351308413097,0.6347218685371933
20220221,1.1150129362129533,0.24753274039594036,-1.3704557762635092,0.35109349878535906,0.00980738891464783,0.27478113941660004
20220222,-0.6027158073155258,0.8135840490830412,-1.2463374675930965,-0.3481765650723758,-0.5164651354615383,-0.6815838306844407
20220223,0.565328936869535,-0.16589727738947593,-0.0701531180159213,1.0370371939016632,0.7307234682799333,0.3438976872207442
20220224,-1.9494108295103734,-1.2586864795283441,-2.5076140732550787,-1.8089202041229966,-0.23432217067385921,-2.281074980328719
20220225,0.4054628325717974,0.38738377262793383,0.8650181932870069,1.2855067394100912,0.3213871253408751,1.1022180326175248
20220301,1.3226830868624644,1.144150132331531,0.7891162882974714,0.5317066222355744,0.0942517242584698,1.3194580627606403
20220302,-1.1978086606812586,-1.0582102347069033,-0.41881918737033136,-1.2050637314057573,-0.23457503207199157,0.7375536481680404
20220304,1.7164486565862558,-1.1859347029830782,0.08457038123761376,0.6187610107058379,1.4400536739604919,1.76002598703268
20220307,1.5529546954706506,-0.35197818553828586,0.1805240222994841,-1.4820890176987225,0.848098309491005,-1.25309321802227
20220308,-1.090491499719813,-0.864806304933877,-1.5168051260314306,-0.8404493852937814,-0.47234958155357787,-1.9817514333831947
20220309,-0.09109797064015501,0.8576832355930051,1.6523695086500523,0.8343822545759595,0.7323424123956588,-0.8092093763371049
20220310,-0.04643892627816165,-0.24815657501661728,0.4865550063910287,1.480676569961462,0.1324730879016317,-0.13328308203518577
20220311,1.787440015600804,0.060318741906078374,1.2726928299103457,0.10870977709828789,0.20478818626987239,-0.1579286854125245
20220314,-1.0672200738331665,0.2680346621020038,-0.1033505642298884,0.8155985448803743,-0.7289204097699868,1.1028536799804316
20220315,-0.9605598969685997,-0.1876373163437805,-1.8759578166584006,-0.10317019589518864,-1.250621804738344,-0.7371791739016592
20220316,0.65381724325655,0.7108305397178639,0.23178344204466614,1.100457775845692,1.3565978714964102,0.40785905136291034
20220317,-0.5580151787499726,-0.3859810795308032,1.576831395249339,-0.8285439314007699,0.02813123951371754,1.092199324417655
20220318,0.5496170767489212,0.32961849509954777,-0.32849641865435025,-0.4949899786008948,0.32123326299270333,0.009075436586029344
20220321,-0.3434298536125683,-0.3509141174231563,0.4160851807962053,0.24271958165012708,0.5069106828627414,-0.3019462886672669
20220322,0.8392553021761328,0.40714210442846355,0.6581790547872245,0.5139923389344783,0.9657442901243904,1.4501445505898263
20220323,1.2510347784215454,0.09491760119101714,0.8362328441973744,-0.3574787226566853,0.4823583887262856,0.41518992139125627
20220324,-0.4432664432849253,0.09277869304192957,0.39426662859844586,0.6293179328415336,1.2777961705087888,0.010317060720725338
20220325,-0.6736627948249146,-0.8368577655060137,-0.5614802768339258,-0.6732233208614524,-0.9342028455785724,-0.04306230096155141
20220328,-0.10838126527605504,0.8924868137776037,0.30443057865079737,0.6409046952644525,0.9971062275895007,-0.13074631254513236
20220329,-0.9717975226010809,0.7220631975952816,-0.7228042587475564,-0.5134276950384968,-0.7401797624013708,-0.8916971176447535
20220330,0.3622816414335471,-0.7796111058104566,-0.6368244658687385,0.8747501533234163,-0.14857421770068935,-0.13741165950992557
20220331,0.7793495735557541,0.2079639017953403,1.7226649797676314,0.3433328982767315,0.021763120420986003,0.3700629741595877
20220401,0.4402581464248786,-0.35646305442238607,0.6983010721885026,-0.013360253308839703,0.5189537330407878,-0.16695153245219635
20220404,-0.8201136397685932,-0.25635057139095563,0.8423556061527964,0.04374591548203448,0.7695275428975084,1.3365797124261223
20220405,-0.5971129898591365,0.4715852917151893,0.5022737604281756,0.2173015459096868,0.8287178767487383,-0.14615110887231178
20220406,0.23747368582362297,-0.41392533819349964,-0.9936998744434739,-1.016618754253977,-0.6970581635993222,1.4435309928607003
20220407,1.1426560005606652,-0.07144541420227889,0.18780293867030254,0.3951653884468885,0.1085923586255732,-0.026123738112551174
20220408,1.290859357139858,0.07461630723560557,0.3984478668944763,0.9077356052277524,1.1959550949107283,2.7708009602120267
20220411,-0.33035715299598895,-0.41157555704552823,0.4905609825355843,-1.4450732837487752,-1.3200393526512808,0.5707763466285539
20220412,-0.2575320702075111,-0.5611796927402092,-0.18328082698710663,0.46588254220579217,0.4009601637056981,-1.4641722829002826
20220413,-1.4722777934122013,0.36267507073123917,0.7010140615412112,-0.1523360078978658,1.2196268482095671,1.3381673234353904
20220414,-0.17539988658476502,0.6063736942547754,-0.024193305850085257,-0.8630199442543149,0.18773601408453483,-0.31718929115794375
20220418,3.932879252362477,0.36051515062904954,-0.6804009018194007,0.1915282776682969,0.5584596817463718,1.4078428249303685
20220419,-1.6791192831757846,-0.4628488415503826,-0.4103087683450915,-0.13222489831529144,-0.7449342189310401,-1.084743093569929
20220420,-2.4805077732474166,-0.43822838958751376,-1.3354496709897028,1.2054569888052509,0.4800961255736139,-0.07331629554792478
20220421,-1.26378754325906,0.38476353751794423,1.1468009475895486,0.6503029692482459,1.1845849453027857,-0.5080970834499312
20220422,-0.7414289701097169,-0.48703898273846835,0.8066540214418814,-0.5236565554494936,-0.5519896507392738,-1.838015799345889
20220425,-0.6056480354961473,-0.6931569223190791,-1.459324398859353,0.8334878523319698,-0.8604436621287622,-1.1364663258999879
20220426,0.5217709841554324,-0.046477460482108324,0.6197374527894879,1.2007002963691882,0.5658458532764526,0.12962395960949527
20220427,0.35739617335148416,-0.016004363736510697,0.8304303800113692,0.16081006583676208,-0.052229962595662566,0.1725244029610357
20220428,0.9666191606192939,1.0756196396214297,0.36817663434041603,-0.24340436030779972,3.4658388421340574,1.6411488966183791
20220509,-1.469888859506361,-0.002768604131480247,1.5213050504604162,-4.127566865470577,-3.587865877165303,-1.5281782941865383
20220510,2.59642615959502,-0.9977214164632365,-1.145253139111564,-0.6259721404120966,-1.274572657722829,-1.6622457555197205
20220511,4.1274402844522315,1.2751953240225151,0.35715517339422004,1.069638546784111,-0.0007697423550022248,0.48207955979803485
20220512,0.75156996096648,-0.9407364455748243,-2.1325550189023894,-3.4077264544715242,-2.1125804932960364,-2.477983201119271
20220513,0.7643871279304157,-0.00020754422060278123,2.4899815429643666,-0.06868602896824841,1.435296901956829,1.0136918303088704
20220517,-0.7110640803315832,0.9921049713500094,2.2533733321808693,0.44003638866314687,1.1848795621719683,0.46622387275960303
20220518,2.468756595460557,0.06216243564412207,0.8689795025186227,1.0800248378675232,0.22281892942590895,1.9204025626488306
20220519,0.09187137051843786,-0.11197762343495869,-0.5678224991102317,-0.337850199763899,-0.5684532494338536,1.492793624424363
20220520,-1.2332889804352254,1.043504064985057,0.9411510378931348,0.3627113841256615,1.6380375327213745,1.564776992659206
20220523,-0.7045053314398267,0.2453779651846503,0.40716288153126184,-0.6491015250292,-1.2458024982534248,-1.027524353972805
20220524,-1.5995874304102282,1.1102770928343808,3.6489602370028176,0.5776970616914099,1.1213708482198939,-0.7318554000504395
20220525,-1.5548614738822706,0.16942598128156758,0.8994835485791666,-0.4558243773199402,-0.5965744199922217,0.16358376280388826
20220527,0.9341806889295555,0.9570178776890061,2.2593181415643593,2.2559651458802272,1.6568611649628702,1.0986521576174537
20220530,-0.2825228791977854,0.9389201375883113,0.2698405995112144,0.17046449333145233,0.4428002074872487,2.6774281829919895
20220531,0.29712425936600545,0.5050409492319395,1.182900298365671,2.2210807336121103,2.148569515565975,1.0018561686042207
20220602,0.5899700725652677,0.6497756038383193,0.4901116295145957,-1.4104586849826635,-0.8257533931857982,1.3959346492606395
20220603,0.7853601299062332,-0.20362339131560506,-0.30865785984051325,0.19680458113194424,0.3146944469562706,0.5827407314827284
20220606,-0.22844214298926196,1.0262277785092744,0.8022088119705537,-0.9049039887412896,-0.15858814222509354,1.3866724964270687
20220607,0.862530932083934,0.14834746053937384,0.8553167591642028,-0.790148150278458,0.5556262507477387,1.8319196863292924
20220608,-0.6264736766233742,-0.3874597838525286,-1.0683571157945941,1.394882232233377,0.18545473127767984,0.02164195076844633
20220609,-0.05326758582814982,-0.8577238850937472,-1.5844750502259992,-0.3395819307650855,-0.25487414542504666,0.014267745755753817
20220610,-0.8448906785493032,-1.3161495787674031,-0.2981606620686489,-0.9314566796241147,-2.1223212083483536,-0.06862890230800507
20220613,0.4969036499611625,-1.5253969062501962,-2.8320345825436446,-1.0457599616929132,-1.9697939415080155,-1.2747721016106366
20220614,-0.5831248781538209,0.16718589507525441,1.2499451419707626,0.43574525693674704,0.476352293144559,0.6886538326350193
20220615,-0.9184218051872247,-0.6872034217188597,-1.6204738119321909,-0.3081414148829349,-1.8266796690918055,0.04644400504027285
20220616,0.8271663594256622,1.5195062006868205,-0.023721792959119303,1.0881738439710262,1.1378834332158938,1.7206106750879315
20220617,-1.4865958865090936,0.19519607024877833,-0.0700346510019388,-0.95185199316785,-1.559148069911266,-1.503076215912238
20220620,-0.6170136206102844,-0.5464455646250722,-0.37180891909393265,1.072872837097137,-0.10553012379054365,0.05040862965474299
20220621,0.9316459211996503,0.6287845728859207,1.1127640914950738,0.6594736762748123,0.9379209209063232,0.29809727329786445
20220622,0.47590530529267383,-0.12872502413797854,-0.9532875885461402,-1.1117392686774,-0.6392443015258864,-1.9805065719170556
20220623,-0.06769083902878983,-0.7533581855655053,-1.7473207947116856,0.3933122354625573,-0.15997659361988362,-2.4001760505184553
20220624,0.07064621579606878,0.3623334740606244,1.074908867043585,0.37048702188447485,0.1846716488621961,0.6217878064407162
20220627,-0.968980478339471,-0.04135540884184829,1.4720349231782046,-0.7202004924849087,-0.36423157903291276,2.7391055989945725
20220628,-1.1558802663385783,-0.47822583986581546,0.16991521051021763,0.12977503235329776,-0.0797639956919548,-0.8856997012078532
20220629,0.20645766277567223,-0.8650513641450278,-1.716939128683404,-0.3458271141398082,-1.4481506661549846,-1.0803476750934262
20220630,1.1520910783517695,-0.7244549161092219,-0.910085458480697,-0.4135461530285745,-0.6109500873006822,-1.417701230476575
20220701,-0.8570839219919401,-1.7676394686973351,-1.7347644287163209,-0.7316306017381677,-1.9021635241109964,-2.955519595374798
20220704,-1.5014537268725554,-1.7045026201452502,-1.250910375654629,-1.9988473622536664,-1.5649949401677645,-1.9820560192931849
20220705,0.31571671630466314,0.8874400207045021,0.9511375087846471,1.05827280186139,1.5748866838927067,1.9376440370160926
20220706,1.450242604419969,-0.3731673607969069,-0.15289994315504835,0.16145000805372142,-1.3760629823620025,-1.4957179227197528
20220707,0.2958819572048003,0.9677913911105798,0.8966554363734586,-0.04336991680078636,-0.5457533846012963,0.6711281622319182
20220708,-0.04178793552867558,-0.15249795983190875,0.4733499002215663,0.3340002512585115,1.5659988091482124,2.4869286267208897
20220711,-0.8570087414554228,0.3762896901187018,0.8649506161682432,0.3157017118387269,-0.3346061135636734,0.30016351149104536
20220712,-0.017258670892318466,0.41484711826979737,1.003931050652623,0.42966143711066707,0.22588067027426167,0.0959812943965671
20220713,-0.6041938920239621,-0.677092867400008,0.0445353443523274,-0.8303419611676567,-1.1404962788807613,-1.1331737279740244
20220714,-0.905652978496779,-0.455004860740083,-0.20891938816783423,0.46528521450684224,0.8385246975133354,-0.448789528573546
20220715,0.055860289500523554,-0.6484362618345587,-0.37108775539360284,0.07992562055027198,-1.0031879324854196,-1.2922384824798918
20220718,-0.4037712101321615,0.18857973936759592,0.13562777384447514,0.531589477116246,0.9028758994441997,0.6727470448396947
20220719,0.44145974655890996,-0.10853751859210747,1.2197385279846862,0.7102860531795463,1.0681033202194314,1.450257676640897
20220720,1.3680691265726896,1.0254339578441645,0.6846371969734437,1.4251869970704298,2.890296181414773,0.9712450995838643
20220721,1.569159499573415,0.4755701405518129,0.6763918191417971,0.3780582243374134,-0.15095150523563985,0.8687850922563073
20220722,0.5533176188785084,0.44311253051465427,0.6795105071742363,-0.009884125906821913,-0.0931580465735668,0.9511172044283143
20220725,-0.46970041691325026,0.17094151134309074,0.6291779713203223,-0.3757565145658434,-0.2534283629190003,-0.45066563572644947
20220726,0.07813334016427882,0.6148193590790569,-0.04246904492305296,-0.12178445917505255,1.02301285351862,0.13108672377746483
20220727,-0.18406114480160712,-0.16691527723033311,0.3574972455924585,0.08409200820468235,0.6129389491607291,0.42133112452708354
20220728,0.5887888641288329,0.2703171938747722,0.5666429097033802,0.2714178914469505,0.743675444655333,1.2247143440146426
20220729,-0.5491710921468222,0.1046789846658695,0.2654085805573149,-0.4656881560297194,0.809430874095751,0.6516423965185312
20220801,-0.6335431408398668,0.2324880984792279,0.6697629285928102,0.7519631078783571,0.0008340274715516428,0.6160365855042146
20220802,-1.1582178251545605,-0.7653919937540178,0.271528376934142,0.35935717195111777,0.1919139834821677,-0.6284777456799762
20220803,-0.06738513631300767,0.2789135875886974,0.18552863973902295,0.5145993410908568,0.7836500927368216,0.37335577914457835
20220804,0.7619030983267314,-0.2533798377187496,0.48825056198958294,0.7293427944280629,-0.23442576132896306,-0.29488999405637717
20220805,0.2875583966373987,0.4351368466682647,0.5453304147599269,0.40105924116814384,-0.13273988325545094,0.24381202204033814
20220808,-0.38588862558079096,-0.22040371906444675,-0.09970528235859127,0.21710976355084136,0.5039951928907734,-0.14212871227528018
20220809,0.7459182457114424,-0.21722133415538267,0.4417433500953177,-0.2015592929507142,0.7652001953331158,0.012178738296655538
20220810,-1.014378758521039,-0.13281481718319,0.09387265221824888,-0.027426610572756794,-0.3681108143075337,-0.07134439919207147
20220811,-0.0584245949084136,-0.06930996514592051,1.1963837286072134,0.4064244876264119,0.6461238661575848,1.0718580096760397
20220812,-0.050521832176794366,0.08981271344742583,0.562913006000266,-0.736016053632408,-0.06436314148892658,0.3302034823868353
20220815,-0.5662168748598002,0.14041495277963617,-0.13585357127218434,-0.691789889113191,-0.4406817464896009,-0.5630373283836873
20220816,0.26220000854173825,-0.15030677357725236,-0.5345678223201341,-0.15649837504895672,-0.1894066892121462,-0.8363725782169599
20220818,0.8312235255339038,0.19590642472926628,-0.31585137117757284,0.3762510786618568,0.43715973052940144,0.3484261911038117
20220819,0.8111665630273462,0.22026329355272867,0.02247522177802832,-0.1900442062744848,-0.2563952920677068,-0.2714518167470813
20220822,-0.5925134616826139,-0.8749819942397735,-1.7967672597198452,-0.12685587920099656,-0.9138909585176198,-0.07029553964181091
20220823,0.2690079272422335,0.24419564720466352,0.3986755067189141,0.1519736468746237,1.2031222163369428,1.7650421822456277
20220824,-0.017484107096528027,0.07788061035549057,0.5540041757913506,0.4821992984018447,0.2516961081887295,1.2188554116343093
20220825,-0.08394081417531676,-0.1039850438396693,0.3010260588445439,-0.38706566395852754,-0.33738670531975273,1.4923422802402637
20220826,-0.26075605105483984,-0.2213878146585742,0.10472818276116994,-0.7084097665321526,-0.23617326683958978,0.05923151937691969
20220829,-0.2550766672728157,-0.13766147355070746,0.43730704046984986,-0.02390099653223744,-0.3632712499141057,0.19443090581166383
20220830,-0.7831798261326942,0.4041691898077032,0.5381376658714517,0.13520619057945094,0.5593767407856602,-0.4619307106752417
20220831,0.37307219128037583,0.32544214581538083,0.15523591008695267,0.6272606657919348,0.7534413341043573,-0.023164767423866417
20220901,-0.02450290076739512,-0.17813497404422055,0.49604210719604114,-0.3126949196657357,0.4171368913152761,0.42699206373887527
20220902,0.767427715251687,0.4471089903692578,-0.00018055935923544874,0.593096326978841,0.36881855022419,0.7705861182894611
20220905,1.1768426027277892,0.9418378386924433,0.3722530187029691,0.15355361717521535,1.4596042250032206,0.6460290323536927
20220906,0.7143989663562624,0.31818709221378944,1.7369899556948194,-0.2574933513908793,0.13355124863359732,1.0533320357950127
20220907,0.7006244583079433,-0.0535585395088846,0.6623565346144829,-0.17347149770788853,-1.1831291285464776,-0.5228070093896965
20220908,0.4694353210797492,0.5676357244803056,2.004545718017872,0.3494793629899106,0.695406857745528,0.6261471511098757
20220909,-0.34897128831337015,0.4768150230555561,1.0697632676460713,0.45038770876826884,0.3580841568349922,-0.0722392958753135
20220912,2.3992148033854033,0.5291215117491929,1.2229699373897231,0.011730020846669062,0.47371194373563186,0.8138175156712739
20220913,1.4687575220726277,0.5527194498685859,0.6513434907240604,0.6964004575192971,1.1627505822409776,1.1676947430989448
20220914,-1.0494721413453034,0.18359093648227387,-0.15237551972243216,-0.5330941382851647,-0.2077092203608624,0.5416585145084825
20220915,0.903528593947448,0.3704050335795315,-0.25612211469419505,0.644646419173323,0.4366743884371957,0.6034553120033288
20220916,-1.4086099873647018,-0.9088203114660823,-0.8322405116392158,-1.04145774612303,-1.4702608239436399,-1.060994448791065
20220919,-1.2655100403819717,0.31112715920149114,-0.8218238981227761,0.8573149933464755,0.6304983759864106,-1.0727674092109503
20220920,-0.1038436040622356,0.2934080337058378,-0.5628724653108723,-0.4983017964516089,-0.5428167150409354,-1.0951542648693777
20220921,0.29822528561323947,-0.5747011645333853,-0.6477682295935208,-0.10383966821570377,0.39692369396783717,-0.6339581827441769
20220922,0.3239902213157426,0.4391188465730042,0.7046637684593378,0.11814462699830629,0.31361389505603354,1.2851719297936237
20220923,0.26719741272456493,0.20753395158439364,0.8655218227504992,-0.3169416934716043,-0.8175454117094083,0.524513195180774
20220926,-1.5881484469991598,-1.0395479192736075,-1.5174236094334643,-0.19644879136839583,-0.7580582345970311,-2.241271737905642
20220927,-0.8776860396180084,0.04970841303786716,-0.08018832955387811,-0.6528854384165659,0.2196228134427493,0.0048119475327176265
20220928,0.029839284770629228,-0.8772299964080519,-1.5001259929307609,-0.08618362379689615,-0.875907911355308,-1.4507021556712536
20220929,-1.1839068360030778,-0.49906326636944043,-1.4086075040098314,-0.05068160618855403,-0.6400662694747418,-2.338369548893918
20220930,0.0571015574924486,-0.24964505145425234,-0.17946040163022353,0.25690062469950037,-0.04475559612828318,-0.7674735334434315
20221003,-0.15617185679480103,1.1219184053811666,1.6882054736484304,-0.2731980727684066,-0.15802992784306424,0.8024589954374748
20221004,1.2625435001956538,0.3330842616524899,1.7684357046182142,0.33345052434782063,1.494987099944597,2.415784736996631
20221005,-0.4988149956331663,-0.23198385646644037,0.08182148386810957,0.22700953292904974,-0.518570207995025,0.23626793262224322
20221006,-0.2036118595197063,0.141887818814228,-0.0889389328734459,-0.05240011187865713,-0.184029217146644,0.9450889961497254
20221007,-1.0510136076407468,0.5278915754849672,-0.7230476553574574,-1.0809478484885344,-0.3904047628681895,-0.015351784515008775
20221010,-0.8078187516825168,-0.4754513451795035,-1.0250746267354645,0.27127499137117816,-1.2202867802433406,-0.8040573378042296
20221011,-0.7214553925852912,-0.3426145904557717,-0.06923007405357899,-0.6456827000320536,0.3023799473879515,-1.3241500132156303
20221012,-0.6839414074729522,-1.069708005113679,-0.49472214493032657,0.02927124070238831,-0.13670450541173518,-0.9314404347186368
20221013,-0.8384514428863161,-0.36053799935948083,-0.7499019879209303,-0.3364811865504637,-0.40117758336342985,0.6367177405340875
20221014,-0.35056884931512,-0.632460865353908,-0.8325712040573995,-0.5441410385940811,-0.6854378014206196,-0.02274201625959027
20221017,-0.5357163001082483,-1.3173227595894392,-0.7816921939010238,-0.24024038296350342,0.08790181131607169,-0.4255626467878563
20221018,-0.29240046466202435,0.28625227182985646,0.32260280641050176,0.3596523059302687,-0.17477908311743828,-0.3653754091942028
20221019,0.5469947473987357,0.6510255904533451,-0.3273670720582057,0.5090139118657467,0.5482167319120096,1.8352517089635663
20221020,1.4342319713766678,0.5697775120404818,1.978675117415267,1.4435235910666846,1.8077278566801407,1.9216185935973036
20221021,-0.6696405440987848,0.7210347646191549,0.6466975356538263,0.6566729549361421,0.9848516771064735,0.6867768683128234
20221024,0.41371550298470716,-0.18254254600347083,0.351846949482144,0.9585012038617444,0.41654637239015224,0.726292212833786
20221025,1.413221318573315,-0.2162736327168813,0.5552473869899965,-0.694645103161557,0.24020104265953068,0.4722248322069477
20221026,-0.4643763537363289,0.5438151159613767,-0.6516188579723023,-0.17399064558371274,0.03706842235453604,-0.07293134097272713
20221027,0.772037380239744,0.07593404953955192,0.39586729532405973,0.8472652479040039,0.7408549618801039,0.5861325655952984
20221028,-0.4673335371298169,-0.18725263273391526,-1.2937308409214883,-0.27605355937418163,-0.373726542107843,-1.4938562719871236
20221031,1.0097542458572424,0.10479373960180127,0.29895320248989754,0.283292557733073,1.2488520964586562,0.36485452330146606
20221101,-0.2592499808681625,-0.3368092759600621,-0.6000838464242764,-0.4263493961491688,-0.9586674788241298,-1.6954551955300323
20221102,0.8447631826892525,-0.1387901578140616,-0.04460730994513945,-0.6073738452571077,-0.8844771378146996,0.9484204311611945
20221103,-0.3159514809618225,0.3406774539367721,0.8906534712525128,-0.09188871010535998,0.3994051380601936,0.7582924307883819
20221104,0.2715564999467357,-0.22722223581846832,0.0793680551599623,0.13181413124395105,0.2822860256957273,-0.6443081538166373
20221107,-0.5442261048007988,-0.23077320298851567,1.160263242136441,0.8398628908343744,0.7975877373007948,0.28943365105364455
20221108,-0.4424990074548581,-0.4976086304805383,-0.04197994043124726,-0.6418801464076872,-0.8690120794492636,0.10767835449738976
20221109,0.5043524039963968,0.18285368602807353,-0.05025639147098877,0.18763244157612977,0.11054085550184292,-0.4047139164615774
20221110,0.5902018279925656,-1.4200691423425416,-1.0842135307706413,-0.7341463067214987,-1.5047210508105617,-2.1560254127520606
20221111,-0.32387896711775493,0.4084205775907087,0.8201369640565236,1.00973869449426,1.483222003152844,0.9059577144458714
20221114,-0.27275894649938665,0.23907636208511449,-0.014392183508588778,-0.5911614258414859,-0.9038886178767271,-0.3181930353366209
20221115,-0.28593374900143403,0.5968053992167858,-0.25343970029051643,0.5277352247677196,-0.021283061672014318,-0.5653784225716398
20221116,0.1037021516220412,-0.3684294403420227,-0.5340908430605108,-0.4212967699867796,-1.1455774591770367,-0.7463978792385779
20221117,0.036899757209449845,0.6884000522245572,0.5829396194015883,0.7038122640051367,0.6486580093888681,0.4247113960425582
20221118,0.250267240521454,-0.7480999766941936,0.005466154310466205,0.5219783016993137,0.18579701926813463,0.5781588041630206
20221121,0.2583111207494161,0.3369091812307605,-0.03277113245234374,-0.014283345120839425,0.3537163242844726,-0.16456352881740038
20221122,0.04734869179508353,0.15487815961741988,0.0821876433028867,-0.10838777809951787,0.10707389419972249,0.5103222292843104
20221123,-0.5222075458276699,-0.1072626649405901,0.5348008854442546,0.22612985134363733,0.9103854565132132,0.7523563508618676
20221124,-0.38354739430501306,0.6308263622188794,-0.2688690832240723,0.6383964967511025,0.3377344544849635,-0.21267111889193077
20221125,0.948333967523326,-0.03606966938992902,-0.36713020519354217,-0.2533797352620305,-0.11891352283690906,-1.006409668677173
20221128,0.3999397319889479,-0.9114843760752288,-0.9239246639796939,-0.02767226342630988,0.23089189138308686,-1.404568155875733
20221129,-1.0357798816614407,-0.15174525116054008,0.2212463616553737,-0.21211122443105324,0.643374252625524,0.26922680355665285
20221130,-0.018193415084326828,0.1049342191337367,0.03908726757333829,1.319028161793956,1.1532998587559566,1.0507365683982406
20221201,-0.4088579769337007,-0.03296682209186564,-0.17674673729299548,-1.0993985975931087,-0.2164307813518803,0.2827266304927255
20221202,-0.6148633391368572,-0.19580414328953535,-0.6170122717091147,1.0404996682044432,-0.3314606138828559,-0.3538720943281638
20221205,-0.5705501483060865,-0.29185291527409407,-0.24184194241298643,0.4010337331250598,-0.042190881279049686,-0.8731210212934508
20221206,-0.6171963150437636,-1.2739162095326297,-1.6857745172932037,-0.535268925224674,-0.9354650104983224,-1.6266693492483653
20221207,-0.8096711432363392,-1.3480663291116632,-1.2601211551871394,-0.20894785781597258,-1.7378790153892272,-1.2784587620565968
20221208,-0.9276025113706444,0.17435447145743513,-0.4064958284393499,-0.2824168515256969,-0.11054429986841689,0.42296422289761043
20221209,-0.3381404088050189,-0.7518355970493293,-0.3972294668099491,-1.353808851199143,-0.9468630103413891,-0.9868092606072999
20221212,-0.06883305950998155,0.6363083781854963,0.12983085771143157,0.1540896507274458,0.8667649516769751,1.2473978379405495
20221213,0.7790456672780539,0.7814684044215867,0.5111247276520141,0.8196566889737041,0.68746024512106,-0.4786358027531201
20221214,-0.7008812826637734,-0.8473967955369557,-0.5143789253930652,-0.25187610307869385,0.4745940408690281,0.2701280660388927
20221215,-0.40485794366542155,-0.2846590895213785,-0.08831126801992492,-0.8572490100407125,-0.6044442850598143,-0.23437689253554056
20221216,0.5678737776177106,-0.0163012892653861,0.26658448505133364,1.2851098806288135,0.5693264527796938,-0.1418641687665345
20221219,-0.581193059614329,-0.4428006313060679,-0.24487114239777566,-0.23672470181705652,-0.28261347336432224,-0.6412543483805717
20221220,-0.5717943721415556,-0.08991563456505307,0.07879446108612904,1.5019585953751746,-0.5941998522814306,-1.8494492786796144
20221221,0.02738915668024597,0.08126245282478771,-0.26605527029253884,2.074303515344848,-0.2494839179176366,-0.5844844981419582
20221222,0.5150309124253071,-0.014708045786138846,0.2180725236732866,-0.3874923359350001,0.5190022515349275,0.5819674760314274
20221223,-0.4405556724186179,0.6689275829378322,-0.38094773707025636,0.08340456601068733,-0.7904444066224082,-0.29082101648209685
20221226,-0.40446021270406024,-0.4413376719483308,-0.025605250136809247,1.4401623428427008,0.3406770885570132,-0.09729568856716138
20221227,0.5063350702109137,-0.1446053576014188,0.24511872510208405,2.479062797590758,-0.4908704190409916,0.008866926198712379
20221228,-0.9487027863366445,-0.07279037263544143,-0.44071073528221216,-1.5647533871378585,-0.46311361892482733,-1.0965751445057943
20221229,-0.28458974623656785,0.4987980759987033,0.2844370867818702,-0.6142502303360717,0.37239122095240973,-0.499482445967523
20221230,0.2062684656045873,0.3097419781611314,1.1673915637497498,-0.09027778809257447,0.4699121309595905,-0.06969335660559031
20230102,0.40536714736149293,-0.18744873764467276,0.3041069730078291,0.0678218628071811,-0.5231869650606461,0.027875677975179466
20230103,0.04573129984721511,-0.03984616690697398,-0.19331311313839283,0.5434959687294179,-0.05282268942711565,0.42430913363070916
20230104,-0.7324514598091479,-0.03663141986945248,-0.7354002654132789,-1.0389072389849037,-1.0862564208026666,-1.3502503480457935
20230105,-1.313561342613034,-0.8891654392491051,-2.115825637647572,-1.7849314886568022,-2.6410510551583286,-3.6938297969039136
20230106,-1.3221021843322605,0.7021132151106003,0.0626158945686449,0.554943247892173,0.5609991717054676,0.7184162572041537
20230109,0.49539920553356126,-1.15457019235299,-0.5144281824249259,0.5655271408876793,-0.5670546972400967,0.08076708308748468
20230110,-0.05255787984687883,-0.7307866092163366,-0.76889099810268,-0.7195777948920868,-1.5008636355398615,-0.5987114504567754
20230111,-0.3766198855471156,-0.8414410613699264,-0.18801987971319248,-0.062199201520999184,-0.8812112029424788,-0.11677962734886194
20230112,-0.6016292754439765,0.28928422327565884,0.5513760691073946,-0.09642443778133392,1.3480652003296942,1.0072361283402407
20230113,0.18865663244024072,1.6650153410460302,0.2763632645744901,-0.24387901085479108,0.007786052145478659,0.4774517169646863
20230116,-0.07238267631950253,0.08646750822216705,0.7358983539341406,0.31417997105709355,0.721129476020251,1.0090551047790246
20230117,1.0735979668738425,-0.1905349784111821,-0.00305333712254001,0.8349775478519897,1.2799110415951296,0.6957451753823483
20230118,-1.3389629189017747,-0.625424207555169,0.6442946331472466,-0.008289127307212518,0.08770735195554871,0.253064673604838
20230119,-0.9594116483886472,0.601709469786271,0.681145143889952,0.27800477172293836,1.2697277863788148,0.900393804576523
20230120,-0.834210379473011,-0.32843701806292297,0.5052734642192533,1.061631876998864,1.0311664193418009,0.5003476013314787
20230124,-0.13302520218951636,-0.5350059551018622,0.8500668262311397,-0.6989792612241089,-0.2887379007685976,1.1414312939222444
20230125,-0.10595343685009949,-0.1258562692116872,0.48207190272042894,-0.11251930888993192,-0.8501508583474355,1.1331519542587785
20230126,0.051479724207734535,-0.13705363643728813,0.18620513355377744,0.7238435741193728,0.16589790569003351,0.639708596143778
20230127,-0.22863213034102695,0.10201446832065054,-0.08720824356506739,0.34252204495088434,0.7695878682724799,0.5830684947573351
20230130,-0.5678915998026368,-0.4075832332778089,-0.24077963065743563,-0.03966688671187245,-0.44468586868688237,-0.7197234145074769
20230131,-0.02907618429189574,0.0972798017869585,-0.24474190831812923,-0.8281686587681059,-0.008601738799955067,0.2548896448323716
20230201,-0.8678431996551798,0.808307944969915,0.6532329246976623,0.2455746102001442,0.5066597745292427,0.250101182505822
20230202,0.11217555809626964,0.45818335724195697,0.13518629278168692,0.4597527152695391,-0.378776133844906,0.3992413899771298
20230203,-0.11971208151967244,0.5189593716761541,0.0883510404211765,0.1706131124821112,0.8383242974833265,-0.9544446578296508
20230206,-0.1917539499520678,-0.27735401847515534,0.2211818596145611,-0.45235044627835563,-0.3703742545601909,-1.225910420673863
20230207,-0.6650077350264357,0.36285850744038606,-0.2835023879731353,0.8710707782839391,1.281131473742005,0.5768111514543863
20230208,-0.2532137011965824,-0.5516224951715052,0.22628208562478305,0.10857255952380973,0.1909048234945933,0.3111698735642703
20230209,-0.31960287255358516,-0.15065568202828503,-0.30298978553039574,-0.1950631847626836,-0.21210273108926114,-0.7097012468870473
20230210,-0.752237188689739,-0.799204907607508,-0.721014981959973,-0.5651502217239042,0.33486268586576395,-1.224493913284997
20230213,-0.8226643976887891,0.15955304635994766,0.10726235306162575,-0.01286247458267477,-0.08676717980832542,0.26336923794234074
20230214,-0.3045765807788016,0.65011307625916,-0.08838833824553477,0.5319631408240667,0.6182497852945164,0.09956336288226668
20230215,-0.40532413503516174,0.8755265496451823,-0.2703600076954091,-0.1802037882404187,-0.37908804946444796,-1.0611718552810587
20230216,0.46446475423919753,0.051616602913228164,-0.1983853611120719,-0.5166955266926797,-0.2003584856076781,-0.21654768475006564
20230217,-0.38209422525924447,-0.21837136480794303,0.0948495041281368,0.12372919204345996,0.03806025375514639,-0.5444725980693639
20230220,-0.8426680065459593,-0.5936877915946134,0.5640450960954586,0.23943416956394784,-0.09218250814282791,0.6082832135266978
20230221,0.07541642257191988,0.30613924685950566,-0.5544163895082957,0.13243255272658996,-0.5355655511587154,-0.4740634064359036
20230222,-0.04640262046730834,0.46193607023277267,-0.40097823821041956,-0.7359485282753069,-0.8357198267078126,-0.8664853996042837
20230223,0.07131122098327292,0.6952740124944828,-0.053732016143873906,0.438581437324139,0.5077040376918218,-0.3324855586841296
20230224,-0.5594204433950245,0.10970771124674908,0.5026439367216053,0.09922290633825309,-0.038930157909870526,0.6428939607741446
20230227,-0.9198503023429127,-0.270505836027159,0.021075393368207438,-0.23089107579149054,0.42440888423968554,-0.08867662447507522
20230228,-0.47615316034073635,-0.6437457162229047,-0.20943294557599942,-0.020446435174134543,-0.16546724371595056,0.6232352140611196
20230301,0.10606342049550962,-0.28072595991372384,-0.27493248378663976,-0.85358085817279,0.3659210718368339,0.15450661761228854
20230302,-0.7410094405405001,-0.13004526809774222,0.061551142257054506,-0.010534102577139744,0.8750634382245573,-0.332594949578457
20230303,-0.7420666914670219,0.4922350500742839,-0.1559611274640954,-0.8082819610497101,-0.614324968671614,-0.14730743342421151
20230306,-0.16225340624923032,0.017192403607036742,0.4351128511854772,-0.25535528012015274,0.019843381655976024,-0.2502467027062002
20230307,-0.04760447940455018,-0.11303680988274838,-0.6013933807759947,-0.6793901279929674,-0.33239905956224247,-1.4833399243227774
20230308,-0.9584357179562957,-0.061254048910370194,-0.0741959718807744,0.3056233000248357,0.08713368399608656,-0.737840859628175
20230309,-0.3510582449393862,0.2373183325915169,0.2184295626740168,0.2148521953885222,0.33578515986010743,0.37125679586720073
20230310,-0.711250420731182,-0.4540064264356802,-0.4208386360852993,-0.23456324918816654,-0.46641654969654817,-0.8844531174481239
20230313,0.12195832550502873,-0.49449501383706335,-0.43916649907085265,0.6960566989446254,-0.1940252426989185,-0.2625572859548309
20230314,-1.1267714745514605,-1.1738109623380486,-1.6798610620764616,-1.5525974619771292,-2.5971733298184225,-2.8418041996599954
20230315,-0.9132320224629887,-0.21739592957486678,-0.7170512187458661,-0.38626309606419523,0.03441416231136112,-0.7118960248976575
20230316,-1.1128761507101697,-1.7109203050632669,-1.580841103269445,-0.3487524105627007,-1.0376361621139685,-3.0204149469433497
20230317,0.4645659205181776,0.13275737706584798,1.5057765642237668,1.16864515792016,2.5874802741233105,3.1693120922968854
20230320,0.8709308715805114,0.5490468134001258,-0.021881112611036032,-0.6485657646990818,-0.8151213739292715,-1.0324973526283117
20230321,-0.6970916630534492,0.8108993909815452,0.1371249780254226,0.9575667812226494,1.1046994341382739,0.9289389689344738
20230324,0.2176019393383174,0.5431176468467495,0.3740649423843063,1.305946467219215,1.6237977741746037,1.14088743496148
20230327,0.07181416616803162,0.3473536238559418,1.298290433908901,-0.5993507388615201,-0.4926531909835585,0.5958803981841615
20230328,0.5275321521957378,0.16244818410747486,0.4888295857222126,0.7055633288652805,0.8914760793015338,1.0097670969290575
20230329,0.2904693146055392,0.3489160402385723,0.3818428763079022,1.7946602161757086,1.323053963735295,1.3206595333970141
20230330,-0.0013867917538594218,-0.17825734849269573,0.5148996669185771,0.12913277760513633,-0.6987473867595632,-0.6776632085695145
20230331,0.682527850552133,0.30326271718254555,0.6414386622600308,-0.2427986552970033,0.13678848534134402,0.5055608166733143
20230403,-0.040929554000431224,0.1279227767453416,-0.21507806306918692,-0.09578068881166994,0.709465496539876,0.5672472790625759
20230404,-0.5335274819740607,-0.7386938310297247,-0.3823354615008757,0.07010413702866654,0.07276591558714095,-0.02379523789561978
20230405,0.39377357642235045,-0.444544903187016,0.08960200140878619,-0.019452746275346697,-0.16676009011031676,-0.14371517316893068
20230406,0.8685734851971636,0.025855531876191495,-0.011583362198395036,-0.1098177169638825,-0.2561431030902791,-0.7053701795390033
20230410,-0.11336647343033464,-1.1081875038531956,-0.2953101384062685,0.16031025027693582,-0.19413465057750082,-0.7045702054734747
20230411,0.6839427058983507,0.371877674119111,0.335970909209584,0.17987214814124733,0.7003376574266073,0.6703732738715061
20230412,-0.13953140086933868,0.3070022389641723,0.06339282104317094,-0.506905845285596,0.4965692151010943,0.47796161761063055
20230413,-0.37544300687545434,-0.940238769037192,-0.23667758169394135,-0.37596113592164904,0.053143738652939365,-0.020992467216110755
20230414,-0.337659506502277,-0.4089988035113008,-0.5993557158175722,0.5053967627329136,0.7296885195403934,0.19388999394219317
20230417,0.27259498110985153,0.03754048869589791,-0.3041889552851637,-0.0029061719013283934,-0.8992194646861539,-0.42474040135781854
20230418,-0.2568298096623111,-0.5309225465013511,0.2640138221458622,0.2927352171965964,0.566513151522741,0.33574428527566674
20230426,1.1089549233256395,0.8973695380365672,1.0350647413864908,1.1952711790530435,1.3318733485844083,0.6228831248204176
20230427,0.21503981828026944,1.0790105373998335,0.9537567782813539,0.937807185510799,0.6251306595270426,-0.4943437386278773
20230428,-0.14291379197876514,0.30270089479448165,0.19165472235137782,-1.0257965929527404,0.6902966854938918,0.4341152901312558
20230502,-0.4361280128188014,-0.8095089106522195,-0.22460667798210307,-0.6527258284992564,-0.5922921870513136,-1.6740748047651286
20230503,0.06061514137792476,-0.6009075589457863,0.027437698413720787,-0.5925148927864884,-0.6348042608986433,-1.1380692581954404
20230504,0.32677922656499825,0.08462443785709332,0.21284920286606152,0.6509496158908988,0.0612080868556826,0.15268791690531586
20230505,-0.10787127086704038,-0.9439912568767328,-0.39268419108940056,-0.585660541140872,0.1155865582306908,-0.17119249953363105
20230508,-0.03300590379486146,-0.2687242581597276,0.4081962682392588,-0.2086996893734974,-0.36056622106789893,1.4964215661029079
20230509,0.14757085495448627,0.2947515051690458,0.24411451381787028,-0.25441145343118704,0.6720990335294716,0.5019455231927235
20230510,0.14152769815746166,-0.13910570135517322,0.6108604240326992,0.35601113972573095,0.10517783439397879,0.842058298298496
20230511,-0.2617880795923272,-0.6905413038148294,0.12255353614633518,-1.0248978970695668,-0.43155001613407096,-0.5808027736405379
20230512,-0.36417907272933225,-0.16047733266279016,-0.036309709792371136,-0.6065919135616911,-0.6309008610017861,0.8002924925650454
20230515,-0.13788087859537954,-0.23202138069568137,0.12081233803255574,-0.052631675284150505,0.230054725304064,-0.4746206389389173
20230516,0.04196008854032622,-0.15216548121688983,0.2208781678222,-0.6317712098438685,-0.26560085798422234,-0.8726983638866729
20230517,-0.4231528459696358,-0.27917276840215494,0.03323942271556334,0.2641221084237891,-0.19976283491257074,-1.434044914134899
20230519,0.05623050324597565,-0.6988265075878216,-0.24327688299736586,0.504487240591618,0.9672731527267713,-0.6987180789567664
20230522,0.066945602749299,0.1278950285011741,1.0811841817053682,0.02444038187674091,0.9563468973944327,1.0894125473250815
20230523,0.4827237199674215,0.20423767306495202,0.6194978475023784,0.35472686566983064,0.21539453152155955,-0.14140528120614154
20230524,0.2380942224700402,1.0466543851635848,0.32710710636193796,-0.011905098746133701,0.5319083985042968,0.32292805555453197
20230525,-0.8675493062632659,-0.03842630727137635,0.5335098441500001,-0.2955616696270099,-0.8173683417116946,-0.646412581571226
20230526,-0.16915086356627482,0.2849410790138322,0.39801444239948797,-0.3203394719945281,0.42427077556979287,-1.1642503848725858
20230529,-0.11033105631783069,-0.17615777448063766,0.03116687555349469,-0.14668636334112617,-0.20737169295866856,-0.5421537417458435
20230530,1.2175657735657106,-0.42409327373175665,-0.06903659462205569,-0.9933383291250051,-0.19234785796134668,0.020013003758202953
20230531,-0.6730041407506515,-0.6144390378673651,-0.8421036851557355,-1.4957629176815808,-0.5458546113226453,-1.792821683707572
20230605,0.2257702974716694,-0.6554222700888225,0.4725251788293043,0.30768516129197554,0.41164004982460134,1.5625292660599384
20230606,0.4183132065109201,0.4781668229087291,0.18381245236298824,-1.09293132250485,0.43971069206630864,1.9093264636960618
20230607,-0.034188451159435494,0.27108431154558865,0.2885698910518771,0.3868555137416461,-0.24865298089151605,0.2451444752671205
20230608,0.3618388151238448,0.7567376825793801,-0.10289596346989822,0.34017463997188013,0.5819304390245613,0.6475173369447199
20230609,0.6856820065777411,0.2935434876986707,0.9595478840388213,0.5951922688759992,0.22106774531191947,0.4349251485078696
20230612,0.4511842831167529,0.3956926322824117,0.5513535011061522,1.5122161955965514,0.22165011418147124,0.4976851434557157
20230613,-0.5287786942342187,-0.08198265236655564,-0.12653784410737,0.1323976153640762,0.5330006499305563,-0.24361042823093024
20230614,-0.6802426066972423,0.03381692438570309,0.29168952441909585,-0.5480718820627872,0.05785138827740969,1.2263055150866764
20230615,-0.7364867841763943,-0.3000346714183702,-0.2510622323401423,0.11843307440498228,0.4057730717060021,0.016447390377781763
20230616,-0.864658646072898,-0.1587893467103995,-1.513609961228007,-0.529672183827257,0.338508209680872,-0.22767185685895328
20230619,-0.607156034594182,0.5784338202473318,1.3217346901664482,-0.26139997898754513,-0.2742623106308744,0.6827557901030755
20230620,0.20871996062897064,-0.6450068203550892,-0.07779817710176097,-0.22972385613780458,-0.38042239310402937,-0.8498446950309294
20230621,0.09497463415259896,0.04507480761937898,0.8010010319110688,0.5835074584015365,0.5981514909897587,0.9561676836898955
20230622,0.2750031152014143,0.17235010743810575,-0.02174634399649416,-0.6075041981984167,-0.9031205032344604,0.39543301934753433
20230623,-0.8848997886430893,0.4531260330296982,-0.8136821608226856,0.17788056719542916,-0.5737937232100632,-0.5178987904626572
20230626,-0.2459023494813798,1.3646151056557656,0.2705440726239894,0.5678954081902925,0.5291542470026316,0.11037391567186587
20230627,0.46951094505461854,-1.2003082782023788,-0.10509098378118958,0.20688585267954873,-0.09416282935843746,0.15955031890675112
20230703,-0.020204940318660145,0.18552618663834045,0.49433463366116676,0.10819498861849024,1.1405123154388594,0.8259734772236288
20230704,-0.06314461627855832,0.7740367112705157,0.8122590883642924,-0.08456042627819102,0.08583554130920161,0.7524662133944409
20230705,0.18589028169236185,0.48491801001238743,0.39222266282187956,0.2681329843159838,0.7003518782902085,1.5474403430894286
20230706,0.25505203815545535,0.10973391878853284,0.9401216743954234,0.3663861471079956,0.6125292716422261,1.7935852910881684
20230707,1.1911824264222803,0.44139501106099965,0.24463582503873818,-0.1317969726451585,-0.711011542028321,-0.28589927614311667
20230710,-0.09472072164425041,0.272270724011324,0.7562435777896704,0.333201459619536,0.15924460965305856,1.059082205041826
20230711,0.13900088601352448,0.6214653642127974,0.4449726474639827,1.3016537188503445,1.1118078715706778,1.1842525792415801
20230712,0.04457005318381354,0.25099568998900035,1.3802973824237432,0.24549104973500424,-0.1395608500029992,-0.3533470810659358
20230713,0.9903682448601424,0.062490183729194376,0.5202412977925381,-0.013206721453204076,0.16506764457242334,-1.0023681092543906
20230714,0.8387395183651768,0.07512428481214733,0.9960141172846083,0.9359758192244957,0.6828437579459979,0.42464496927439144
20230717,0.5593479963755283,0.2687436568562572,0.7265788848238905,-0.15125988044765207,-0.30371133959883206,0.2441389111352835
20230718,0.26691859809269386,-0.36713906958465575,-0.8251201386659034,-0.3431583701217571,-0.5388912238131023,-0.5890171448485579
20230720,0.46996708591560504,0.7050572172478267,0.29976732300522824,0.03286005194670568,1.2364579457249019,1.0440882881500402
20230721,1.0872427992797558,0.7073372712401182,-0.17288473990332362,0.4279102309460714,0.24048826360555323,0.16197709625216875
20230724,0.5057083152561874,0.9124386825489192,0.13409400844856165,0.42664424707152504,0.24180031437718658,0.24994442178758566
20230725,-1.6752170871828116,0.6928801159243558,-0.39351807328778304,0.5295915600235852,-0.29870399382546375,-0.6284627579885912
20230726,-2.1413781022468754,0.05379334113044732,0.06251931497501606,0.5433853998982724,0.7943054116407398,-0.044214004915188156
20230727,1.2148104984654389,0.08230817953877731,-0.6935185285028886,-1.0557606087777403,-0.23631162917137388,-0.32273464165133525
20230728,-0.10315259650703042,0.37013179491614506,0.1251794665583834,-0.45367117734947404,0.6337095757163189,-0.8886737313197541
20230731,-0.581019065764071,-0.5708047647396779,1.0476907945789686,0.1960525470058881,0.5066818580596205,-0.16376286416617034
20230801,-1.5088951678584446,-0.9302899124003323,-1.085142050172336,-0.412446937996591,-0.7747279059892407,-1.408501401936522
20230802,-0.7457084962415517,-0.4015731674016618,0.1664082553807072,-0.7218348518959953,-0.06646848006765925,-1.217714855225316
20230803,-0.09526009482389618,0.11431333385746573,-0.04797457172728761,0.37995743965606327,0.8464214145147814,1.3288643502782038
20230804,0.026315814069443645,0.3007666574343686,0.04902617772226962,-1.111591708050967,-0.03980686310962744,-0.0018393894335314682
20230807,0.5002033462749008,0.053819998327354804,0.6036581770834004,0.3834727963080025,0.6192730631286613,1.3160151031876444
20230808,-0.49382842602281707,0.29177272481902283,0.8375711144793078,-0.20538784526314122,0.09032308144734304,-0.3046924548520677
20230809,0.1192481406353154,0.23142285966986587,-0.22700182277253264,0.7119731879525109,0.04113327973938068,-0.5103308010417331
20230810,0.9979866165675523,-0.1379315359432847,0.06513629398770922,0.39714815636432943,0.18083253611971936,0.7532225152297505
20230811,-0.11461711479398967,0.1753809608516953,0.2829477100593355,-0.00624832891678224,-0.479681154343035,-0.21274924879889456
20230814,-0.94960918496473,0.2701318285440075,-0.263663232782545,0.21437554801206324,0.5300444963154636,0.4072845264291474
20230815,0.5765802442603101,1.1036979119690575,-0.35186089587693276,-0.09235350846979869,-0.16723986385107822,0.578071448585342
20230816,-0.13859473337427705,-0.5797659410027252,-0.24873466793113086,-0.1497227150703238,0.03354679950228152,0.07035133422139651
20230818,-0.8319956453794295,0.5573599543815866,-0.4396212958765371,-0.222329609561225,-0.8951009545437136,-1.2219607449223953
20230821,0.06329265367222463,-0.263041657090642,0.17219452291029574,0.2007350552807059,0.34115778036807415,-1.1250215174210216
20230822,-0.1777681523812399,-0.5508131561355292,-0.15861352763006245,0.6051274504440296,1.0589584943281685,0.9470582139801011
20230823,0.164983376120328,0.3530672014889743,-0.39409073210583784,0.2637604912115813,-0.14784516637443185,-0.035041629670380284
20230824,-0.2321612550189674,0.2698352458321919,0.11643100760854638,-0.39885293140091815,-0.2685752957865886,-0.36072155883589263
20230825,0.4884419901179547,0.07578570332704035,0.3551132092597989,0.20496078950833085,-0.47007465615071503,-0.47531210097335524
20230828,-0.3918526403612871,0.459858410293988,-0.44880852286674755,0.017938280529170354,0.8074613800421323,0.5230601101620572
20230829,0.07294170922333308,-0.1384273527180784,0.8717439958287552,0.4292636350435182,-0.16089462655766967,0.16989651041397352
20230830,0.28285398500974984,-0.07326440647085243,0.5641561969312269,-0.12861250688617737,0.0828789818120103,-0.5401927787218285
20230831,-0.7292211386500822,-0.44624582647925637,-0.10346001181293543,-0.14856313870258053,-0.3396894947832863,-0.8994706750063811
20230901,-0.5236118994083984,0.22000266368423974,0.0605721169900082,0.21741885060901764,0.5656180793933364,0.09401068203592024
20230904,-1.7082853940956784,-0.0590610045624724,-0.11024697290714208,-0.11678888415048107,0.5222329294774184,0.29901494931553135
20230905,0.21725791053843163,-0.033479354586775895,0.17011482482478724,-0.32571577334014223,0.19799017334079347,0.1772131374299584
20230906,-0.8684516651464351,-0.4333776625504,0.5134904298713132,-0.32036872561564766,0.1633774696913172,-0.12416873476740607
20230907,0.9037103593697021,0.07492159715924189,-0.20639115666574956,-0.3481083683562218,-1.3167064109094728,-0.43851722617901445
20230908,-0.2748267721652512,0.2688282313734035,0.24393958487877201,-0.8568720392148215,0.17732443047623903,0.17087247553283283
20230911,0.4598108980442598,0.6282224879440268,0.8279763755243639,0.7076562851405638,0.2785881707929935,1.412460638749665
20230912,0.15190046706804694,0.2826170823878124,-0.04795414064376854,-0.5618180163096531,-0.40290258243836813,-0.29601662516952754
20230913,-0.5151446867747295,-0.41483280961019803,0.6578363299181146,0.07368647029057773,-0.004554696474083153,0.7712184147683561
20230914,0.09592268812506828,0.3958805184486923,-0.4451838462521968,0.804806227644105,-0.02209552847074562,-0.16717172930792118
20230915,-0.0007054051036133043,0.3295619946297604,-0.0771746361232302,0.2914334484053169,0.2372606348237543,-0.297952486335734
20230918,-0.07459264267995121,-0.18789825746925284,0.47049727658086293,-0.34403067876579796,-0.8003372035264738,-0.6527060018039007
20230919,0.13988904856517054,0.1785818749977133,-0.3449385245034201,0.26869960310566987,0.7429027881719954,1.7044017252705514
20230920,-0.4505451297844844,0.25619917298277245,0.028484202268769764,0.5945113793484147,0.511455236653156,0.6300924372933161
20230921,-0.46204350938728134,-0.2962956425243286,-0.6294387121173287,0.2258779322837836,-1.0244803330923113,-0.20455872073665504
20230922,-0.07854627503475432,0.26608273774257407,0.584064344960278,-0.039778502044262073,0.4306969908325208,1.2692048488566223
20230925,-0.34630180320789866,-0.06728190679015354,0.48362649896445875,-0.5539920423321149,-0.08514944622395007,0.23606266986421912
20230926,0.2740964859103258,-1.1501294413474115,-0.7632738145117763,-0.9628042632443595,-1.352329266728436,-1.370957195134135
20230927,-0.10667136215323741,0.4956899929100025,0.2299017207163112,-0.005046330406854383,0.790336842677322,0.3253235813299184
20230929,0.5824077841075203,0.4763874952249369,0.38992800670608835,-0.26016873069853286,0.223881838046832,-0.37467774864788556
20231002,0.3424964513215131,0.9949827706281871,-0.382167001812455,0.56145493803789,0.1309178703854048,0.14140571622376957
20231003,-0.16052869659121657,-0.4637531318143328,-0.7209594116653396,-0.012721146247648347,-0.7778997045206953,-1.031100844083884
20231004,-0.5502886550774936,-1.4040623464338535,-0.9845865992955508,-0.2470661159162874,-1.0162304458035964,-2.186531028665004
20231005,0.01376364201892052,-0.10674973605207169,0.623905392396584,-0.037336531419681226,-0.42960994636726335,0.2220150172492153
20231006,-0.3887476091312853,-0.4219000747337871,0.8757093841002176,0.2010618931730066,0.015172494328276744,0.1040625934304295
20231009,0.1480494352327389,-0.6667594437465553,-0.5040507582900687,-0.39421536236790894,0.5619666768413858,0.06592364488651847
20231010,1.4360549592226222,0.8718150669061295,0.0748225290461553,-0.06360419876329101,0.5120606018549823,0.7544455906260048
20231011,-0.15156503997855464,0.8123732069389678,0.6887226812394747,-0.11917795377923866,0.0885639078984758,0.8463633594711164
20231012,-1.2198807517909604,-0.45407757555342926,-0.37806142411844984,0.3124686803630962,0.01835726394660465,-0.6282087996530676
20231013,-0.6890997287758588,0.11884429237647982,0.7397636500543765,-0.024486240455326838,-0.1485957190549688,-0.6925295721873764
20231016,0.6797846340564284,-0.7140327231089818,-0.4961508406133271,-0.45275036345899256,-0.29652825421042167,-0.901723163412733
20231017,0.5040429006067846,0.3079915480968475,0.3415579379281415,0.4386039711463452,0.07540083149194528,0.6445736448203127
20231018,0.31036189354404753,-0.05222483194019239,-0.19744836410082764,-0.24882189350295605,-0.6984176566439957,-0.367790358183658
20231019,-0.6352375661283681,-0.6934240757231741,-1.1438103457371815,-1.2372692616179413,-1.318840641002503,-1.7369606814221148
20231020,-1.1332539804065207,0.15154769791355788,-0.0172775537359718,0.33321884123176654,-0.06829991591999303,-0.8243855129058935
20231023,-1.7675650621502441,-1.089945543579027,-0.7362552865813443,-1.3698329076957798,-1.7630351905681838,-2.118812159572981
20231024,0.7439849694772791,0.48497166870522723,1.3973181490326732,0.8344203126628749,1.142401401763101,1.06270315660673
20231025,0.47015166021479704,0.877080781787536,-0.3643070790817499,0.652419504137848,0.43353833977365175,-0.5519537127137034
20231026,-0.6607711000823918,-0.7476021884954918,-1.1341025316175783,-1.8690136666369848,-1.3554203262076483,-0.38007009681331627
20231027,0.45815038566813066,-0.1290076322235558,0.572493195078525,0.577407652542199,-0.05339113983789486,1.3819050729336484
20231030,-0.9991484932757887,-0.9487561875123411,-0.6817025054157915,-0.43263599313210344,-0.8819388947597765,-2.4823152320131707
20231031,-0.3478229201841296,0.014149434861287596,-0.6908481659078181,0.2299547435435833,-0.1741213935073208,0.2742365624269233
20231101,-1.2898051123695693,-1.171097612922032,-1.2743820074215726,-1.631536644747674,-1.6958373062958727,-4.031644762576794
20231102,-0.1467960777113215,0.608476161665259,0.9032319817931338,1.6820787034971294,1.4159880331086723,1.2911489236151683
20231103,0.49062994065154525,-0.06285367656152578,0.5740643105527465,0.8226997494712747,0.48367667817149596,0.8126624500168649
20231106,-0.26305078492518347,0.5122157875174789,0.7310252001399762,0.9303620860771179,1.0513467821701747,0.6974979939520484
20231107,-0.6745961814885588,-0.10022532964368484,-0.6301508356466834,-0.2056239885001808,-1.0587772536307964,-1.4392937302660878
20231108,-0.6526082359728784,-0.24259445973579272,-0.21601155347289175,-0.23758016467819582,-0.9494546017535523,-0.9498739071013309
20231109,-0.5266290342557277,-0.005169332970010068,-0.500565163064556,0.08984758662164577,0.45012166610015303,1.0089150956814854
20231110,0.09660418964087386,-0.3954403199108513,-0.3661217470200069,-0.45119445319455836,-0.6422470733460497,-0.6940217656203624
20231113,0.2864706001054212,0.48150500899807275,-0.26756284340237146,0.020933906944304696,0.355501716150608,0.31324780206593517
20231114,1.2024410179103722,0.5598544422240082,0.009608035035970791,0.4786884708723546,0.11745110775773258,0.21200956137071422
20231115,1.018706713414103,0.525634975803609,0.6313350866747505,0.676208520214636,1.227868794057055,0.8140879807393123
20231116,0.3830476813176416,0.003916956952749144,0.07039720781372354,0.1865144503455061,-0.00961901603212673,0.40295967266135685
20231117,-0.32205271204396757,-0.09273945003892356,-0.22736941673234667,0.053547005151804085,-0.5293250535436516,-0.2596262325154751
20231120,-0.6925057935962647,0.5244082054556297,-0.7583567103694765,-0.290767420631895,0.24847958514240942,-0.2769982996216599
20231121,-0.23813141335886023,-0.08366517523158629,0.09060294820523968,-0.32436641504027103,0.020426076458547337,-0.13191394895462255
20231122,-0.1937605096212228,0.32163806328290545,0.04397914632191447,0.36772925853753263,-0.553839164122964,-0.7440155109403396
20231123,-0.2017815577811112,0.14849908814178409,0.6102845579598423,1.1650620779464083,0.6369871012108403,0.46973538472537363
20231124,0.9491353936311919,0.4951582024201602,0.23405104543112223,0.17851232869854297,0.00736552616930596,0.5986765635243264
20231127,0.5933236540949873,0.7215935745694452,0.11365619900771101,-0.6791630089976124,0.06892508752674445,0.10164829990244147
20231128,-0.34974763043532875,0.22783169938636644,0.2424111072369718,0.4499174253063119,-0.04756848110392563,0.08623419703343808
20231129,0.6496830760234568,-0.31159023889749604,0.12943099997024596,-0.21448031673026677,0.10265787403810223,0.5947563254622854
20231130,0.7817776212738078,-0.4074431244888455,-0.6687452604550996,0.8448353233498154,-0.31592278884358066,-0.13010011768940705
20231201,-1.1888704080175079,-0.5727187602458067,-0.29244493405399064,-0.5643133960769996,0.6207028421114503,-0.457524755524821
20231204,0.14375221885121553,-0.25586639454188886,-0.09040504471663191,0.8343647975962829,0.41924654554032664,0.07365193208574423
20231205,0.05492617971399083,-0.2058765641734094,0.14653930431638998,0.30983498309619806,-0.3298454531077937,-0.20061514785413107
20231206,-1.0087129369650207,-0.014407977475721007,-0.24624014735930236,0.3812905363550852,-0.7852609712036466,-0.5313739853029308
20231207,-1.0867239591717386,-1.3156457853902257,-0.6309999301207653,1.7610966071269225,-1.0050100972497185,-1.3784113397029363
20231208,-0.7929983130866486,-0.002899856696742943,0.23993968186045833,0.2902525299271864,-0.028844629153205396,-0.1777123566703226
20231211,-1.724982656094683,-0.2616557761455456,-1.0081865472301925,0.0004140958654395682,-0.6525614111099142,-1.4519748126012522
20231212,-0.96458774652581,-0.6941201451875297,0.22619867284093884,-0.05587462164994736,0.5196632098108879,-0.0031297543424812406
20231213,2.3539798286984497,0.08635048541491733,0.17311406075535302,-0.3842371426379218,-1.0242109172794787,-0.4795403093590832
20231214,1.0088265505899454,0.5915983668958347,0.10399454700613267,1.6430350785507402,2.2501734707828103,0.9594363490824389
20231215,-0.8714152411516743,-0.2346702401059667,-0.11992022297022747,0.8244851397847565,-0.17693190685830912,0.05484220255256042
20231218,-0.10550309277551936,-0.460584398865035,-0.7744614555210623,-0.8223359769706005,-0.2509779134255764,-0.7845384152836408
20231219,1.8636608115848312,-0.2318453037930315,0.9215603127674055,1.2575903435375602,0.5540536420972989,0.022042981839063003
20231220,0.16864243666258663,-0.34711187832825613,0.031973423866841766,0.6305975063724499,0.08856607099554079,1.2351640880709143
20231221,-1.910411193122332,-0.1499501208078167,-0.33446830068816263,0.09936040611548572,-0.2232749183169524,0.1415128906695007
20231222,0.6405939801791355,-0.06737968665653728,-0.2814241808008895,0.35717001836840306,0.20617616992076537,-0.013832348637366125
20231227,0.6739684541735115,0.1497911516408212,0.21817769009604276,0.1801750530335291,0.5027809489978177,-0.0317088512320019
20231228,2.8635568915489062,0.6836658611408473,0.22472993643787514,0.9020566707079193,0.9108506140988156,1.3823343774068215
20240102,-1.4057980743254312,-0.759449581300963,0.6046833030165861,1.123750267275018,0.776256225644961,0.26401865363500077
20240103,0.7734703192357023,0.40960896548538084,-0.16767441983545078,-0.628100673102689,-0.3877771495328764,0.4881347195357834
20240104,-0.7603610548468644,-0.004297354050626845,0.8841148812461069,0.96599341917046,1.6538059801263376,0.32564011063424536
20240105,-0.04989741040162805,-0.1917907233087172,-0.09925032144131787,0.05334959132234561,0.06531672250514228,0.3383565648306749
20240108,-0.9716689363327896,-0.3950877719064195,-0.5348836648770428,-1.1820000297618025,-0.3608570634228346,-0.7993724997003997
20240109,-1.6888796733078124,-0.700565094783073,-0.6207241698371139,-1.6327916521804826,-0.15020031914939103,-0.31838454345078965
20240110,0.5680803424468325,-0.42850861654214506,0.2646739524392394,-0.21463256627366487,0.504266407356155,0.3983658130086049
20240111,-0.9165363578724032,-0.13327547527369452,-0.28670894831692256,-0.4164893845183221,0.22133526934201095,0.08072932354498356
20240112,0.2729359114124828,-0.29939207875405904,-0.06626048455072847,0.2571435224865078,1.075442944242296,-0.1397589024463366
20240115,-0.07786964922587876,-0.28441250938193763,0.22228256305476343,-0.5950886574895622,0.0393625738277615,0.01892889394830644
20240116,-0.32384305832472615,0.2535291888257221,0.3729227109649613,0.5002505861562809,0.39217377095809025,-0.18029600996647804
20240117,0.1315526050195998,-0.17380338198163456,-0.17065948731169744,-0.38653450839997827,-0.31753971325703156,-0.9679997152157085
20240118,-0.511395844606124,-0.14951863534043944,-0.012001697932494122,1.235369553670872,0.484916038791255,-0.10186564227570179
20240119,-0.5526728751617584,-0.41394954208874024,0.21878756474496616,0.14984893810412997,-0.02892921704458679,-0.16315366117191288
20240122,-0.24348823507905332,-0.262438601640855,-0.07634843270913132,0.9048755974224104,-0.728527221865899,-0.6298437781918141
20240123,-0.5085593953211851,-0.8882518487012065,-0.565823652386979,0.9689237680626421,-0.6222555064328565,-1.1110650878077932
20240124,-0.10785830154880585,-0.19484292969632983,-1.106683756878131,0.00790202296047158,-1.0018444622204294,-0.3382935035103978
20240125,0.5502356186625132,-0.26527637017150263,-0.13512661889405114,-0.688042641729181,0.05071542313920098,-0.26435229000317984
20240126,-0.27577881390997655,-0.5288033589447615,-0.3782095874427435,-0.8505646033187516,-0.12304561067317937,-0.10162960517367534
20240129,-0.07780712520685426,-0.20015588804520473,-0.31669316708019457,0.7517544689272129,0.5018023111409513,0.014684817857932624
20240130,-0.5881996489076845,-0.012508004075411158,0.5076235668408419,-0.08035708712808548,0.873727813133288,-0.25038513417051383
20240131,-0.7398594757522504,-0.049366454912430656,0.23971671842163506,0.1640506176419193,0.6230590974878271,0.13119322040805897
20240201,-0.40753728281651014,-0.011170864064301952,-0.8207752373261868,0.16081199462363865,-0.5894067160996693,-0.28207062297956004
20240202,-1.3149683536341887,-0.0519327877856551,-0.8567270718269383,0.29392444579212185,0.6889057861210007,0.3433058479301257
20240205,-0.6092072949204039,-0.5877970869416813,-0.5559192976011113,-0.5322574326650498,-0.6303894307784007,-0.4153122627273031
20240206,0.646398204666629,0.2887184847017944,-0.11298248214825166,0.4153703262525823,0.4215733137584958,0.7768034295322749
20240207,-1.5670722193492235,-0.23224706524715405,-0.24868182155635865,-0.36722727714531955,0.5215150812033917,-0.2880664050154309
20240212,-0.08915733217049147,-0.5668602573420698,0.36984886133796474,0.42253775763388185,1.2173047164336797,0.7057771563066129
20240213,-0.25486650871652355,-0.6512858255352708,-0.5629207017257468,-1.9186515037412737,-0.5863106576260168,-0.0229618960930837
20240215,-0.02958795145124791,0.8499894593182924,1.0265213785310383,1.2525538157372937,1.1552652451302017,1.0904705814756963
20240216,-0.2062297018910324,0.12352245625140962,-0.8695782689748277,0.8958423965253971,-0.26879272201979043,-0.48633171264456526
20240219,-0.7432846052327468,-0.337278343396738,-0.07008296047613573,-0.4978103148372201,-0.5943933332948099,-0.2337578037383159
20240220,0.6971838102180516,0.06746489036278121,0.41264183269987015,0.6815928987603821,0.12736762212363723,0.2326725727188074
20240221,-0.7519485772268732,0.17230559419761846,-0.7565754625987186,0.09024915484873398,0.4329649850124704,0.33509660965372856
20240222,0.5398291520458343,0.2253598896801306,-0.08503268151094223,-0.4305966840336013,0.3210486678749267,1.0411907506884444
20240223,0.6763346761568171,0.3011998694477084,-0.19187548487350825,-0.8435657690304667,-0.3456250714260982,-0.24228540494108242
20240226,-0.01946306557944951,0.1086214136585843,-0.21568742085708775,-0.12794575560408522,-0.17261882040446036,-0.6165668678540105
20240227,-0.4780893843218533,-0.052387404090198146,-0.14831428457271617,-0.25853335121869575,0.5156620213657368,-0.39051889211538215
20240228,0.4158191187957909,0.18082614691025414,-0.23323415331016925,0.8285240797977713,0.40890148445978225,0.8525155962855355
20240229,0.17348377324379055,-0.1957372545828464,0.12773654890012087,-0.3328816305621251,-0.44536564240220955,0.8204487236898564
20240301,0.17157673033204923,-0.3504745633991172,-0.1896375525037702,-0.0413264910929132,0.4170416085450518,0.2686671758167108
20240304,-1.0781839430743847,-0.05094954017489089,0.3376385217060174,-0.3284963108983688,-0.08025333433429963,-0.9242528524886573
20240305,-0.5913028576709609,-0.5375008891675103,-0.48142114336299086,-0.23948187575837046,-0.09415617399671622,-0.5335539462073332
20240306,0.4573592214425064,0.0890493926145833,0.14391789894568452,1.4533663972124469,0.33427832735172924,0.14260102161253793
20240307,0.23450346708292308,0.23127990434953927,0.25705728333601546,0.9873010401302057,0.14589108966953027,0.6196136311058839
20240308,-0.7158229577005687,0.6040838248272394,-0.06965079624015778,0.24227361460510732,0.5273168560534622,-0.039939537968716736
20240313,-0.4270980156568662,0.19824117136014205,0.04993272053456923,0.8500087418414204,0.5143249980707693,0.127005706636616
20240314,0.18491167283084173,0.45209068268409014,0.06501125401625965,-0.12594747620783078,1.3415572333016588,0.7803531151328129
20240315,0.25276368965994545,0.49231044132281127,-0.28797926933896356,-1.6783995225588717,-0.680437875913808,-0.5062786220553436
20240318,-0.08667477547304367,0.17701676666560692,0.9778606213328069,0.056993970614195935,-0.5947302983439939,1.0865794073146866
20240319,0.3606176575639038,0.41998067306395404,0.6176749264998111,0.3579603980337523,0.6747598313937211,0.031415643929650794
20240320,0.1520371462702726,-0.18015886628277422,-0.14947980141766648,0.7649370171260329,0.5668851780836782,0.026888096962938143
20240321,1.2340340028356407,0.5921085219446742,0.40917546222658574,-0.1817476407286024,0.3085374623108894,0.5144918087453739
20240322,1.364637996592855,0.5969585756092571,0.10211720043663941,0.2096368563806999,-0.1268660224866088,0.7331568106479749
20240325,-1.5078085984089968,-1.1522378127625577,-1.1235327496982443,0.7875546630511321,0.4926456002631309,1.3224225356503434
20240326,-1.3431346397092288,-0.8768811488846843,-0.5672058285735413,0.229420182416299,-0.06886608791942107,-0.10053951106226788
20240327,-0.14179565144384762,-0.9076184430482581,-1.5263334298867492,-1.0652979265714257,0.00858792863967496,0.1921796164204905
20240328,-1.4887236601543654,-1.2704895593079182,-1.0044643455020374,-0.18500521931469321,-0.4105495034613698,-1.0076324296537307
20240401,-2.2766706220187807,-2.9153972605582066,-1.7304499938708005,-0.6474387259525433,-1.8628019568634517,-0.8247265028951662
20240402,-0.8260900708428158,-1.2402149008577372,-0.12557358490711737,0.3339817869780434,0.9812972857538627,0.5977689153230267
20240403,-0.7144526303344546,-1.0186030231351884,-0.07788988803081476,-0.8410286899971651,-0.7736843140361132,-0.09245416230016427
20240404,0.9338784075482207,0.9108015463887971,-0.6427748663402372,1.4838598896159143,0.5346836629738114,0.8238888161120265
20240405,2.389971074745462,0.73779218268524,-0.2163658759314271,-0.20127276828239019,0.09935378177572705,-0.3099229974441485
20240416,-0.7911624165939548,-1.5789456113410483,-1.104368175557382,-2.040156311395496,-1.2841536970977543,-1.1375967255366282
20240417,0.08399944069702604,-0.6379217357141589,-0.267405561111353,-0.8874506097134992,-1.0351711334458324,-0.587027666625629
20240418,0.8036306925300756,-0.044208477333879725,-0.19345829971822848,0.5116490936330179,0.534497204563114,-0.021835834454208426
20240419,-0.5480305529048977,-1.6003018872751045,-1.141997386705713,-1.008540929132816,-1.2137572493545916,-1.5282131518262663
20240422,-0.9810328847499808,0.2598817751815043,-0.18221417294921288,0.1134519328822146,-0.05872071350523112,0.4423494251001062
20240423,-0.371879509297328,-0.07126745909503811,-0.27516420374280287,0.9484350660993016,1.1023215874693222,0.22125882624978674
20240424,-0.45343314563825776,0.04267012430504248,-0.10820023337434796,0.7572930361922773,0.4402876340958435,0.2885184998155882
20240425,-0.25751966198853393,-0.6215312692081979,-0.15567513647957146,-0.39028709087360247,-0.93463994350973,-1.127276239111046
20240426,-0.5995170804240982,-0.5542934981455064,-0.8283084358709167,-1.985494039468556,-1.9150265639948503,-1.9853717573861014
20240429,-0.21760658830336693,-0.7092386609918605,-0.015577514806939382,1.1445570416251016,1.9708420328030125,0.7772573976799351
20240430,0.18353042426019855,0.9502598943999709,0.753436854261349,1.0204384732683758,0.8072502646652189,-0.013691096204434594
20240502,-1.4909768611478789,-1.0643662852529026,-0.992419670863495,-1.1145850927374439,-3.3212122335052228,-0.9551272399191756
20240503,-0.09382108900681156,-0.2930799700914197,-0.0225618649190042,0.7091132472876954,-0.5347200414093739,-0.1471038135053802
20240506,0.30491529634882947,1.0052064142100101,-0.09683256942660452,-0.13194521724939332,1.3689026159347872,0.7305748304388804
20240507,-0.16679216451371467,-1.0286793475157512,-0.03845952091826928,-0.46616809644325047,-0.250911048956767,0.4216725985049747
20240508,0.0350693122942871,-0.2985850500253433,-0.0683925894850135,-0.4761985416227724,-0.39123557024282973,-1.22867409177273
20240513,-0.08466029984717154,-0.36116140748152376,-0.3536846981881879,0.5687637876415412,-0.786565456090515,0.462435486732324
20240514,0.15397126433165248,-0.5533856669490969,0.3300353957064323,0.697795464473328,-0.17142342610690733,0.11789482969819481
20240515,0.39537172739348214,0.8517386543011118,-0.11233979102005112,1.2831945476153204,0.8791930622345907,0.7158329108684739
20240516,-0.3454914250448453,-0.5186244707510604,1.144320507877387,0.9420576871152506,0.6844266399178967,0.5066961903371525
20240517,0.37525946774395336,0.12127064597141492,-0.4675380624393858,0.628658072005832,1.3069673806066142,0.5014055439051616
20240520,-0.0495338651557445,0.5993919308881681,-0.15043853124404025,-1.1090857265745,-0.5840214380433678,-0.2714249804857301
20240521,0.06038760200837821,0.8316767418918933,-0.47871591873098346,-0.730795852370615,-1.3877948063921917,-0.6142599884440815
20240522,-1.2167453739098968,0.2989089365046187,0.24831563995468436,0.31910970057181587,0.6839941070042045,0.1506642043363832
20240527,0.5942242409125439,-0.45114388655059406,-0.2204094297055855,-1.6004484928010627,-1.7499357540684852,-0.7079438646711331
20240528,-0.8147117845936815,0.15822549140348535,0.23744316114184136,0.7833902262672129,1.5318969978398718,1.1829156394057
20240529,-1.3448460747909243,-0.3901605991792251,0.019072617241088562,-1.2441918336027749,-0.7173889540478335,-0.0266051853569022
20240530,-0.2236980899315824,-0.14443037513921533,0.14788555715493104,-0.5892476678461928,-0.3904744301481322,-0.9551200479061132
20240531,0.6846745800363478,-0.6775365177285765,-0.5844746189920478,0.3219221749502056,-0.1935809543362487,-1.47098926779507
20240603,0.1366905906643569,0.08224464512901275,-0.5464519021232114,0.7754070710812083,1.7898317105401549,0.300778433552992
20240604,-0.7873648585282472,0.2336309827618457,-0.0502860684746008,0.8071755196315691,0.3368759518734675,0.5116765622987652
20240605,-0.5978533305067377,-1.2226163351932464,-0.5131312550684906,-1.515153556813502,-1.5193293422025467,-1.6274448687360343
20240606,-0.1668284947076065,0.7109878601526156,0.3008001406483179,0.6502556998144764,0.6863977398540634,0.5816393904941181
20240607,0.08257056926496477,-0.22714595101135954,-0.2953554063530633,-1.1364013325162954,0.503165656346038,-0.2741195841683829
20240610,-0.8227298676644637,-0.5702451585304649,-1.019571061925356,0.74894622366674,-0.7595619229237083,-0.9823177301961398
20240611,-0.753117930678727,-0.5427958218104523,0.638181152538022,-1.3762352164287255,-0.8993663842081316,-0.6613722195132866
20240612,-0.35240639807185764,-1.135596707571267,-0.9568018001583158,0.15618503636475528,-1.3408905134383962,-2.019678326560701
20240613,-0.016464781169301657,-0.051170303249329294,-0.321214010856546,-0.5928133453317356,0.7447594453233346,0.6060443049468165
20240614,-1.2349931203504494,-0.9932157388734314,-1.1620651391662489,-1.0751379675289745,-1.87439138606607,-1.2954181098519784
20240619,0.20279282102363538,-0.7237475515530722,-1.2262216137273951,-0.5931943925069385,0.7452482389269004,-1.5715307550070339
20240620,1.5370482063850361,0.9190709493926444,1.2240784548615502,1.4210663255126823,1.6567176301295543,1.3132917097717345
20240621,0.3460126154706423,0.4931150617060136,0.5842898754322472,-0.28142620387816714,1.5414008845573384,1.2953305074790868
20240624,0.36885027064124226,1.147283072777068,0.7899827721855471,0.5584218079336734,-0.39800962022168646,0.06102166275666149
20240625,0.5602523951303504,0.9396002280222335,-0.04706704678409092,-0.009884405258883788,-0.5802545781799829,-0.07035724113944751
20240626,0.6933093932831225,0.425812960923405,0.3784345707252508,0.09855908186010118,-0.0484975148038932,0.5532040499980884
20240627,0.20333050389661134,0.13690559801853516,0.4383464606010994,1.1055741660361347,0.8001292752098217,0.2905492395165286
20240628,-0.3559281094274087,0.48190300103756883,0.6768627062629304,1.5689342990225148,1.5860484027302044,0.5739064748587892
20240701,0.8565888013976033,0.356009098792869,0.8968428094261609,1.416059658987965,1.2306783504322723,1.2269236184107488
20240702,-0.5446554051895367,0.5043222048605909,0.7292292797127296,-0.24256814822538772,-0.1568356652326547,0.46704662585400425
20240703,0.055155670281264384,0.8027838995447419,1.0863715418841389,1.4014809381864466,0.9752136526392137,0.9925313480995285
20240704,0.7825728186887345,1.1001707025416558,0.19149610964323807,0.1521538677377252,0.5949401639264174,0.3810498405840944
20240705,1.428028541912655,0.5947983020908794,0.816553924819814,0.1806959349992911,0.21142335001515575,0.5688078701910644
20240708,1.3033719064225653,-0.2111594873519809,1.1849276687348587,-0.45359778607118334,1.2621069572458588,1.5224777030814056
20240709,0.7505359991565668,0.7105008399650707,0.3114893674724421,0.005962794485186286,-0.4795367017935904,0.49627491529910495
20240710,0.8048624218270073,0.41936888252420546,0.875462699809769,0.3824264055233954,-0.25029800272377756,-0.302523574639836
20240711,-0.051398397182285775,-0.22153676075599074,0.4793349306359816,-0.002817350531508437,-0.10387714688464501,0.06576281892160524
20240712,-0.3627955992628959,0.25216271299163034,0.4918936432300086,0.1282937270340016,0.30949409956264,0.7489743624005438
20240715,-0.6594145246593924,1.0037522836576975,0.23672905328449376,-0.934999704893789,-0.3787032244904887,0.4071178777513157
20240716,1.4320068691880032,-0.1943081366281263,0.27606427773388026,-1.3180051491248361,0.014578243815278466,0.24213453056095408
20240717,0.6594082541263444,0.49262921791621544,1.4488230119592083,-1.0260566350231184,0.3863101882760443,0.26891906517492925
20240718,-0.29938582290760646,0.46216300013496037,0.1904152889231569,2.183631129639858,0.7248796086735348,0.0721633862535822
20240719,-0.869732749585512,-0.24487266818937645,-0.19683532168928478,-0.33284035704278647,-0.14466016898081008,-0.680658741437868
20240722,-1.0552569400761456,0.4741619932372076,0.4545756210446438,0.44366182942379584,0.6548756716878291,0.23064763025157448
20240723,0.742019087737859,0.4099370627799478,0.30308647649362597,-0.1914552353620077,-0.5085003528299623,-0.4740468597793502
20240724,0.12174639915563283,-0.26215679673301107,0.5708821055077344,-0.8313497892417958,-0.15044722499162685,-0.9440245752320223
20240725,-0.3151053649947944,-0.7533252057868167,-0.23673652936825282,-0.37952468157305813,-0.7427192102028206,-0.9526305448404927
20240726,0.05329958742176815,0.29341524288734144,1.1589206365996487,1.0701586248934178,0.7856888083714622,0.8340866238688954
20240729,-0.34815406857568665,0.11700207660211309,0.580652701394406,-0.05587566405510013,-0.015672760240041193,0.5546215517594345
20240730,0.08547859939420548,-0.020329084950084488,0.29990884981997395,-0.5451901667299318,-0.37624778284580274,0.03298385608895466
20240731,0.06955819800998746,0.1904515057300257,0.2653494947381755,0.0940104231249414,1.3709585821379031,0.2998317341769478
20240801,1.215420155218065,0.9093584475725056,0.931178389183281,0.9192512791039686,0.14903283989785684,0.09515935229758217
20240802,-0.8362168864111492,0.4062780867261092,0.7467036501079154,-0.2776470407150828,-0.10966741682669659,0.1290154125752701
20240805,-2.9540678252906094,-2.055051375483875,-2.4296913908741162,-3.63535126162444,-3.544293783029182,-4.367493491333831
20240806,-0.23227638128796702,0.49137943045743815,1.4164211573923782,1.0715916919629924,1.1116893614429029,0.7162359457940728
20240807,0.9432904188126068,1.6415919461810813,0.9878304564408361,1.3985699069036865,0.737714176190542,1.3260050438198352
20240808,-0.05986219966439739,-0.5748600803308046,0.06650996817727534,-0.7351735713443871,0.08336747327021904,0.09816837882233402
20240809,1.6026055027348607,0.22524427746639758,0.4695547218652508,1.1877359558417335,0.3940980605527342,0.8292789073299717
20240812,0.44109260080192997,0.7828266606729081,0.6453650416200024,0.3427461135373692,0.835851164807765,0.9900625400092249
20240813,-0.12460202338235506,1.0375040081564637,2.0414431057724034,0.69339898658929,0.5203274529910193,1.4979126727503134
20240814,0.14361304144402776,0.13991153306440557,0.5126144234760652,1.2834059433719687,0.7427681172342887,0.8802130997556998
20240815,0.7234043359002973,0.25458312815742096,0.9452195487640737,-0.5711344937623822,-0.11986989395983663,-0.027483331399530766
20240816,0.07067580154135344,0.8819919608781989,0.5323503193063972,-0.10025475806457712,1.0874859794524498,1.02940334799875
20240819,1.0387644949249697,0.7669293402842811,1.0428754295096985,0.8438840504003312,0.11043208654793395,1.3879950273238764
20240820,0.5723564859510887,0.8767208227002294,1.05128046282658,0.667817173867605,0.9316851357707027,1.2261418561228759
20240821,0.6054166569119633,0.36904627474737395,-0.5213809302150499,0.2697825351148109,-0.058203202882855035,-0.07573859527725267
20240822,-0.20902399613239808,0.23737482443610672,-0.06256866443107459,-0.6996586573920467,-0.62567708230683,-0.6822469718646563
20240823,1.0559456085230883,1.0968731472362194,1.2753967116259057,0.3166369781012781,1.3181043562771353,2.110838315879099
20240826,0.37667572134660154,1.0783099756903791,2.001672642050268,0.8332294889707775,0.6326473244515117,0.9959479271565781
20240827,-0.09174834979726997,1.4843966267100752,0.945472468235164,0.2897536262011719,-0.0608277352360244,-0.184763089059011
20240828,-0.14348728377143552,1.4885434207521178,0.22541723816183945,1.31997835028682,0.10072297412886157,1.1182368026321923
20240829,1.1655402877800163,0.4352716276378967,0.18019047387028056,-0.1927942052569369,-0.47880180410036594,0.4835798945279067
20240830,-0.6427943628598004,0.7240299189502415,-0.04723827728911721,0.9845921049587788,0.07739067249909405,0.07504000180932259
20240902,0.017261802635216875,0.01717474204263238,1.4172711311103985,-0.11755059616887127,1.0027834704671001,1.1298495206117143
20240903,-0.5375422271664823,-0.35332100123091165,-0.5926413218538539,-1.326577441425863,-0.4839135917787639,-1.6245165655051648
20240904,1.1422055943475788,-0.5967785841645884,0.4211362744323624,2.074921646420006,-0.6416554502637085,0.055184886760356676
20240905,0.27406311696481866,0.006686001030120544,0.08166945812705362,-0.44778338336750556,0.7837401410253323,1.2137636151789188
20240906,0.47002525183738164,0.7328090680508452,0.620870047515013,0.6640305031595928,-0.30053595087601975,-0.06549849121664639
20240909,0.6936850900620329,-1.035868633017342,0.1032759185311145,-0.2582379004054608,-0.6594863133830512,0.25089746719991973
20240910,0.4791714254943695,0.2854251765597287,0.2653409407366498,1.2942623803253057,-0.08533702101384881,0.24981371199039715
20240911,1.9704452926549603,0.8956846391497644,-0.31069840344545124,0.3863876653312441,-0.21993352781591752,-0.9838315946668887
20240912,-0.4677872868349307,0.8587427886375492,-0.6906118024909212,0.07414893824619344,1.4068484729346105,1.6558597993773214
20240913,-1.8721090711897956,1.2830408409121765,0.01905957796585427,0.13527001654715898,-0.24559405584182767,-0.47333885487687766
20240917,0.2660588769693018,1.335451778652873,0.027924449757073495,-0.5348336271721232,1.136637762721223,0.21537750507442005
20240918,0.9388618278597686,-0.6127143574539402,-0.04177410764955495,-0.37573934958907695,0.719093093690843,-0.04777809034402307
20240919,0.10197448367524967,-0.5971987391799026,0.5423858748803215,1.1905958223754116,0.6618426259280301,0.855106337817147
20240920,-1.1430535456267126,-0.28724390502150954,-1.2399860421018873,-4.390963735237364,-0.04376448276153538,-0.841052267383752
20240923,-0.10678088121523596,0.05934899231419715,-0.0174587502788475,-0.9252841226160282,0.68922676113533,0.8795548195673196
20240924,-0.02877821846700169,0.022526747559954256,-0.1412837316011081,-0.060187527715117754,0.6181847030769672,0.9955427216554467
20240925,0.4815776488873906,-0.6016375454178281,-0.02771729273261501,-0.23385224070589322,-0.18667065222555657,-0.9375862427411354
20240926,-0.005884409174557254,1.2857272960581745,-0.8461173535615549,0.4112692397701445,0.4696041729606579,0.3565671557652595
20240927,0.5106638073544608,-0.029634805557740715,-0.580384349477481,-0.7980683464271187,-0.13793330224314193,0.4676938297952586
20240930,-0.6726940147387602,0.318704791216413,-0.22534853880658215,-3.0566612845615087,-0.6081917830145958,-1.122531294445045
20241001,-0.44838964603833803,0.899528930212643,0.9545902366282305,1.621380597351759,1.3878619049746819,1.0753829790990759
20241002,-0.7389880286522695,-0.5289723143689378,-0.6498350694622709,-0.7228758864170062,-0.6899277424858348,-1.5887870075401687
20241003,-0.6483839756575803,0.3524621059015375,0.5980614214900928,-0.5512173951813873,0.0187166962348137,1.2812706541477512
20241004,0.03278914452572491,-0.3742623340435995,-0.25369048987132325,-0.524302970367912,-0.18004976205633227,-0.8216055135645699
20241007,0.8480278180972183,-0.11095844024654586,-0.79879053334435,-0.1149164386795877,0.8995015709292329,0.8019056775649928
20241008,-0.6781262825194608,-0.28128910736903545,0.17924090484574765,0.6262119125951254,-0.1421293969297762,-0.32634510559277385
20241009,-0.4861453959788365,0.5926232754318419,1.33320375477288,-0.7130122127414011,-0.3576599769370453,-0.6498660308968113
20241010,0.40135956932652844,0.1142212821697978,-0.015079670062564538,-0.4710769333001423,0.011472251156706116,0.1922951739997577
20241011,0.5916111085575612,0.4933572702091012,-0.40627130532998373,0.3197243193535074,1.0551104866314949,1.1226322678850162
20241014,0.6541175022601977,-0.199948228877872,0.6234086708738396,0.7941856569032315,-0.031345574483938383,0.5258435314635883
20241015,0.5751038846988435,-0.3216150079887803,0.4111167715514096,0.8277374619701837,0.3489277111285112,0.22616362284703534
20241016,0.6757100737626216,-0.051464182775833686,1.0403359654590674,0.5443755866707963,0.309984713585564,0.223910185844205
20241017,0.4110587818123492,0.45715133385215145,0.4993206763321631,1.3832543204323133,0.903785356930411,0.7943459906728185
20241018,1.12678781084877,-0.11194804815871003,0.5106544252614876,0.3811719822773027,-0.2547322682815,0.912802555664213
20241021,0.2130980538940195,0.5543235967587543,1.0473178214633476,-0.11446460083892576,0.860605378295857,0.9317789021531094
20241022,0.10156885620213332,-0.6431447353846544,0.15713908860373732,0.48608124823723686,1.106034939039718,-0.254140114225101
20241023,0.3257183919653665,1.0377126578487568,0.02051966622229867,-0.12070677383999476,-0.24645293131721227,0.2613019237476026
20241024,-0.10164718328151288,1.5958074839811816,-0.05079068271510676,-1.104141841993689,-0.4222847151696287,-0.8850523538930476
20241025,0.7425747443835324,1.7630275050427147,-0.5998603113542587,-0.08295868903490053,-0.9534821896513437,-0.9340249938798268
20241028,0.14899108259776925,1.1416256517472736,0.12122929242883598,-1.1995144645305842,-0.16906718850017644,-0.49301902493826205
20241029,-0.02337421018200965,1.8922784643906276,0.05810774111885983,-0.3031932935132682,-0.3102287542462229,0.049498821001874777
20241030,-0.0227935150465876,2.675333943412992,0.19157330008544457,-0.7678558884728901,0.006010515272288649,0.045510552169034386
20241031,0.7285030534347039,1.3304859733230046,1.3896155423821177,0.5145111475776316,-0.02616822623910734,0.29747855086551916
20241101,0.6692184322663701,-0.058752609159227476,0.8319256190561415,-0.7088203747133837,-0.6903632676869789,-1.7929189809043358
20241104,-0.31608134629856255,-0.947823092881839,-1.05309272805294,-0.550510244361085,-0.0005831551729826499,-1.488992180721415
20241105,1.1486658881851466,-1.121697718869386,0.21420371118415363,-0.4748777095523594,0.8124656242096268,0.26143356433895204
20241106,2.850032511238152,-0.02667579812388582,-0.5209566004300453,-1.2833796087110156,-0.9757823396009974,-0.8442597497104601
20241107,1.3457040460457865,-0.6648235981007313,0.17464627476294808,-2.621211276728474,-0.9903981023877091,-0.5626787304838244
20241108,1.2711315462122414,0.739192592119636,-0.3281043869099325,1.796766908106668,0.10579405610901015,-0.43775569304580975
20241111,0.40169503777295906,-0.5455870442235382,-0.9618580761336067,-0.058872025232505704,-0.11584682256009457,-0.0805188951082464
20241112,0.7790210484047807,-0.30209281118609677,0.07980584609505824,0.9509120895619672,1.1080586408535589,0.6433731865328954
20241113,-0.4923477381082487,1.2654526978683356,-0.2960889855072837,-0.15978549077254478,-0.42485476932399224,-1.0881931466839612
20241114,0.5295757331008643,-0.9734823363087958,0.012903698658660513,-1.4403791388896894,-1.0023099077186584,-1.2440943607900719
20241115,-1.3392244309728791,-1.2747592970534363,-1.533646604116878,-0.7605914290935415,-0.5487959379682159,-1.061808835089715
20241118,-1.4807060617093173,-0.2971016860090099,-1.3467820233098104,-0.6769315010691178,-0.46731861267154146,-1.577201078115106
20241119,0.9140310085590329,0.4778983465401089,0.9376169621473566,0.6009892997560026,1.1391768017584256,1.6235276066601096
20241120,0.804084192786871,0.3854121571725789,1.0394979041320993,-0.2591536021483436,0.09526195503491323,-0.17628743806949512
20241121,0.556601191523597,0.21782020119778261,1.9602154223681567,-0.5190711144697908,-0.2665459030781016,-0.354058180060628
20241122,0.871334086645982,0.288717412386737,1.4411875138063734,0.7281548173826454,0.20357250825808496,-0.48593885556852356
20241125,0.23556410625676139,-1.294212582899199,0.6591942787346564,2.0812447526859703,0.7322938293639941,1.5588076228930332
20241126,-1.2339647932116877,-0.8171133742611195,1.3201462067256082,-0.8327997320262603,-0.867136403066888,-0.8445429383193249
20241128,-0.5682268747847363,-1.1570883733126933,2.2108806547434803,-0.21812928344045537,-1.946814912698664,-0.18151649237356787
20241129,-0.3572550407180203,-0.8092880935928306,2.4144405979600836,-0.9306622788293399,-1.4662477126997988,-0.2262956908779037
20241202,-0.5686018405617393,-0.6014809660005763,-2.389470337046553,-0.6652415158339471,-0.4979823870002302,0.4261937541085877
20241203,0.06068708011817844,-0.21996977233464848,-1.207764637957186,1.9878591170881428,1.2531494131897543,1.4498449312336155
20241204,-0.00403187964279419,1.5148875695922281,-2.317028757719486,2.3028038430059334,1.380776124167178,1.345658812580092
20241205,1.7712991152126922,1.9525832077207095,1.9764761932224317,0.35249698475011587,-0.053639428110758613,-0.4498918566065431
20241206,0.47369588188329576,2.0675590128564596,1.008472423381083,2.0032420619525104,0.1911975450534963,-0.3359682366463591
20241209,0.07248299293069095,-1.300997082398481,0.46082933967016737,0.06175234483974348,1.7937467373601155,1.2225852022034607
20241210,-0.032528254281844374,-0.5083689510969225,-1.0772765987644508,-0.19850817612344154,1.2288979702463751,0.4659914408032368
20241211,1.1490648267365244,0.3769931843285259,0.8180530706720642,0.5249904527884106,-0.4205503288563225,-0.8810213605138848
20241212,-0.52295110245979,0.02558460199610195,-0.32476475477293393,-0.5646708934292842,-0.3464144679583543,-0.9728673640116351
20241213,-0.11086607251140253,-0.960923290840617,-0.5587958094054121,-0.7996698109317397,-0.6433818313720776,-0.9131773560872849
20241216,-0.1357073771867271,-1.1375670400725866,-2.3444076338110356,-0.977161322968173,-0.7923718321830259,-1.4837604100592199
20241217,0.867645009483736,-1.6920917245917624,-1.4615396593890884,-0.4931286041622445,-2.075008679248803,-1.8634364817319535
20241218,-1.0481595424407293,1.405272494984213,-0.38573915481715326,-0.6054006275434728,-0.1351213829802137,-0.49199463078274414
20241219,-1.4672951324396446,-1.5567460808040758,-1.789342809542005,-1.485849546976383,-1.7678325173318066,-2.8870656465474287
20241220,0.10402637532270385,-1.1824376509579666,0.7354750947769966,0.6578161194653467,-0.1628726235780794,-0.7044144297405754
20241223,0.148724940364984,0.020186515687497006,0.10024878548347398,1.4698851127384327,0.7493444616800651,1.2691877260706517
20241224,0.8169971426254278,0.2391115803011722,-1.3717096025444178,-0.48529105970461556,-0.6046893156279263,-0.5234027338208866
20241227,0.9036382449786606,0.48000287908091277,0.6673789403396221,-0.25499060206324087,0.2381442040076755,1.2327150570242813
20241230,0.1942000065462001,0.3138219532609381,-0.10316774308762056,0.6166797697649397,1.4331022899715413,0.4646856000990296
20250102,0.39940427290452946,-0.25095818139968823,1.5080871814423498,1.2548863791760174,0.5534514202749713,0.24951001071537643
20250103,-0.429671293635463,-0.1784175702527207,-0.30876002904495126,-0.09746679464358561,-0.26276199378337006,-0.5141126783312224
20250106,0.1031534647067788,-0.10656430737402717,1.2073143206780186,-1.1848320480118748,-1.2263870763658722,-0.47261036508017934
20250107,-0.10662742246477416,1.0188268489338572,0.2764389176347757,0.947772556639703,-0.11997972417607111,-0.3365275153486905
20250108,-0.531446696498368,-0.21802762647032906,-1.2606016804293896,0.016369735750708294,-1.1562783291811543,-0.7211558327607561
20250109,-0.2879757265632028,0.26873122201959176,-0.37015331872951057,-0.14040797395531054,-0.37148200526686836,-0.42903468888793644
20250110,0.4569211270908773,0.4495494191694988,1.1574653371856145,0.16285121802766037,1.4096210113397902,0.6471584163183463
20250113,0.3864795925405827,0.06565828256417522,0.6887040820182178,-1.1742543910683503,-0.3699034241241615,-0.09326105420279857
20250114,0.29780220225967957,0.42440377972982996,0.8619295267969076,-1.612658735507574,0.9019014590914923,-0.4097195949841583
20250115,0.5517246545203008,-0.06970143254163115,0.5139637358813967,0.5346622956348781,1.6019428585761983,0.9761470364822137
20250116,0.43197290038668135,0.6298323963412602,1.3924204919817316,0.691613896552015,-0.4558231621559192,0.17754525193493545
20250117,-0.42735326061984735,0.3125181789435976,-0.35344040711972285,0.8777027827674134,0.2867926580210248,-0.26409973276676224
20250120,0.9365699195003803,-0.15241938273183214,1.1229319313441959,-0.3332697871379,0.625186213530963,0.9176670895620967
20250121,0.09497581311056877,-0.4616049601923312,-0.6280745285136718,0.17746191164131836,0.5078724746120127,-1.087830983864246
20250122,0.1275814190075452,0.6946171199276112,-1.4031275396247294,1.1099191821942096,1.4076775607942122,-0.16169938120267907
20250123,1.2223053283636094,-0.1653772114731201,0.23870591977339256,-0.36613842447506767,-0.5451451018140899,-0.2001923209397142
20250124,0.6765573057122962,-0.27619309054812813,-0.6482593422460552,-0.957128311226922,-0.6666845597613953,-0.6222062728988499
20250130,-1.4051191371932301,-0.4501613210933581,0.6717127404372715,-1.6708334031557488,-0.851353675272906,-0.8934241552186334
20250131,0.06990887712532975,0.5158827934268823,1.4706310351885055,0.22924792014702858,0.008519205336505391,0.3918653841340875
20250203,-1.1421821362379705,-0.10378670442591964,1.4715878608901944,-1.4427079538773677,-1.2324564389921406,-1.110175158736053
20250204,0.9585516810476268,1.4593553663457068,1.4603453157363961,1.5864006129641446,0.27212385209359835,0.14027543630923678
20250205,0.21152138528265862,1.4009233861555184,1.872974709126283,-0.1851560937863109,-0.06447589489400413,-0.4702679856294387
20250206,0.49413829279990695,1.5052702570170502,-0.4617661222687424,-1.9788702686789819,-1.6810307471384651,-2.125702318684076
20250207,0.25077890730659363,-0.7748900841544982,1.6224856376990786,-4.74275115179644,-0.26102836803283375,-0.4986819699752357
20250210,0.8352169991300072,-0.062092896009213326,-1.5749454466089319,-1.2848222674324168,-1.0433294554994466,-1.0403455057418556
20250211,-0.8684125446941913,1.2070218052767276,-1.3177088938509944,-2.755249772620274,-1.021364397716284,-0.9232096347323662
20250212,-0.2603862021439213,0.4022780849013723,1.093348088583414,2.2862130130854785,1.1005117858945814,0.545365604076625
20250213,1.8667513010482073,0.23417179601842023,0.45571018396248975,-0.9064946133183671,0.6842971896552356,0.2747821292684047
20250214,0.13554893796078357,-0.4707959766427541,1.3107695848529195,0.20908986529182047,0.8011269471646978,0.8126684913697406
20250217,0.28234622969060214,0.2860624546748574,1.1711989890889805,3.716955592390478,1.0632535882821423,2.0366719467524255
20250218,0.900796772305152,0.5014756837307754,-0.07205768063229444,0.4329855320463839,0.4672159315278348,0.5874869658505288
20250219,1.8719295359443098,-0.8799629619988604,0.03295329399731606,-0.8270936913305654,0.028103740344513423,-0.4870568541221729
20250220,0.46758035934668946,0.24325996214393875,1.7931195900971184,-0.22169607412717626,0.035593298928419025,-0.4458875783155221
20250221,1.429886766105608,1.2567191432934552,0.7796686072086363,1.0009595309242383,-0.42704090860219657,-0.7531176454244074
20250224,0.5049235845404298,1.0536731824470684,0.5901222969155183,-1.2831077682674785,-0.7901000963564374,-0.6275853590425401
20250225,-2.732763496568331,-0.6421512858733173,-2.5432522865658957,-2.2596915013575622,-2.820595635455546,-2.3795864494522805
20250226,-1.115615406222374,-0.5147696650720999,2.1562885003279275,0.5839233135290364,-0.6076206238280474,-1.1329152272842447
20250227,-0.016505962344972112,-0.6404525894404057,0.2860102716493798,-2.0935022181065266,-0.5916683880924634,-2.077451465080853
20250228,-1.423478827043058,-2.9370046977138733,-1.3935635646362203,-3.016702798529121,-3.173455930270417,-4.322389757948265
20250303,2.6271485479819936,2.0177024505993106,3.3644138939818333,4.25634435278183,1.9638674750876546,3.2973938783107726
20250304,-2.3895744832944255,-1.0171603731980972,-1.5714427030289055,-2.896028362644729,-2.119990536345969,-2.573796443672132
20250305,-0.44201828867971016,1.4522608898623586,2.6963970347718935,2.138572914589458,1.8456475069847254,1.4231621310241673
20250306,0.3213581097223749,0.5000163906084816,3.937492753570191,1.3984750523858969,1.8935379723581895,1.8637825670583925
20250307,0.5523657608586011,1.250451061405213,3.5833863673808595,0.7318210679413875,0.1570303402310397,0.9387199204218301
20250310,3.0147738104578727,-2.6209436114286886,0.680652176857165,-0.4925498764105054,-0.7254409147784798,-0.15623616698462223
20250311,-1.0541232042500102,1.1714687970977622,-7.607457565218533,-0.618680282112597,-1.6437669155294705,-1.6677977249024514
20250312,-0.9660943389350937,0.19143322316387962,-3.656323124251436,1.9221416418712438,-0.24804558090018047,0.5676232220973015
20250313,-1.0543656659422074,-0.21143177713540484,6.522706830726051,0.2976940416785643,-0.9691177920107559,-0.384997307737761
20250314,-2.179430849579702,-1.3431170768338736,-5.295986610552812,-2.381044513138297,-1.1509326094946397,-0.8151809437648481
20250317,1.3054829657848603,-0.2915752530844853,-2.679892320128142,-1.5320004607452773,0.5244967788247733,0.9995252642180926
20250318,-0.3065262600322428,-2.316642671573934,-3.456408214035463,-5.570423722984604,-2.461997926684074,-2.5546068418036443
20250319,0.7487322405641803,2.5631624482171413,2.5299074300603985,2.195009293817403,0.848830064351897,0.27535705151902456
20250320,2.849934146909797,0.6149714950053787,1.0850994279700263,2.6054804736987807,0.4581497139560028,0.4877796060525867
20250321,2.030014832573475,-2.2936534925405683,-2.345769604605429,-1.27723431542252,-1.1927238563717228,-1.9787249620564273
20250324,0.006478932441884983,-3.312969605022622,-4.469908958838096,-2.0489693317861364,-1.803922876590084,-1.53458959522747
20250325,2.289712789655412,-0.7250091090525599,-0.19953337770417645,0.41852500306452445,0.37756734911053647,1.7772915464921233
20250326,3.6618621250434384,1.477310033034231,3.277454612403994,3.5976107548106198,2.8833353817589265,3.6593236195716923
20250327,0.8079139510353964,0.2892906611185768,-0.304927045797417,0.6585464195507729,0.7412638778719266,0.7929024184242106
20250408,-4.1220212451909735,-6.667370097636017,-7.598193170330035,-7.595200319118993,-8.13548404774895,-7.993223533996244
20250409,-0.3596545170191128,-0.36372571041541457,-1.06606005466579,-1.3440513242593206,0.37077144319618655,-0.8598353926622082
20250410,2.0899011578882267,2.5866427046128226,5.0748208409447555,4.888833364997536,4.452859028824866,4.691879020744521
20250411,-0.14433589847752773,1.1117013705077587,1.2308598565972777,0.7091468152306679,0.6036206695464911,1.3488425646751874
20250414,1.8861800774460324,1.2026728324473517,0.7741107653537758,2.220644482819363,3.632867347920335,3.02903737776522
20250415,-0.24147175094204548,1.0995753492385079,1.7279272262253749,2.279700139081291,0.5086366176812163,0.6442134036369938
20250416,-0.021371797750159592,-0.377620763690504,3.142861088951438,-0.7346082442409693,-0.4351612172139769,-0.6081439042144995
20250417,1.0973626938133256,0.1357113389874407,-0.7691401017790999,0.8864815712593433,0.33159739149174755,1.425519344414503
20250421,1.2430829613481387,0.9665391792810735,-2.4265728431925546,0.32497193713940986,0.6010917712060434,-0.3296057330318276
20250422,-0.622957187352698,0.7559038042863734,0.424694656913999,2.076936200640783,1.169294794150297,2.3392826126619863
20250423,0.7218072628175838,0.9709204356285895,1.5232722643249645,1.672035528376764,0.24907975836144639,0.6629862911164913
20250424,0.18357898142257656,1.3633898291658557,-0.15650698952279662,-0.6769780077345131,0.14661317645540448,0.1536328469430151
20250425,1.1151138172417816,1.231712147390949,1.1641010474834856,0.8364024015357198,1.5435841053721862,1.2753169266777735
20250428,1.1663220478345453,1.6660845443202188,1.087595371537642,0.7627301396639959,0.5330853844317711,1.1258286336572954
20250429,1.1127714589913948,0.7976565302384584,1.8677463658400513,0.19577555309069564,0.44773818224873213,-0.024815751468828938
20250430,0.5345962891081752,-0.35078328664481556,-0.15949488010205046,0.32799224930929893,-0.03335290295472627,-0.19127275772377347
20250502,0.619856990801842,0.9764506221172716,1.6173075401850892,1.352966627160461,0.24056633021290647,-0.5531776850348409
20250505,0.9412169673824408,0.1424363758037211,1.2648612895178948,0.26400437404203975,0.1436485511114811,1.1155976894034143
20250506,0.3399589425652435,0.6325493960343133,0.45667479730426414,1.293192731347311,0.8283822171517466,0.20545062186266336
20250507,1.02701844127446,1.290427638474378,0.26294322102821843,0.32339551212886614,1.0301365047019142,0.3542735270628551
20250508,0.4546881461863522,0.3658743579556732,0.21464933739793438,-1.4847454570057017,-0.9774919370638168,-1.1358347604725447
20250509,0.20892787598694929,1.1965331953993463,0.1300315019185384,-0.10321395319051589,-0.12312534202460741,-1.1487969149153534
20250514,0.9849752505668932,0.87661479346489,0.8612250199922367,2.3516454045778077,1.3098535385076495,0.7126639685900569
20250515,0.7075516923512991,0.20338745355674795,-0.3952186856776274,0.6703829407287922,0.6148252973095877,0.7875330241166227
20250516,0.04795175815611421,0.014070017011292736,-0.11404203464643928,1.0985154314625611,1.5981851845568489,0.5661502123859731
20250519,-0.8695213658698303,0.9802962866404403,-0.17010677679406733,-0.004844671566270232,0.9768144470647836,1.9997748080312725
20250520,-0.7201597072368464,0.28495775426081604,0.5417873341624906,-0.06983740526576042,-1.187670625159615,-1.158969613992245
20250521,0.3234879884992525,0.48266022794876995,0.08011583189948937,0.7340523234667835,1.215866892524858,0.9004509216666542
20250522,0.3858732233290074,0.6886790279612909,0.03442358480833996,0.22268370977565405,0.39057163799106337,0.46593581604936823
20250523,-0.0010357822136249266,-0.14930069287448247,-1.590418801551365,1.3652865357721706,0.4152242832858537,-0.22258644369443156
20250526,-0.5396764359111685,-0.6524497812249632,-1.8925145315002068,-1.0330104457359257,-0.11445720342741497,-0.7032914905390473
20250527,-0.14034800642852288,0.8832259666280506,0.5248154404934844,0.20749297507101924,0.14582560170256703,0.8927376123790312
20250528,-0.22986138997376032,1.6195200242358396,-0.5967943316134872,-0.6427339031188094,0.08285033003510399,-0.3177267444483014
20250602,-0.2319774828000035,0.5844155918023989,-0.913520543935073,-1.6127421464156646,-0.5054627321154692,-0.8470823980177011
20250603,0.13588279586977675,0.6713828410271728,0.45866287503066394,-0.348741700897509,-0.5292788978169591,0.03115790979451484
20250604,-0.6700074272671661,0.33739350973276117,-0.2947996014611527,0.3135311136120431,0.963805102009424,2.3815976772510328
20250605,-0.17984826815335495,-0.5192646852423942,-0.39519818007427077,1.3281471379311052,0.11665689781789168,-0.7549611236286463
20250610,0.3616163074885336,1.5153697292867652,0.22111212858005636,2.400984195956059,0.6518323515417433,0.9616130213936036
20250611,0.829845868193984,2.2010166640632214,0.5479178789077681,-0.36338153536256046,0.9835229266348835,0.898373633350558
20250612,0.6819413204511809,0.5591268163697083,1.1672720857561818,-0.4127137244759509,0.07307071813246566,-0.03771204532006916
20250613,-0.28949625090149234,0.8127672709505368,0.5760043301117758,-0.424170422416524,-0.33936868770446427,0.12956867732603047
20250616,-0.38742338164540874,0.7777810526872397,0.1263357203071999,-0.8261216942968934,-0.11115288686144233,0.03842872334505514
20250617,-0.22081378766981882,0.13254219382836024,0.4435821448752572,0.9147039217485273,0.4489122021932469,0.9948928239576618
20250618,-0.22574906987733434,0.19404872203058418,0.8995073515038751,-0.664764029373153,-0.6157426728320506,-0.7832139828821305
20250619,-1.7408370364060424,-1.7082444940109323,-1.3453800283305493,-1.7639672074708366,-2.173706456620524,-2.4292206155905998
20250620,-0.12832456055175073,-0.06242385773866855,0.6511265518811717,-0.7493633084400148,-1.3025211764129696,-0.8836969725844244
20250623,-1.173759274928074,-0.8307732123412471,-2.1092411153022286,-1.756237152487037,-1.8496521959096048,-1.3830150874355442
20250624,1.0437106651467458,1.024008304753863,3.5987662097399937,1.6350019717322455,0.4633465964513479,1.196685917398564
20250625,-0.7337005125708672,-0.7128482731301199,0.997392448162493,-0.47164776709025386,-0.8836310030820065,-1.4298462970821202
20250626,-0.004600582307599974,0.1154239675152046,-0.9797761065412818,0.9025345374234096,0.6198556878519551,0.6284989701576552
20250630,0.2955959651145593,-0.28805597463313903,-0.7617351771138077,0.5964365674442127,1.5777642925405913,2.0976615028012
20250701,-0.04452853778893208,0.058424736675223694,-0.061130269987998316,0.2997630275345071,-0.7841186728128504,-1.5581725598032015
20250702,-0.333600410328833,-0.044997036620584754,-0.18404718795689157,-0.6211852216503992,-0.19506595603308893,-0.1340551080204183
20250703,0.3367584109536182,0.5688585426094549,0.4986605872936569,-0.27416893473909254,0.5612139367830161,0.7908933681067283
20250704,-0.7256077221316655,0.8356689329620112,0.036449638110490415,-0.2773570621491116,-0.2226017766363728,0.1728320331908124
20250707,-0.12235298993596318,0.3761226365785594,0.08306730160444904,0.5969614905465167,-0.1786990721904929,0.3103131952010643
20250708,0.5099892110952124,0.06682144659828426,-0.06842329776993407,0.6312644986868249,0.13068864764386723,0.1641663048822109
20250709,1.193374710433342,0.6044070665740439,1.205932961203055,0.5426454463863905,0.46857557904258557,0.9213427759188538
20250710,0.5230360799536019,0.5802780894425844,1.4338581698687352,0.4427295547946703,1.0186914555972004,1.1221201174269546
20250711,0.08298867513255198,0.7121652326610622,0.48787133637585806,0.1461780085672527,1.1503041614320115,0.980233351893953
20250714,-1.1019127317864141,-0.5172408652439645,-0.6401058794774755,2.845009224278842,-1.3342499505036833,-0.9150664095159546
20250715,-0.8004069142310959,0.12547493475889632,0.06079328354496519,0.5273410674936738,0.7059857045999848,0.6069043112097715
20250716,1.0115513625529875,1.5403882295764237,0.38090776697771195,0.6945650645551812,0.7762379566123037,0.6447844894174196
20250717,0.7820344992723209,1.7841239900452217,0.6661018492350287,1.619480824709825,0.636902097137197,0.6467376499568013
20250718,0.5441736072715684,1.219613695650946,-0.23243277710106686,0.3805288586857936,0.16490547505031852,0.34980915287623454
20250721,1.3110042542486797,2.104884110869542,0.6250664361010927,1.3972127651463324,1.2044423942668383,0.8192502346189858
20250722,0.5451444987782128,0.5880276133386128,-0.25063342932143096,-1.1274976077387664,-0.8867028364987739,-0.7038801784927181
20250723,1.0607852632608983,0.5383480374596998,0.29004850744101823,2.182417299077075,1.4406531676275596,2.0584855784547034
20250724,0.46085654115152613,-0.6900677343246153,0.29935212992015175,0.44419781048862744,0.5395375819004268,-0.5454025679707694
20250725,0.5619676037973962,-0.587709164279259,0.49956154209371006,0.3472724230995851,-0.9368836863789859,0.1423644897083987
20250728,0.7534875859533544,0.7073741958432497,0.772896641042106,0.9133060324664735,0.7799766562169644,1.743070936045885
20250729,0.3149582225861811,0.2963709007988292,1.249376741729316,0.1290189600362326,0.5379802658674536,0.2627657331609937
20250730,0.22847077273178887,1.4421423195355887,0.4256271506004096,-0.9014156877573793,-0.296634440225611,1.2039035858783815
20250731,-0.7015876809485367,-0.7861281038850563,-0.12576306626298542,-0.28790729680951277,-1.2882020771555827,-1.8526560296276522
20250801,2.0218516849588584,1.1730813656039496,0.6435608619901955,0.6758946893631239,0.6373621700163865,1.060186642458226
20250804,-0.6817776641215764,0.22805020624415404,0.8139197890576417,-2.5487992565493927,1.2606590153895556,0.40761095219918175
20250805,0.8454553959999149,0.04189595395180262,-0.07690898138015143,0.1745869504690642,0.5823517549307534,1.189154152996551
20250806,0.7127755341865458,1.0183143508190766,0.28689296081585286,0.12224925600870236,-0.02105779404947803,-0.06064349800266598
20250807,0.9409231337646793,0.39388759622295666,0.19699445317463735,-0.16752805317783503,0.4839728401912556,-0.501887660501548
20250808,-0.9750797883171178,0.501923928923635,0.25857534279563194,1.0672088605106334,-0.09616649809308159,0.2500831019715235
20250811,1.425765337081006,0.73805035277923,1.551366725671383,1.2683984988338697,0.5436412323592329,1.8653689819166148
20250812,0.024966923251730038,0.3351299314076656,1.6115277747254582,2.736022224746033,1.0506723251141603,1.3160253998089135
20250813,0.5564845755092613,0.8032950942454052,1.2126706738377098,1.5591221523232957,0.42218600258449485,-0.18992296112675403
20250814,0.13409388214368406,1.7284133761661349,0.48792124068244846,0.9968792044730281,0.26278322381756797,0.21928972157263635
20250815,-0.4023511853027647,-0.37696551579697635,-0.06410643129749857,-0.3392857056473363,-0.7891167386043899,-0.8138195202653742
20250819,0.8185212633014789,1.7971641955209172,2.4906848476543733,-1.2295644391288616,1.5332755799866453,1.2725613013691028
20250820,0.6116129379206432,1.6102565251046,2.0377164709638564,0.6526001904145242,1.2664075081998474,1.9100625895792522
20250821,1.21414262924436,1.6927321073003745,2.2287186586238295,-0.9293061774532165,0.13483925949116066,-0.18273914638788497
20250822,0.16192490616887367,1.376284112258927,2.930366807213076,-0.5184478807927627,0.48292198403251757,0.7445992776805289
20250825,1.4966702396095777,1.3727632779580297,2.828636606102407,0.4319240245644339,1.5570622108153536,2.2158160836070477
20250826,0.37708725686842903,0.05297210949350536,1.0974513747132475,-0.21043971689661692,-0.387246788541173,-0.7437339173913903
20250827,1.0903591258359762,1.8572860669265236,2.924362926562805,1.4911012671879758,-0.5172329237722799,0.27728468686725755
20250828,1.2670142578973111,1.600718835092268,2.2798247887564598,-0.30962254379933746,0.8759078015073795,1.093352074946576
20250829,-1.7328970042201224,-1.3980656188968499,-1.306078151912938,-1.3232321604840696,-1.4035274171336811,-2.3657667551081585
20250901,-1.756785060696699,-1.524686165479314,-0.06627684309660271,-1.049128513571471,-0.9939891362906168,-1.1154922736374873
20250902,3.1895994562562633,2.587395695542562,3.001063767650613,0.33705308449882626,1.6154748935763286,3.2693822901950367
20250903,0.503637331998394,0.9046338275764991,1.249339439484431,0.7705565235867925,0.8412213539103529,0.32182637571326955
20250904,0.04318552039750802,-0.1261381882386994,0.19550084270119175,-0.22281171337574612,-0.3825244647957378,-0.30802252351329457
20250908,-0.4868327118935887,0.3177754324879562,-0.7809372378877595,-1.0257282891384514,-1.2194172418829925,-1.1692209546534242
20250909,1.1978681689479147,-0.6716314513267981,0.07781582201603615,-2.680683427134607,-0.2857906824637087,-0.7405295595382033
20250910,1.0661787658823538,3.8356546537331644,1.9418331374360527,1.2949987150962765,-0.5274423923369013,-0.17926801114105417
20250911,2.737361399238521,2.434751522146152,1.0285606714679352,0.28171656791390215,0.6105219204836587,0.6220787781968504
20250912,2.8324110461669108,1.589156009076637,1.8474022291945014,1.371437768488072,1.3888511225022673,0.8483364112077696
20250915,0.9155587034355505,1.8544193100180153,2.8058767615602,1.3369982275954673,0.5389934896964453,0.5610926572164782
20250916,0.8822233362583828,0.48176615660957356,1.6273412498136617,0.6893577865817628,-0.3651936463588257,0.7266770544425607
20250917,0.8798437156596599,-0.22790217616556896,0.21465353676929605,1.0587486431086128,0.2807140164786929,0.8277899717897799
20250918,1.4967118269406705,-0.3264078743541375,0.5149472675805001,0.49898754998504175,-0.6859566555268938,-1.116077207764759
20250919,0.7679469845814395,0.623555336938807,1.2089634746263889,0.5183740969748287,0.6590776476276473,-0.7683183735897045
20250922,0.8100812092607848,0.7236844000250412,2.8147894011901218,-0.5166438806786374,0.8389794245661858,1.3076724605733403
20250923,1.1107639790349666,1.1290305982023467,2.3260102185703806,0.8784178097654085,2.2292985801234693,0.9719624004242625
20250924,-0.888413700899628,-1.2294411345019665,0.28656514419292467,-0.006807143432397883,0.3874580579509464,-0.21893810137026504
20250925,1.2746506281511127,-0.7827881613500058,-1.6137298878427064,-1.2489745122759865,-0.15627382695881686,0.8344575898015816
20250926,1.8971658585703648,-0.4829192573163175,-0.4054308891501812,0.7658338973751357,1.3561968972674932,-0.1810664238591123
20250929,0.548590730205635,0.7956604099683959,-0.34559888289152496,0.5788727570526626,1.0056286865775386,0.2371013797814258
20250930,1.344923994923943,0.5122131954187304,-0.01607236782550196,-0.7245112179726597,-0.6901581337679993,-0.7472090612977124
20251001,0.6883301855646932,0.6872110738046889,-0.15621157840643474,-0.41884906088570695,0.7896697465408344,0.665865144051486
20251002,1.5403727894977801,1.3519125221753918,-0.44984652384468465,0.47379431597824007,-0.058839163177136077,-0.29025230544230285
20251003,3.3948512617427,1.3535667410213392,-1.1297681724142756,1.1209508785778035,0.8714489764038137,-0.12232043092458501
20251006,2.838584500539343,1.6478077794867727,0.3931436876734467,1.1532332024514,0.07399847193562917,-0.07876191599385889
20251007,0.24951024242160608,4.478261573880121,0.15094874972603162,0.6158041474450457,0.4711259437769912,-1.5649149551544044
20251008,-0.7019030306995424,1.9733586722577083,1.0928547131661215,-0.07782273341295014,1.4623108827821756,-0.23664680543394429
20251009,0.11313942161778935,0.7338002161693181,1.9900260537607208,0.5815364268486718,1.6756948253099997,0.20075209691612345
20251010,-0.017047109697087705,0.0466235492846866,0.688105808257143,0.5287345354555435,0.49975062480641375,0.2830183262947013
20251013,-2.028685247731259,0.20924615803945235,-0.7199376654009868,-0.3108747480557598,0.46866621966376276,-0.9343610606550026
20251014,-1.496783213507515,-3.6333970020926865,-2.505821895099008,-1.8075051926265677,-2.237932437729785,-1.1486712788058593
20251015,-3.592704866941047,-1.508498323649358,-2.0445641540726696,-0.5111127998974171,-1.0481641681909963,-1.1561117145716266
20251016,2.2854334511677985,1.892393957118943,0.40960200376010497,1.2024842373517404,-0.3221065042590772,1.2579788121892466
20251017,-4.084853298101609,-3.7129153194991145,-3.9372190592853027,-3.090625107270481,-2.800805387841309,-2.8311964367602247
20251020,1.6002505778353466,1.4855447709977911,0.39629529116842904,1.4196719186294402,1.4068238445308645,2.3687459655798406
20251021,2.6137700666585872,0.5097126576220298,-0.04563392684318809,1.4545870258665157,0.5188734179106447,0.9498404311097448
20251022,0.5357180456179329,0.8757579657824776,0.9241022957890926,-1.1597086580700484,0.3904858657030919,-0.32815878641691243
20251023,2.1106218846847997,1.2268051691982937,1.6849669070687985,1.0396047924123595,2.2526710096263347,1.2069543072114777
20251024,-1.7553370123563834,0.6043812357216588,-0.8624064301281934,0.22052405476028883,-0.6429316954635621,-1.1848352816688414
20251027,-1.9485078750747793,-1.901522318172329,-0.8729484743504243,-2.3930528116827565,-1.4828450810408944,0.06638354071243502
20251028,-0.5651649930079415,0.8704274580424939,0.25371347520829857,-0.36509753641006454,0.3556475027109956,0.22210509940203382
20251029,0.7604052852337005,-0.6688318450130528,-1.4649950459015773,0.26973439640840463,1.8262653147205024,0.7166886636720793
20251030,0.922467763024723,0.8475904247508945,0.4470422334816836,-0.0690792050381541,0.3218746668522275,0.11098704096926305
20251031,-0.8912084234228415,0.4596982438861255,-1.5530222172775292,-0.02574320937624312,-0.5541246995232811,0.13872061744272324
20251103,1.1314003269146276,-0.014023164568996565,-0.7773441614623992,1.6667699518866559,0.338184772320745,0.2572384906777179
20251104,-0.49938425800804276,-1.4009116120969107,-0.45237353313052464,-0.14597084740925662,-0.9167012355718839,-0.4829513753622607
20251105,0.5422500832779705,0.4298156971604754,-0.7032801883181775,1.0718711329633974,0.44042189534590664,-0.09683320260164865
20251106,0.5897461552124876,1.7361288483328816,0.3394219598021068,0.3939513709563004,0.4244590888393392,0.476277701888767
20251107,-0.7628120352553669,0.3499309300021959,0.36238323937691747,0.704553067785893,0.6505134812150549,-0.1588308912928711
20251110,1.4330184547115865,0.9931018809055256,2.0989952638718385,-0.12144500233172038,0.7179936582861798,-0.08458918363363321
20251111,0.9919275529901149,-0.3598856334197127,0.18128475854389378,-0.6318410510816777,0.872570666613143,0.045403634433208495
20251112,2.367995478713072,0.8070268445333928,1.2366721594343397,0.06439788862414682,1.1398230648560823,0.31074171050427296
20251113,2.0670648084285643,0.46122230400026176,1.2669990861302918,-0.15893738561939774,0.9340392611425293,-0.3184913067564879
20251114,2.8949505583468675,-0.7152286072984131,-1.499230278221358,-0.024471967758617236,0.5000463313910094,-0.6547098792545493
20251117,0.3759640937531253,0.9396206109961626,0.6119030503823548,0.361795453116878,0.26569565139176493,0.39765983233073415
20251118,-2.1489506272481678,-0.43127766157216496,0.7609323674441552,-0.48944857029493727,-1.2263980064006474,-0.770830372394362
20251119,-1.4008746670855305,0.8344869738738889,0.035406089455215145,0.40204239417060494,0.7188522718079263,0.17811947083067728
20251120,0.8943334304030066,1.0720886147657966,0.2049180433847643,0.09199431230854455,0.5050067577889265,0.2196311403550273
20251121,0.251792348544661,0.5578524676798104,0.9286195635931465,0.20219709758500293,-0.10272193347271334,0.06859907163986785
20251124,1.924376420971143,1.1332896894828655,0.9643755148997339,2.054769704009432,0.9702500458772982,0.7770525288744851
20251125,-0.5953922269250838,1.7431041915160432,0.20554975284987997,-0.8436952505267875,0.15289827366351,0.08689131842821651
20251126,1.4701082944577293,0.7955101585618314,-0.2847731774027899,0.6885264986546668,1.0572117421795357,1.218245239061343
20251127,-0.3012592998817346,0.3990238624573593,1.2908244323018065,-0.20264168386608042,-0.8666804667152129,-0.48926420839438606
20251128,0.25316371109604,1.6938772168996359,0.240614806621223,-0.4511929441397079,-0.11630072814179176,0.8880443011188066
20251201,1.3071255500855619,1.9327512116099348,1.7830303565959347,-0.028517970210120383,0.2985496506888586,0.7213197761865009
20251202,0.1576568636554561,2.4861016899315627,1.095309395422367,0.9323347839969994,1.3311866259262621,0.033350890270037244
20251203,1.1411724430247374,1.7258558382340603,2.9751526959124663,0.009369609697442716,0.3491702336707892,0.5377654018964044
20251204,0.03814357039291807,2.303602259184186,4.148938208888962,-0.08929691451130292,1.1094112575995494,0.4692870508052182
20251205,1.8573508820888922,1.0167817576617437,1.3137306916086906,-0.34187282879885394,0.9422936281247527,0.07315769157558236
20251208,1.126040532406913,1.885969815406637,1.4781377142386838,0.35318085007129446,1.9261350417864653,1.53544455260268
20251209,0.24831284067700246,1.1005237398137477,0.7744434163676193,-0.9225663576123416,0.3879687979742417,-1.9056785100175648
20251210,0.24583648296845872,1.7588287109107104,1.2670343268640627,0.05102789816902051,2.9779525070303388,-0.779223777457194
20251211,1.1327414362368453,-1.1625774751958975,-0.013393061846666963,-0.703660971613078,-2.3258131149607064,-1.2052267299544026
20251212,-0.08895812537350999,-0.708377750307744,-0.50573143917817,0.5157368188162148,-0.07597330651938274,0.9853136560572554
20251215,0.33975681458036444,-0.09130305563485076,1.0583909321610667,-0.6273519511613216,-0.9135513104194205,0.019032337269771434
20251216,0.5746711545837089,1.6763416138142708,0.81716894286527,0.8237134016794725,0.6685637546063705,0.4837530427704733
20251217,1.1615685374254072,1.7488401161241622,1.7086100451387742,-0.502519302294508,0.8592907710688165,0.7520376308849672
20251218,-1.2310526008815574,-0.5207240094893081,0.8472802676539637,-1.0757278100054652,-0.5796199247970779,-1.170417166702375
20251219,-1.6280239563029517,-2.716637230656748,-1.879621954873068,0.056960799656499576,-0.4261381790509604,-0.641786063915323
20251222,-2.247743980175233,-1.2893038043792664,-1.5258958098223832,0.06345954973548076,0.48771168163132106,-0.5563037122335815
20251223,-0.6401845420830454,-0.09168165012128236,0.14098186537049973,-0.7576079003332903,-0.41027101084558265,0.07135577590115083
20251224,-1.0467522984824256,-1.1011632121277566,-1.0082474710381633,-0.6971421162288036,0.06525202272215704,0.1982887742270819
20251229,2.352157669361301,3.528236152735806,1.9891509620866041,1.185032898155629,1.804994760649318,2.165383295382045
20251230,-0.5094723071165584,0.8058742372718161,1.577439965269535,0.06933276145627006,0.8486197263388799,1.246965134488854
20260102,2.4476646480526894,3.338260007082864,3.516112965768894,0.9705283805705777,1.547715119784813,1.490285264830997
20260105,2.198275876822625,3.211283680964688,3.2539908454257813,0.7752393576911512,1.4351202449248948,1.8714087645564057
20260106,2.0667058947071903,1.5672594043347803,1.916941979312711,0.8138287964031503,1.3315797869514419,1.6815572196592767
20260107,0.34334472436817426,0.9409447190120594,0.9530470071588575,-0.05157202438330203,0.5714649097321323,1.6251729199470624
20260108,0.8691167815491637,0.24913997269540594,0.6998455261362245,-0.38342163998509204,0.647780392780824,-0.3277649721720377
20260109,2.56203997942961,2.1778351222433137,2.1091840135493833,-0.14772377067127776,-0.3589364431078656,1.479797371551819
20260112,-0.5475402980376183,-1.779316879104961,2.098148803323356,-1.4581841162263642,-0.4392529252075576,1.2137652804014432
20260113,-0.265249086303294,-0.662697441768526,0.9108059246665069,0.9570543926243532,0.32866116389678324,1.1367086165585862
20260114,3.5105401583410347,4.7003887234760136,2.4091580253598277,0.7709928225856065,1.691834746935651,0.05209300053049593
20260115,0.7438101068020946,2.3429112355947392,1.131102688293059,0.6684210628272107,0.15664749188559213,-0.48849200430022344
20260119,1.1923466966748455,2.1727531921930607,1.2201085292965077,0.6039152080616722,0.9195281976442985,1.379471393623246
20260120,1.3617373699131932,1.1567200673014202,0.18241174426887027,-0.6256173608692511,0.6382309262398957,0.03817878992791072
20260121,0.13449504411855268,-0.8389485820288904,-0.7082174271710255,-1.0244161058639951,-1.4694087353847463,-0.944092883647253
20260122,0.29337777096814344,-0.9866424230135504,-1.7855152663213307,-0.16382295120573961,0.1336993799145131,2.4825288961155128
20260123,-4.5164903496109154,-2.4440664396719547,-3.006829552800341,-1.0645241652743105,0.751074605747988,-0.6724652841955893
20260126,-3.197707586459501,-1.6545609437069428,-2.656282938882735,0.778376635960558,-0.0685387434311735,-0.570953232084267
20260127,1.2248939119190443,0.16998438577504982,0.6269843456070827,0.6034768670738014,-1.074643755386719,0.09931493233499679
20260128,-8.672732287798796,-8.485091368942742,-7.39226012267473,-7.964163793202568,-6.683471011429535,-7.239966952624998
20260129,-2.0631374462196,-1.8273193463423463,-3.258596468940986,-0.6664062908816726,-2.055309471690732,-2.679655798474903
20260130,1.5254638057221392,0.13579388453012645,2.4461238538407533,0.9982790706312772,0.31530037019276125,2.038030925717908
20260202,-8.088610077848617,-8.258101069061135,-7.410558018313887,-4.928700025148862,-5.420569543676876,-5.804002871330019
20260203,5.754377631570122,3.6047668257059047,5.023721584351497,2.580270487260235,2.6521191379678,3.984227369833758
20260204,-3.637653056895003,-2.0547346214540707,-1.5750450169583263,0.8304507879546927,-0.7504530551269688,0.4946342501626797
20260205,-2.6712285292209996,-0.7986140424529192,-0.021152035921944604,-0.2719189938169379,-1.0980227906245799,0.8132880003163518
20260206,-4.476014814926808,-3.54933348563222,-4.532395107535915,-1.8014497626618113,-2.3369622650246025,-2.1472734882813276
20260209,2.928154228647973,2.1709547893267125,0.9700407214206881,1.1612519798182883,1.48774822195716,1.1586680260856672
20260210,2.327455592743389,2.7260138527710653,3.2762538269738197,0.8525183274460798,2.4949086317690123,1.89982851916182
20260211,4.6401934316838505,4.117550236604567,3.258033732170324,2.085589956744451,2.2618227494501246,2.044305876793876
20260212,-0.3849740190647627,-0.5212413260960804,0.5338642100360523,-0.936075075342635,0.4738040477760034,1.5960743396019443
20260213,0.07861446753053537,0.6819468751027185,1.428805036957135,-1.0601339935561644,-0.20375964995485935,0.9433643980665871
20260218,3.478250710651361,3.124452588349912,3.7778004983341553,0.6855331676146872,2.0827605038499764,1.3961240206768755
20260219,0.423754522612048,0.6229075082932041,-0.6403731912017215,-0.7561530879743793,-0.1197292039044312,0.3348068055659205
20260220,-0.698516486045484,-0.17548162894197158,-0.5329401181721914,-0.13709486494637266,-0.23250853792486206,-0.3407117575534382
20260223,2.241507136487943,3.2445519101267926,2.647371797398088,1.3258767978608723,1.4695485033502202,0.8071325134347649
20260224,-2.1626826012062184,-3.7548151116757396,-0.8971448799215717,-1.5270639066038025,-1.4713840833766942,-1.902443380361191
20260225,1.0739872252401166,-0.8824470740257909,0.25720757070470146,-0.2754228011131083,0.7923563923462924,2.2821724715678853
20260226,-2.3485423843701008,-2.654882365288127,-0.6732389697194243,-0.8831682386635431,-1.8442684377613074,-0.028846886105554928
20260227,0.914133925178675,0.2329798173436362,-1.1940164954829202,0.24593854761781686,0.23989879485626603,1.294717956400996
20260302,-4.544787921333647,-7.170642947391846,-6.120180112107327,-3.3361736938068836,-2.265589028484708,0.012472258995934835
20260303,0.690605336284127,1.098145843782593,-0.013119743817176531,-1.538289205255742,-0.23224026237497908,-1.1698896085541184
20260304,-3.606086854547231,-5.6050255462347405,-5.496315566424866,-4.652790875475919,-4.008046846537633,-5.218770109275877
20260305,1.9437436326698385,3.608689616522503,3.7736114007580235,1.1633980372465729,2.154134490076695,1.752953371177209
20260306,-0.899866829704882,-2.2626447281802204,-3.172708325951408,0.1016677226656499,-2.094861861481647,-3.499644492335189
20260309,-5.298756646348516,-6.183206891456434,-5.128304497403665,-3.3644702580303587,-3.0630913467582976,-4.361843673489236
20260310,1.2378222504930414,1.4798651889557661,1.9651132802434974,0.5935301711861898,2.280285315284236,3.1946452322810006
20260311,2.2750738232266943,0.25880768706048257,-0.6528527312981584,-0.6873281208806815,-1.4196158079206351,-2.1921814631767407
20260312,-4.0400310350807835,-2.0293051942129723,-2.1558775860846646,-0.44436956220249735,-0.3461293124054118,-1.4580622323730288
20260313,-2.409358934950947,-1.8481302725884052,-2.0585577386085188,-3.526552662090744,-3.1446264942673823,-1.4780347116122863
20260316,-2.0095580643367823,-1.4692888523450158,-0.5780221440134639,-2.8816948944417087,-0.6348561866820304,-1.3228078463326287
20260317,0.6399763345566477,1.7540295112295312,2.3857250363471345,0.9660641207381634,1.316746362251644,1.427330481369273
20260325,3.3002272576925487,4.295147138400096,2.770069489792533,2.0339938131935034,4.116133380845118,2.0673189870038247
20260326,0.08594963141615188,-0.31508289485463997,-1.1651628596281443,-2.1980909678887364,-1.913159881900269,-0.1513378844601169
20260327,-1.0485663010896837,-0.1271857926334384,-0.5068187516117141,-0.6097427418480638,-0.9800487249204656,0.05137634994618886
20260330,-0.7785514646763538,-0.11186805953435434,-0.23332524381117506,0.08991199257688165,0.7177379069131364,0.2939766469739572
20260331,-0.11162191973765238,-0.789227113602408,-0.947019783536984,-0.7569301822066787,-0.40452215847585965,-0.7034527796603031
20260401,2.4136579655569363,2.5787649078503843,0.33760365614091037,1.8837695330478774,1.4101964511165241,0.9450880812058166
20260402,-1.465761338609812,-1.8027119657403823,-2.3305997196000674,-3.133567372665528,-2.294670671784614,-0.9281479392468739
20260406,-1.0166607838387587,-0.24040767638918198,-1.071098693117479,-1.350750395836005,-0.027843395356039344,-0.12276553863030289
20260407,-0.34040863786583064,0.41059397324040986,-0.28067805483440644,1.0778626673312774,-1.5275660392529467,0.14992970331021926
20260408,4.759189509254959,3.9016053647800586,3.9924690654771458,4.416953386091934,3.884116377967629,2.8178592978849415
20260409,-0.20533097202058503,0.030041354786366364,0.6269741843314055,2.32586726412418,-0.9159723489445094,-0.3432633945818426
20260410,2.9774812938196495,2.668509017185588,1.702789129396447,2.541480643197658,1.6318283263219602,0.7091639806796214
20260413,1.6444380867536592,2.6972664814826075,0.9989653062255547,1.349076934039768,0.0403786389595873,1.6412331626748315
20260414,3.557538482626832,2.865221144144626,3.10779425598804,2.255625467754183,2.6981008480963737,1.9990344605377426
20260415,1.2743071871145484,1.4394137439692776,1.4796621002349175,-1.2260082273999389,0.4257863462294399,0.5227413932606195
20260416,-0.26189326638793026,1.4682389973410688,-0.022081685486881775,-0.1412977498898418,0.2874597848401173,0.4609792493999159
20260417,0.5144866556261156,-0.16411900522086806,0.5432123047284617,0.3846961997414309,0.5704173739511778,-0.5430694863567801
20260420,-0.3216823833847951,-0.4206171018254885,1.8717017526559865,-0.641567725160746,-0.7431323969874934,-0.20935979063784585
20260421,1.4660945017224176,0.38123741493995233,1.7811454225085428,-1.0855079848706035,0.2735140123181132,0.7131548084921512
20260422,2.5344983581390452,0.8339916300455025,4.104883461377292,-1.9111023188027585,1.2568087774766215,1.6060994194208786
20260423,-1.880894958008408,-0.6871695841309693,-1.8102344417711758,-2.7537835921116147,-1.372960353535288,0.3367208546152791
20260424,-1.568525941252588,-4.739002719134098,-4.910647205515627,-3.5608308292386113,-2.4770988536991467,-3.2636045949236725
20260427,0.4575034242088487,1.6804386880483746,1.1636213251783922,-0.3324079981105443,-0.5499813024070668,0.07462283330628325
20260428,-0.4254612360651196,1.6970098917473926,0.9596308432661476,-0.7827774889539846,-0.952709148085448,0.25932777505932464
20260429,1.4245836948683916,0.7687571253640801,1.1168274949120385,0.25740688749644125,0.17475547518353537,0.28962648120044493
20260430,-0.19552100290861257,-2.2726382011953405,-1.4120136695056125,-2.2918146775485115,-1.0820786137343925,-1.6233669542666684
20260504,2.241231190235371,0.5833915903135077,-0.6870126441926074,-0.03906413644785232,0.39405611109916644,0.629768620081932
20260505,-0.9305719824753385,0.5493404458792632,1.663887722242386,2.581088999854923,-0.16417533351180194,-0.44513059554094364
20260506,-0.7844116392326079,0.4924940740228907,0.7973968061356955,0.5579965465835797,1.0983211408656763,0.7934464477553422
20260507,-1.6875357455058007,-0.09400669326283081,0.8460567173590968,0.08119721978478953,2.3990724154651915,-0.3154815587801625
20260508,-3.761608976707065,-2.5045477466646457,-3.6075929340776374,-3.460439824957605,-0.9727103082922369,-2.795996723352311
20260511,-0.5686218855635423,0.24956350228470797,-1.5105810064597927,-1.9084611922225663,2.5800991431510325,-0.4844218483830636
20260512,-0.5006364207874082,-1.719789106182672,-1.6860072965296877,-0.8387853144161347,-2.302484928747332,-0.6787694621807769
20260513,2.4150656050423525,0.29915149186893236,1.003787628649295,-3.3771613513993666,-2.0181245765088356,-0.42507136528015027
20260518,-3.185055818947295,-3.1503722614260687,-0.9890330780559006,-2.1695951143376946,-2.1092168222841456,-3.0122172574063617
20260519,-4.466773105938858,-4.096861139380169,-3.347783942535112,-3.480097138230237,-4.189193412842386,-3.652713631040826
20260520,-3.041463149685694,-1.577787324941136,-1.4507888565406175,-2.3395213126878565,1.6274037729217454,-1.6501200066041606
20260521,-6.618399216570099,-5.5689872184487,-6.216584143143883,-3.251240655625524,-4.136546618373773,-3.449521493935991
20260522,1.823840627663172,1.424009764471377,0.3383574023105977,-0.2474471766527151,2.0115219971587006,2.582079142767606
20260525,1.6262389784195326,2.3887727801126033,2.001166010708583,0.5401644707487954,0.7795886061420731,-0.3128177177451604
20260526,-1.3455609117544955,-1.1711569269519182,-2.2479872431693586,-0.14661015830547272,-1.9909510988352868,-0.7658424970084654
20260529,0.3733024232582949,0.32517047680503053,-1.0426175410392222,1.8550333492411197,-0.23861269256055195,-0.9818622634286589
20260602,1.184547362222277,1.4029185889867937,-0.7568469463706691,2.632205892377021,-0.2713289007795735,0.6179328897777875
20260603,-5.365218380885358,-2.5188173356333006,-5.850063854908938,-3.580172598567878,-4.474466978370916,-4.473027750121932
20260604,-3.3205975026182117,-2.9958161678804966,-3.9506824282479847,-1.6029764534820399,-1.6134770600307695,-2.614624993732598
20260605,-3.721751111659704,-2.6807940862054496,-4.353296148347242,-4.814375656835631,-3.4556857050514673,-4.035858264137309
20260608,-4.120497166274668,-4.604681919051182,-3.9281812065706716,-3.497003114375215,-4.481414813551556,-4.899365776314669
20260609,7.010957627442953,6.004801605895251,6.013301639855501,7.186581596802187,7.389090040830139,7.510398624685396
20260610,2.9258149403572067,2.3773062027873944,2.90422076270912,2.7651750193151217,1.635674478129375,2.7885110585260633
20260611,0.9270214867428569,-0.7430599761068732,-0.43819260482983924,-0.4114145435342627,-0.332011754392264,-0.7795025757259278
20260612,3.021791116080209,2.898982637395444,3.3177056099422635,1.8437501731409351,2.522793028468572,2.5709430083663243
20260615,3.045088381396271,3.1479314516785943,2.679223411344438,3.835496969545752,3.792582398014189,2.343761131867443
20260617,1.3331299123670866,-0.969242703442587,-0.19229059435148516,-1.7198779241424114,0.36713290278153354,0.08104613419802714
20260618,-1.451676848639678,-0.6414698279483034,-0.41975645911549186,-0.18462302950869358,-1.1005757841122314,0.07853661654065429
20260619,-0.02500728614749158,0.13604467450157268,-0.043359991999375375,0.5133399308568433,1.4106123676920321,-0.8595885613221252
20260622,-0.9135078876013262,-1.4267175895453692,-0.6193252051944507,-0.42418384294195993,-0.6347712392929012,-0.16199130324286598
20260623,-1.2616175184494092,-0.22063567923719515,-0.13820810447607448,0.04523610062296081,-0.5202815341937496,-0.7560229230862046
20260624,-3.719662388165193,-2.256847888635409,-3.6988639662298706,-3.1695872032700385,-4.201286055763669,-3.5109044590116114
20260625,2.617486753978164,2.031329390938911,2.265569953925719,1.337540090520433,3.6495311067505782,1.4480059593464247
20260626,-2.716426541235767,-3.7808742383967595,-2.4386291388798047,-1.913847513136453,-1.7946087734626244,-2.0637965478317737
20260629,-0.9328824020068851,-0.5110850830626086,-1.136091828448532,-1.2697791211433123,-1.0404661821218326,0.18437451984232714
20260630,-1.8274336777257796,-3.111038076797064,-2.3513477420321647,-2.772446550528932,-2.740692445777669,-1.64881304666653
20260701,2.6427734088618973,0.7597740899120359,0.14626615582378383,1.9944573281268905,0.307727381906049,-0.4519539463702715
20260702,2.96772779750703,0.35580930734823074,0.28004418968090394,0.3252040612738952,0.8076347398247615,0.7926214498336698
20260703,3.39656564209023,1.0368830695343874,1.254757700155564,2.3422767872846126,2.327926878907311,1.791852126252087
20260706,1.7504497358752413,1.7232145290144922,0.7647223974846286,0.9177248819853006,0.2794432013811984,0.29771126804211967
20260707,0.762946392174683,1.2311620368462572,2.814635032431177,0.862436475570431,1.0627873486124495,1.957323449388117
20260708,0.03789914425304928,-0.7676130437316395,-1.618971244911405,-2.1258473856234246,-1.368601548197266,-2.094380250010344
20260709,-0.38307533075385153,-0.05605678685612646,-0.08240445592743804,0.6818037155409651,0.4753081926465723,0.48207143749697823
20260710,0.3483991049038501,0.5955563200977222,0.46241270212889574,-0.1948549068434979,0.29730574097900353,1.1553300095673964
20260713,0.5903627511199229,0.6034664040144746,0.41312500518717277,1.8005816458564652,1.7559340096837093,0.8360288550279267
20260714,0.18682603814082344,1.5014088945305437,1.2096147380581317,0.0747754048196542,0.28432626761520274,0.8435749378554872
20260715,-0.37533066119395425,0.3277168430598556,0.1414713282406535,0.19918425650396054,0.24724464413463146,0.5921141586127681
20260716,0.2191653140457055,0.7825009220537736,0.5373292763023634,0.8195953334771868,1.1551321767283096,1.4777979442072586
20260717,1.018168279664532,0.3664427978090119,0.6503088224912367,0.31179631995761176,1.850262048523553,0.3133393450867832
20260720,1.1582157279949417,1.2279571679746828,0.560582551602925,0.8662890484607323,0.5135508990471268,1.1525117186075773
20260721,1.6140212683229915,1.1843627570251192,1.1520258207626755,2.6647844398196,0.8813913551541855,0.5146607211529131
20260722,-0.05526958919654186,0.343485191049482,0.45439805541672135,0.5401627493423193,-0.34285628468709733,0.007779463396765335
20260723,1.8748942861344653,-0.03234899732885112,0.282291430365301,-0.040624509080883935,-0.23329210679887993,0.16955687965600513
20260724,-2.005181080565448,-1.918698508512117,-1.5042999030355897,-1.5513906335687662,-2.242608182769906,-1.2695711626301553
20260727,0.7270104637484671,0.5479301776843924,0.15264065079774955,-0.13293751352466818,-0.40239294146938676,0.2011361672094156
20260728,-0.24052678081022028,0.13053398453990162,0.4083897635843606,-1.2108912433543542,-0.6737919640457782,-0.06378090576223891
20260729,-1.0140518134573764,-0.4343435609810194,-1.0976927605936033,-0.7588483599173544,-0.5044372421803716,-0.6328445123440745
20260730,2.0913529903279646,1.483053444471691,1.8615827787958485,0.8424505804556583,1.9498758081398955,1.793983606352387
